iso3,year,ncd_mort
MDG,2005,30.5
SSD,2006,17.9
BEN,2013,19.9
TCD,2004,23.0
CMR,2005,30.8
SDN,2016,22.0
MUS,2016,22.9
NGA,2014,16.5
EGY,2005,29.7
MUS,2017,22.9
GMB,2015,23.0
CPV,2003,19.8
GNQ,2004,22.8
BFA,2011,22.5
MUS,2003,34.2
ZWE,2008,29.7
MWI,2005,26.0
EGY,2000,34.1
MLI,2013,23.4
DZA,2009,16.7
SLE,2008,26.8
SWZ,2009,31.6
STP,2003,21.1
COG,2011,24.7
DZA,2013,14.5
TGO,2007,28.1
GHA,2008,28.0
MLI,2013,25.2
ZWE,2006,29.2
ZWE,2010,35.5
ZWE,2014,33.1
LBR,2018,23.1
ZAF,2012,22.4
MUS,2008,25.7
CAF,2010,32.1
SWZ,2006,41.8
SWZ,2019,42.9
SWZ,2017,43.2
RWA,2002,35.1
MAR,2008,23.5
AGO,2006,25.9
MWI,2006,29.4
ERI,2011,33.2
SLE,2011,26.0
MUS,2002,23.0
GMB,2013,20.7
GAB,2007,25.2
STP,2008,21.0
MAR,2001,23.8
ZMB,2015,20.4
GNB,2015,24.7
TZA,2010,17.5
SEN,2009,24.3
CAF,2008,38.0
STP,2013,19.1
MLI,2011,22.9
MWI,2011,22.6
GIN,2001,24.3
GHA,2007,25.4
CAF,2012,32.0
SEN,2005,23.3
MDG,2001,28.2
GAB,2017,26.6
SWZ,2013,37.6
DJI,2008,20.4
ERI,2005,35.2
MRT,2006,21.2
TGO,2005,28.2
TGO,2005,24.6
CIV,2007,21.5
NER,2008,19.8
TUN,2012,19.3
SEN,2010,22.2
RWA,2010,21.2
BWA,2017,25.2
AGO,2016,25.7
UGA,2006,22.1
CIV,2006,21.0
BFA,2007,25.2
SLE,2010,26.8
LSO,2009,28.2
KEN,2019,19.8
AGO,2005,27.8
CIV,2011,21.8
BWA,2004,28.2
CAF,2019,38.3
MLI,2004,27.6
LBR,2008,22.1
MDG,2020,27.0
SYC,2009,15.7
GNB,2020,30.9
ZAF,2006,21.9
UGA,2013,26.7
GNB,2005,29.4
SOM,2010,34.3
SWZ,2013,33.3
GAB,2012,21.9
KEN,2007,17.5
MUS,2006,21.3
ZMB,2001,22.9
MOZ,2002,15.5
TUN,2016,18.9
GNB,2009,25.5
MUS,2021,21.7
LSO,2009,29.2
GNB,2009,31.8
SLE,2020,23.3
CPV,2021,23.1
NAM,2012,26.6
DJI,2007,21.8
TZA,2006,16.3
GAB,2010,27.2
ZWE,2002,28.1
TCD,2005,25.4
UGA,2021,18.6
MLI,2018,24.6
GNQ,2007,20.6
SOM,2019,26.6
BWA,2014,22.6
SDN,2018,21.9
ETH,2003,22.4
ETH,2015,17.2
DJI,2021,20.6
ERI,2007,34.3
TCD,2008,25.5
COD,2018,25.1
COD,2000,26.8
DZA,2006,15.2
ZMB,2018,25.9
STP,2012,20.9
NAM,2016,27.4
SWZ,2016,42.6
MLI,2016,23.4
BWA,2002,22.6
DZA,2014,13.2
NGA,2008,18.6
BEN,2007,19.7
KEN,2018,18.9
DJI,2003,22.4
STP,2010,19.9
MUS,2000,29.2
SOM,2000,37.3
ZAF,2006,29.2
ZWE,2014,33.3
TCD,2002,23.0
SSD,2021,22.4
SLE,2002,25.7
NAM,2011,27.2
COM,2004,23.2
STP,2004,21.3
SOM,2007,35.1
TUN,2018,18.9
KEN,2002,15.6
STP,2014,18.7
CMR,2013,24.4
KEN,2021,18.0
MOZ,2013,28.7
TZA,2016,17.6
CAF,2008,25.8
MWI,2001,26.2
SWZ,2001,36.4
MRT,2002,20.0
MWI,2017,28.5
CIV,2000,26.5
KEN,2008,18.1
MWI,2007,26.2
MRT,2008,15.3
SYC,2004,24.7
LSO,2010,34.5
MAR,2011,22.5
DZA,2017,15.3
AGO,2004,27.2
MAR,2004,23.6
BEN,2004,22.2
NAM,2007,23.4
MLI,2000,21.9
SLE,2016,24.0
BFA,2007,28.2
NER,2012,20.8
COG,2002,32.0
SDN,2002,26.0
MWI,2008,23.9
KEN,2012,19.3
LSO,2003,22.0
TUN,2008,16.6
TGO,2011,27.9
LBY,2020,20.7
COG,2021,21.2
NER,2013,20.8
LBY,2002,22.5
MAR,2017,23.5
GHA,2006,25.2
CMR,2010,24.0
MWI,2012,26.7
GMB,2004,27.4
ETH,2007,20.2
MWI,2021,27.4
GIN,2011,26.3
GMB,2016,21.0
SLE,2007,26.5
TCD,2017,22.5
MRT,2007,18.7
CAF,2007,38.5
STP,2017,20.5
GNQ,2013,19.4
DJI,2010,20.3
MWI,2012,22.5
LSO,2016,38.0
SEN,2012,23.6
COG,2011,25.9
MDG,2018,25.8
GHA,2020,19.5
COD,2016,25.1
SEN,2010,23.8
ZMB,2020,20.7
CAF,2006,33.8
ZAF,2001,21.2
STP,2014,20.7
SWZ,2002,37.9
BFA,2015,28.8
LSO,2021,33.8
BDI,2011,24.3
SDN,2021,20.1
TCD,2015,24.4
DJI,2001,20.7
LBR,2007,22.1
MUS,2018,17.4
LBR,2003,23.2
MWI,2020,26.1
SLE,2005,27.2
GNQ,2000,25.3
GMB,2012,25.5
TGO,2004,28.2
DJI,2000,21.6
SOM,2009,31.4
NER,2012,20.4
MAR,2008,23.2
SWZ,2016,35.2
SLE,2015,23.8
MAR,2017,22.6
MAR,2000,23.4
LBR,2012,23.7
DZA,2004,18.6
UGA,2018,18.3
ZWE,2012,33.0
STP,2014,19.7
CIV,2021,22.7
COM,2007,22.1
COD,2006,27.4
AGO,2000,27.8
GMB,2021,21.2
MUS,2013,28.6
TZA,2004,18.6
SEN,2005,22.4
COG,2016,22.7
MWI,2015,24.6
GAB,2003,21.3
CIV,2002,26.2
SSD,2016,16.0
ZWE,2018,33.6
ETH,2014,16.8
ETH,2005,21.3
SWZ,2002,31.1
MUS,2002,34.8
CPV,2005,20.3
BFA,2002,29.0
TUN,2006,13.3
GNQ,2015,19.7
TZA,2021,18.8
TZA,2014,17.2
TGO,2014,30.7
ERI,2017,25.3
GHA,2020,22.8
CPV,2001,16.4
MDG,2015,27.7
BDI,2017,25.6
CAF,2017,32.7
MRT,2001,20.4
GAB,2020,16.1
MWI,2001,26.8
ERI,2017,27.8
MDG,2003,31.0
MRT,2012,20.6
MRT,2009,20.8
MUS,2014,23.2
COG,2008,27.9
GHA,2016,27.6
MRT,2016,18.1
CMR,2001,24.5
SSD,2015,21.4
STP,2015,18.9
BWA,2015,21.2
GAB,2002,21.3
MOZ,2004,14.8
NAM,2002,26.2
NGA,2001,22.9
COM,2009,21.4
GNB,2015,29.8
BWA,2009,25.5
TUN,2021,13.0
RWA,2020,22.9
MRT,2021,20.9
DZA,2021,13.3
SOM,2021,27.1
UGA,2016,25.2
ZMB,2016,23.1
CIV,2004,21.2
GMB,2006,21.1
TGO,2006,28.2
MWI,2002,26.7
UGA,2001,25.9
RWA,2001,32.1
LBR,2000,23.1
SSD,2008,14.7
SOM,2006,35.4
BFA,2014,29.0
COG,2004,31.2
SDN,2007,24.0
SEN,2005,24.3
TGO,2012,31.3
SWZ,2011,30.2
MWI,2008,26.0
BDI,2006,27.6
COG,2015,24.2
MAR,2019,23.5
BDI,2009,24.9
SLE,2005,25.8
EGY,2004,30.0
GIN,2004,25.1
ERI,2003,26.3
BWA,2019,19.5
LBR,2019,22.0
MWI,2016,27.8
ZAF,2015,22.2
TZA,2015,16.7
DJI,2002,23.4
AGO,2003,29.3
KEN,2008,17.9
BFA,2001,26.0
GIN,2020,24.2
SDN,2004,24.1
LSO,2003,25.6
SEN,2007,22.8
BDI,2017,22.8
SOM,2002,29.0
TZA,2017,16.9
COM,2011,21.4
KEN,2015,18.3
RWA,2003,29.1
COG,2017,22.2
BWA,2019,17.4
STP,2009,20.5
SOM,2015,30.0
NGA,2020,19.0
SWZ,2005,34.1
CIV,2015,24.1
MUS,2013,18.2
ZWE,2016,33.6
CAF,2016,39.2
SDN,2018,22.8
KEN,2011,18.9
KEN,2010,19.1
SLE,2016,25.3
COG,2007,28.6
NGA,2005,19.4
NER,2013,20.4
NAM,2018,27.9
GNB,2006,29.2
MOZ,2002,27.2
MWI,2000,27.2
ETH,2009,19.3
TZA,2016,18.6
GHA,2018,19.9
DJI,2016,20.2
DZA,2015,13.1
BEN,2006,22.0
BDI,2007,26.1
TGO,2021,27.9
AGO,2019,24.6
COD,2012,25.5
MAR,2013,22.1
GIN,2015,26.4
STP,2021,20.0
NGA,2003,22.1
SLE,2017,24.0
LSO,2004,21.3
EGY,2013,28.4
BDI,2019,23.9
CIV,2008,25.5
BFA,2002,23.4
NAM,2016,23.4
GNB,2001,26.9
COD,2019,24.7
TGO,2006,32.0
LBR,2005,20.5
ZWE,2005,28.7
SWZ,2008,36.7
MOZ,2006,22.7
KEN,2017,18.7
COD,2003,27.0
RWA,2005,23.2
RWA,2012,20.8
DZA,2020,12.5
EGY,2018,22.2
ETH,2011,18.3
KEN,2012,17.1
COG,2011,27.0
COD,2004,28.4
TUN,2013,12.1
GNQ,2006,20.9
SSD,2021,19.7
CIV,2010,27.4
ZAF,2003,19.8
TUN,2011,19.6
NAM,2005,30.5
SEN,2001,23.3
MOZ,2009,20.8
SWZ,2020,35.1
CIV,2019,25.6
LSO,2007,32.4
MLI,2006,24.5
RWA,2003,27.1
ZAF,2018,22.6
AGO,2011,27.2
STP,2008,20.5
MLI,2001,25.5
ZWE,2021,30.1
GNB,2017,26.4
SWZ,2019,35.1
GMB,2002,24.3
BWA,2013,23.3
STP,2020,19.1
LBY,2010,19.0
GNQ,2003,23.1
ZWE,2007,28.5
ERI,2016,25.3
MDG,2009,27.9
MDG,2010,28.9
ETH,2016,17.0
TUN,2014,19.1
GHA,2011,25.4
EGY,2006,29.9
GIN,2001,24.7
COG,2009,26.7
GHA,2007,23.6
STP,2021,19.5
TUN,2003,17.8
NAM,2018,23.1
CIV,2011,25.1
GIN,2011,27.2
LBY,2007,20.6
SLE,2003,25.9
SWZ,2004,40.9
CMR,2002,30.3
UGA,2005,27.4
CAF,2003,27.5
KEN,2008,17.9
DJI,2003,21.5
MRT,2009,18.3
CMR,2006,27.3
BFA,2019,27.1
COM,2005,22.7
MOZ,2011,22.3
SYC,2004,31.8
MAR,2002,23.6
LBY,2006,19.4
COG,2018,22.7
MLI,2010,24.9
EGY,2018,33.5
MDG,2008,28.0
SWZ,2010,35.5
GIN,2007,25.8
LSO,2019,36.9
TGO,2014,27.2
GNB,2000,27.8
MOZ,2013,37.2
MRT,2000,23.2
DZA,2003,15.8
BDI,2010,25.5
GNB,2001,37.8
SSD,2013,19.2
LBY,2004,19.4
SLE,2011,26.4
GIN,2009,25.4
EGY,2003,36.4
BDI,2009,25.6
ERI,2016,31.1
NAM,2004,21.8
MUS,2004,28.4
MUS,2009,30.6
CIV,2017,26.1
MRT,2016,16.0
KEN,2005,16.9
BDI,2002,31.4
TGO,2013,31.1
COM,2010,21.4
ZMB,2020,28.3
CIV,2012,28.5
MAR,2007,23.5
EGY,2019,27.4
ERI,2011,26.1
MAR,2020,24.2
ZMB,2005,20.1
MOZ,2011,36.2
ZWE,2002,23.1
DZA,2009,14.4
MOZ,2005,15.0
KEN,2005,16.6
MWI,2006,26.9
ZAF,2014,27.8
GAB,2019,21.5
AGO,2018,26.6
AGO,2008,26.0
BWA,2001,14.1
NAM,2006,29.5
CPV,2017,17.6
SEN,2009,23.5
TCD,2008,23.4
MOZ,2000,27.2
GHA,2008,25.5
TCD,2008,27.7
GIN,2007,26.2
SSD,2009,17.6
TCD,2014,24.6
BEN,2019,18.9
GMB,2012,20.9
BEN,2017,21.9
SEN,2021,21.4
MRT,2018,18.3
RWA,2000,34.7
NER,2020,20.1
TUN,2003,13.9
LBY,2003,19.4
UGA,2013,18.9
TZA,2015,18.4
LSO,2004,32.4
ZMB,2002,22.5
BDI,2004,29.6
BWA,2008,29.5
COG,2006,25.9
MRT,2009,15.4
TUN,2017,11.8
SOM,2004,28.8
MAR,2005,23.8
SEN,2003,25.1
BDI,2016,24.1
EGY,2019,33.0
EGY,2014,34.6
BWA,2010,25.2
SYC,2000,24.4
NGA,2011,18.1
BWA,2000,13.8
UGA,2009,28.4
GIN,2017,25.6
LSO,2006,32.5
GNQ,2001,24.1
ERI,2012,25.9
ZWE,2006,28.4
NER,2004,20.5
LBY,2009,19.5
SOM,2003,28.8
LBY,2013,18.7
CAF,2000,30.9
BEN,2019,21.3
SEN,2002,23.0
ZWE,2013,33.0
COG,2006,28.8
SOM,2008,28.1
GAB,2021,20.4
TGO,2020,26.4
COG,2005,28.1
RWA,2001,34.7
ZMB,2000,28.5
NAM,2020,23.6
TUN,2009,20.1
MWI,2000,27.3
GHA,2013,28.3
EGY,2012,29.7
SOM,2016,29.8
SLE,2017,25.3
NAM,2012,22.1
GAB,2002,22.8
GAB,2019,17.1
NAM,2010,20.3
CMR,2016,26.3
SWZ,2010,39.2
SSD,2014,19.9
COD,2011,25.7
MAR,2018,21.9
DZA,2010,14.1
CMR,2006,24.2
DJI,2016,23.4
MDG,2016,26.9
SLE,2019,24.9
SEN,2000,26.1
ZWE,2001,26.8
GMB,2011,23.0
CPV,2006,13.0
KEN,2001,16.2
BWA,2018,20.9
ERI,2020,30.9
GAB,2001,24.4
BFA,2017,22.2
COD,2010,24.9
TGO,2002,25.2
SYC,2007,17.1
NGA,2019,18.1
TCD,2006,23.0
MWI,2015,22.4
MDG,2021,25.9
SEN,2016,22.8
COM,2005,22.9
LBY,2008,20.7
ZAF,2016,21.7
LBY,2021,21.4
CAF,2002,41.1
SDN,2018,23.6
SYC,2004,17.7
CPV,2005,16.2
NER,2021,21.6
MAR,2009,23.3
ZAF,2014,22.0
NGA,2006,20.9
ZMB,2021,23.6
NAM,2011,18.7
TUN,2016,11.8
KEN,2003,16.2
EGY,2006,35.9
CIV,2008,22.3
SDN,2003,25.5
COM,2016,21.1
GIN,2002,24.8
EGY,2017,21.9
BEN,2020,19.0
SOM,2002,32.6
STP,2002,21.3
COG,2012,26.7
NAM,2005,21.0
LSO,2000,23.6
CPV,2007,14.7
MDG,2017,25.9
MLI,2002,21.7
BFA,2007,22.7
ETH,2010,18.9
COG,2014,25.4
MLI,2017,23.1
EGY,2016,28.9
SYC,2015,21.6
NAM,2008,28.3
SOM,2021,28.1
SYC,2005,24.2
SLE,2002,26.9
GIN,2008,25.9
BFA,2003,25.6
GNQ,2019,20.4
TGO,2012,27.7
SOM,2020,32.2
CPV,2012,12.3
LBR,2011,24.1
LSO,2018,41.0
ZAF,2002,22.5
SDN,2003,26.3
ZMB,2019,20.4
NAM,2002,22.6
ETH,2017,17.2
MDG,2006,30.2
GAB,2021,18.1
BDI,2000,34.7
TUN,2005,13.6
BEN,2018,24.3
UGA,2001,34.4
STP,2007,21.6
RWA,2000,37.6
GIN,2005,25.1
ERI,2008,30.2
KEN,2000,16.1
CMR,2014,30.0
SDN,2005,25.4
CIV,2007,17.9
NER,2007,20.2
ERI,2002,37.3
MDG,2011,27.7
SEN,2017,23.2
MRT,2017,16.2
TGO,2016,30.2
BDI,2021,24.8
COG,2014,24.4
KEN,2015,19.1
ETH,2012,17.8
COD,2012,24.3
CPV,2018,12.3
GHA,2003,26.5
MDG,2012,26.3
CMR,2021,23.4
SYC,2002,17.6
RWA,2016,18.9
LBR,2009,21.5
MDG,2009,26.8
MLI,2017,24.8
TUN,2004,13.8
ZWE,2008,30.4
MWI,2019,23.5
GHA,2013,21.4
SEN,2011,23.6
ETH,2009,19.3
COG,2002,32.3
COD,2003,28.7
GAB,2019,25.7
MWI,2000,27.4
MDG,2013,27.0
MWI,2007,28.9
BFA,2010,25.3
TGO,2019,29.4
MRT,2006,15.7
SLE,2006,26.9
LSO,2001,18.2
MRT,2008,18.3
LBY,2009,21.5
TZA,2018,18.1
ZAF,2015,24.6
LBY,2006,20.7
SSD,2002,15.3
MDG,2008,29.2
GNQ,2006,21.4
SWZ,2015,34.5
CMR,2012,27.0
SSD,2017,19.6
BDI,2020,26.0
BEN,2011,22.5
NGA,2004,21.7
MDG,2013,27.9
GIN,2013,25.9
CIV,2012,21.6
DJI,2003,23.4
DZA,2008,15.9
AGO,2014,23.1
SEN,2018,22.9
MAR,2007,23.6
TGO,2015,30.4
ZWE,2004,27.7
SSD,2003,18.3
MUS,2004,22.8
UGA,2006,26.2
CAF,2020,32.7
BWA,2012,28.6
ZAF,2000,17.7
AGO,2010,24.8
UGA,2000,29.2
MWI,2021,22.8
TGO,2007,24.4
MLI,2015,26.9
MAR,2000,24.0
UGA,2005,23.3
GNQ,2009,20.2
SYC,2017,21.6
NGA,2008,20.1
NGA,2012,19.1
SYC,2018,26.5
TUN,2002,22.2
SOM,2007,28.0
GNB,2003,27.1
COM,2011,21.2
BDI,2003,30.2
ZWE,2010,31.7
SWZ,2015,41.2
LBY,2021,18.2
SOM,2009,35.2
CMR,2002,27.2
ERI,2002,32.1
BFA,2001,23.5
GNQ,2019,22.1
GNQ,2005,21.9
AGO,2009,25.6
NAM,2000,25.7
CPV,2020,17.4
BEN,2009,24.9
AGO,2020,22.4
AGO,2009,28.0
BFA,2012,25.5
AGO,2007,24.6
CMR,2005,27.5
BDI,2010,24.6
KEN,2002,16.7
CIV,2017,23.6
MOZ,2015,29.6
COM,2017,20.8
MAR,2003,23.6
LBR,2014,21.0
ERI,2009,30.3
LBR,2017,23.6
BEN,2013,25.2
SSD,2013,17.4
NER,2015,21.3
NGA,2017,16.1
AGO,2012,26.9
GIN,2012,26.2
MRT,2004,19.6
AGO,2018,24.0
GNB,2012,24.5
MLI,2006,21.6
MUS,2015,28.8
TUN,2013,19.2
ZWE,2008,30.0
COM,2018,20.5
SOM,2019,32.2
LSO,2002,28.9
ZWE,2013,33.2
ETH,2003,23.6
SWZ,2000,34.8
KEN,2015,17.6
ZMB,2011,20.5
NAM,2015,27.4
TCD,2013,23.1
GNQ,2011,19.4
SYC,2010,21.5
TCD,2015,22.9
MAR,2017,21.8
GIN,2004,25.2
COM,2001,25.5
TUN,2005,21.1
GIN,2006,25.3
NER,2001,21.0
ZWE,2017,33.4
MWI,2017,25.8
TUN,2002,18.2
ETH,2001,24.4
CMR,2000,26.2
CAF,2021,26.9
NAM,2020,28.7
SWZ,2007,41.8
LBY,2018,23.2
ETH,2013,17.1
ERI,2007,30.0
BDI,2008,25.0
GIN,2005,24.9
DZA,2011,14.0
COD,2004,25.6
STP,2004,21.0
TUN,2011,12.4
NER,2009,19.4
KEN,2009,18.1
TUN,2013,15.7
LBR,2003,22.1
DZA,2005,18.2
GMB,2015,25.3
SSD,2000,19.8
CMR,2007,30.8
COD,2007,27.5
ZMB,2000,23.8
BDI,2016,22.9
MOZ,2007,25.5
TUN,2000,22.6
MOZ,2014,38.3
SWZ,2015,29.0
LBR,2006,20.8
MUS,2018,23.0
SDN,2000,26.7
BFA,2008,22.7
CAF,2019,27.3
BFA,2006,28.3
TUN,2018,15.3
UGA,2005,32.2
GHA,2012,25.0
MUS,2004,34.1
EGY,2011,35.0
MLI,2019,25.8
BFA,2011,25.4
COD,2013,25.3
GNB,2001,32.1
GAB,2021,15.8
LBY,2016,19.3
SEN,2006,22.8
LBR,2011,25.1
CMR,2009,24.0
NER,2009,19.7
CAF,2009,33.3
ZAF,2007,28.5
LBY,2017,19.6
GAB,2016,27.2
COD,2002,25.0
RWA,2018,20.4
GAB,2013,18.1
EGY,2013,22.7
BFA,2008,25.2
CIV,2020,23.8
SEN,2019,21.8
MAR,2006,23.7
AGO,2014,20.6
LSO,2008,28.9
BFA,2004,25.4
TZA,2014,16.5
GAB,2006,24.1
RWA,2015,19.0
CPV,2019,12.1
ZWE,2018,33.8
TCD,2000,22.5
DZA,2006,17.9
ZMB,2013,20.2
MLI,2003,25.0
ZAF,2007,22.3
TCD,2019,22.5
BWA,2016,25.7
NAM,2014,19.8
BWA,2020,18.1
GIN,2011,25.6
CPV,2013,12.2
GMB,2010,25.3
SYC,2021,17.8
MAR,2003,23.8
GIN,2014,26.6
CPV,2014,14.5
TUN,2000,14.6
DZA,2020,12.7
DJI,2001,22.4
TUN,2006,17.1
ERI,2021,25.6
TZA,2003,20.9
TCD,2009,25.5
LBR,2017,21.0
BEN,2005,22.1
SLE,2004,27.1
TCD,2003,28.8
BFA,2019,21.6
COD,2005,25.4
SWZ,2019,28.4
MDG,2019,27.2
GNQ,2003,25.2
ERI,2004,30.7
BEN,2012,25.5
TUN,2003,21.6
SSD,2004,18.3
BEN,2011,25.3
MUS,2012,24.0
NER,2021,18.7
SDN,2019,23.1
ZMB,2017,20.4
ZAF,2012,24.7
CAF,2017,38.8
ZMB,2005,23.6
SOM,2007,31.4
CIV,2006,17.4
SOM,2001,29.4
BDI,2002,31.9
SYC,2006,30.9
SYC,2009,28.5
GHA,2010,22.8
RWA,2000,41.3
SWZ,2006,37.4
DZA,2008,17.1
COG,2019,23.0
GAB,2015,23.5
MOZ,2010,27.9
SOM,2013,27.4
SWZ,2001,29.0
SOM,2012,27.1
BDI,2017,24.1
GMB,2006,23.6
STP,2005,20.8
CMR,2001,27.1
GHA,2008,23.3
MWI,2017,23.4
ZAF,2021,24.7
ZWE,2009,30.7
BDI,2015,24.1
BEN,2006,19.6
GAB,2001,26.5
MWI,2010,22.9
ZAF,2019,24.6
COD,2008,27.6
LSO,2012,31.4
GMB,2003,21.6
DZA,2004,17.1
COM,2007,22.0
CPV,2015,14.6
CAF,2016,33.2
GAB,2006,20.6
GAB,2008,22.5
MAR,2013,23.2
GHA,2000,25.3
LBY,2011,21.8
COM,2015,21.5
NGA,2015,18.5
MUS,2009,19.4
COM,2020,21.0
RWA,2008,20.7
MAR,2010,23.1
ZMB,2021,21.6
LBR,2016,22.5
GIN,2016,25.5
STP,2018,20.5
MOZ,2003,27.2
MLI,2014,26.9
RWA,2014,19.1
SSD,2017,16.6
SLE,2019,23.7
LBY,2001,19.4
ETH,2021,17.2
SSD,2009,15.2
ERI,2005,30.6
STP,2016,19.2
CIV,2020,26.1
NGA,2007,20.5
NAM,2004,25.9
MRT,2014,20.2
STP,2000,21.2
LSO,2012,33.4
DZA,2000,19.6
AGO,2008,24.1
LSO,2020,37.5
LBY,2010,20.9
ZWE,2004,29.6
SEN,2004,22.8
SEN,2006,21.9
GNQ,2021,20.9
GIN,2000,23.8
COG,2017,21.7
BWA,2017,19.3
SSD,2014,18.0
LSO,2010,38.0
LBY,2019,22.7
GHA,2019,26.3
GIN,2020,24.7
NGA,2018,16.1
BEN,2003,25.5
GMB,2018,22.9
SSD,2008,20.7
SYC,2020,23.7
MAR,2011,23.2
GNQ,2021,19.9
STP,2002,21.8
GHA,2021,22.2
STP,2019,20.6
MAR,2015,23.4
BDI,2016,25.6
SEN,2007,22.0
TUN,2012,12.2
MLI,2016,25.1
COM,2001,25.3
SSD,2007,14.9
AGO,2014,25.8
CIV,2019,20.6
MAR,2004,23.4
ZAF,2020,23.1
RWA,2009,20.1
ZMB,2008,26.7
SDN,2011,23.7
CPV,2016,12.7
BEN,2021,19.0
COD,2007,26.4
MUS,2020,22.8
MWI,2014,22.2
BFA,2008,28.3
LSO,2008,31.0
SOM,2004,32.3
KEN,2007,17.9
TCD,2018,24.1
STP,2021,19.0
KEN,2014,19.1
MLI,2008,27.3
DJI,2019,19.9
SWZ,2009,41.3
MOZ,2003,20.9
CAF,2001,35.3
TCD,2002,25.8
SYC,2002,31.2
MDG,2010,26.8
SDN,2006,24.9
SYC,2019,26.7
LBR,2019,23.1
TCD,2004,28.3
BWA,2003,21.5
ZWE,2000,26.0
CMR,2008,24.1
DZA,2002,16.0
TCD,2017,24.0
AGO,2016,23.0
EGY,2010,35.6
CPV,2003,13.6
BFA,2013,29.1
BDI,2020,22.3
MWI,2011,24.3
LBR,2014,22.6
TZA,2005,16.5
ETH,2008,19.9
SSD,2005,21.7
GNB,2018,25.7
COM,2009,21.3
CMR,2014,24.6
STP,2000,20.4
MWI,2009,23.3
ZAF,2020,23.9
ETH,2007,20.5
MWI,2004,27.5
ETH,2008,19.8
MDG,2016,27.7
TUN,2019,15.2
SSD,2010,17.2
UGA,2019,25.6
TZA,2006,20.1
SWZ,2013,30.2
BWA,2021,19.0
MLI,2021,20.4
LBR,2017,22.4
EGY,2008,24.0
DZA,2012,16.0
GIN,2003,25.0
EGY,2006,24.2
MRT,2003,16.7
MOZ,2005,28.2
GMB,2000,26.9
BEN,2021,22.7
ZMB,2004,24.4
CPV,2016,14.7
ZMB,2016,20.6
STP,2017,19.5
COD,2006,25.3
CAF,2012,26.1
TCD,2001,22.7
LBR,2015,22.7
CAF,2014,27.0
MDG,2000,30.4
MAR,2009,23.1
TGO,2007,32.0
MAR,2015,22.7
CIV,2013,28.6
BWA,2019,21.7
MRT,2020,17.1
COG,2021,21.4
SWZ,2005,37.7
SDN,2013,22.4
CMR,2006,30.7
MRT,2005,21.1
GHA,2014,28.0
SWZ,2018,43.2
CAF,2002,36.1
SEN,2004,23.7
SSD,2015,19.0
BFA,2003,23.2
CPV,2008,14.7
MWI,2003,25.8
ZAF,2005,23.3
MDG,2013,26.2
BWA,2018,23.9
AGO,2020,25.3
MRT,2015,18.1
BDI,2015,25.3
DJI,2015,21.5
SYC,2003,24.8
NGA,2015,17.4
STP,2012,20.2
ZAF,2013,24.2
MLI,2007,22.1
MWI,2001,26.5
MLI,2008,22.6
AGO,2007,26.6
SEN,2010,23.0
SSD,2010,14.6
MDG,2007,27.1
NAM,2008,23.1
DJI,2013,21.0
DJI,2012,20.9
SEN,2015,23.5
BEN,2008,22.1
ETH,2006,21.0
KEN,2000,15.6
MLI,2002,28.7
TGO,2010,32.1
BDI,2019,22.5
MRT,2015,20.2
LBY,2002,19.4
MDG,2004,30.9
CMR,2018,25.2
BDI,2000,33.6
LSO,2005,33.6
SEN,2021,21.4
MDG,2017,26.6
ZAF,2009,22.4
NGA,2006,17.6
NER,2014,21.4
ZWE,2000,23.5
LSO,2007,31.2
COG,2020,22.4
LBR,2009,23.0
GHA,2006,23.6
ETH,2019,17.1
STP,2016,20.2
GMB,2002,27.1
KEN,2016,17.6
GMB,2007,23.5
ZMB,2015,25.6
MUS,2010,24.3
CAF,2000,36.2
UGA,2011,27.9
MOZ,2018,29.8
GNQ,2005,22.4
GNB,2006,26.2
STP,2006,21.2
SYC,2018,21.7
COG,2001,34.0
ETH,2002,23.0
GAB,2018,17.2
GIN,2008,25.5
CPV,2019,23.2
NAM,2009,28.7
COM,2003,24.2
MDG,2014,28.1
COD,2005,27.9
LSO,2012,30.3
CMR,2003,24.8
COD,2014,26.7
KEN,2021,18.3
GHA,2002,25.2
SYC,2021,13.3
NER,2017,21.2
ERI,2019,27.3
ETH,2002,23.7
MUS,2007,20.9
TZA,2000,19.6
CPV,2010,14.3
MLI,2015,25.4
MAR,2005,23.6
LSO,2001,22.7
AGO,2006,30.3
SOM,2017,29.7
ZAF,2020,22.0
COD,2017,23.6
GAB,2013,22.0
UGA,2001,29.8
TZA,2014,18.1
GNQ,2003,24.0
BEN,2009,22.2
MUS,2007,26.7
GNB,2014,29.6
CIV,2021,21.3
CIV,2010,24.6
MRT,2002,22.5
SDN,2009,24.7
GMB,2004,24.6
UGA,2017,24.6
TCD,2007,25.3
TGO,2004,31.9
GIN,2005,24.8
NER,2006,20.1
TZA,2013,18.2
GIN,2010,27.4
NGA,2010,18.3
EGY,2015,30.1
MDG,2002,28.7
RWA,2021,21.9
DJI,2006,20.9
LSO,2019,41.2
COM,2009,21.5
SSD,2019,25.7
GAB,2020,22.2
SLE,2008,27.0
MLI,2020,25.8
KEN,2017,18.6
ZAF,2004,23.4
AGO,2015,20.7
SWZ,2008,41.8
ERI,2020,27.9
CPV,2016,16.9
KEN,2010,18.6
KEN,2016,18.8
CIV,2000,21.8
LBY,2018,21.4
LSO,2005,28.9
SDN,2017,22.7
CMR,2019,22.9
GAB,2020,19.2
TZA,2006,18.1
MDG,2006,28.8
AGO,2001,26.9
UGA,2010,23.3
ZMB,2009,22.9
LSO,2011,39.4
SYC,2010,15.5
COG,2004,29.4
GIN,2012,25.6
NER,2021,20.2
MDG,2007,29.5
BDI,2014,25.6
CMR,2009,27.1
GAB,2016,18.3
TZA,2008,17.8
TGO,2021,22.9
RWA,2006,23.9
BDI,2005,28.5
ZMB,2004,28.8
CMR,2003,30.9
MLI,2001,21.7
LBY,2017,21.3
MUS,2001,35.5
GNB,2021,23.3
GIN,2000,24.3
DZA,2015,15.3
SEN,2009,22.7
CAF,2014,33.1
COM,2003,23.5
TCD,2016,22.6
ZAF,2003,28.3
ETH,2012,17.9
UGA,2015,25.5
AGO,2010,22.8
SLE,2017,24.7
ZAF,2007,24.9
MLI,2000,29.3
MWI,2009,26.2
CIV,2016,26.4
MRT,2008,20.8
AGO,2009,23.5
GNB,2009,28.4
ZWE,2015,33.6
LBR,2007,23.4
SEN,2011,22.8
MAR,2016,22.6
ZWE,2019,32.8
GHA,2021,24.9
SDN,2017,23.5
SYC,2000,17.6
BEN,2020,24.8
KEN,2007,17.5
BDI,2007,25.9
TGO,2005,32.0
BWA,2001,23.1
AGO,2000,33.8
CIV,2018,25.8
DZA,2001,17.7
MLI,2009,27.1
NGA,2007,17.4
GHA,2005,25.2
SWZ,2000,30.2
ZAF,2018,20.4
ZMB,2003,29.4
MOZ,2017,24.5
CMR,2011,26.8
COD,2016,23.6
DJI,2008,21.2
SDN,2019,21.7
TGO,2015,27.1
TUN,2009,12.8
BWA,2011,23.3
COM,2012,20.9
GNQ,2014,17.7
NGA,2013,19.0
KEN,2017,18.8
GIN,2008,26.5
ETH,2001,25.1
TZA,2012,18.0
MOZ,2002,21.2
ERI,2015,25.6
GNQ,2002,24.4
SYC,2005,17.1
TGO,2000,28.2
GAB,2016,22.8
EGY,2013,34.3
CPV,2000,19.8
CPV,2021,17.2
EGY,2017,33.3
MWI,2012,24.4
TCD,2012,25.1
CMR,2010,27.0
LSO,2021,40.0
COM,2004,22.8
EGY,2002,24.1
TCD,2001,25.7
NER,2017,20.2
TZA,2002,16.7
ETH,2001,23.6
ZMB,2008,19.9
GNQ,2017,21.1
MOZ,2001,21.2
DJI,2010,21.2
SOM,2011,32.9
LBY,2006,20.1
STP,2010,20.1
SLE,2004,25.4
SWZ,2012,33.5
LBR,2004,21.7
CIV,2003,17.1
STP,2020,20.4
DZA,2015,14.2
CAF,2020,38.9
NGA,2001,19.4
STP,2011,19.8
BDI,2003,30.7
BEN,2001,23.0
CPV,2002,16.3
MAR,2020,22.6
BWA,2009,21.9
COM,2005,22.4
GAB,2000,21.6
LSO,2013,33.3
LBY,2018,19.6
DJI,2020,19.5
AGO,2001,29.7
LBY,2003,23.0
CPV,2012,14.7
GNQ,2009,20.2
ERI,2001,32.5
NER,2002,20.5
MDG,2014,27.2
SDN,2012,22.5
GAB,2011,18.4
BWA,2002,31.7
SSD,2005,15.0
COM,2020,21.8
MAR,2001,24.4
AGO,2020,28.4
COM,2013,20.9
CMR,2004,24.4
COG,2007,27.2
TZA,2007,16.2
CMR,2000,23.9
BEN,2002,26.0
BEN,2000,23.2
TZA,2008,19.6
TZA,2004,16.6
NAM,2014,22.8
CAF,2017,27.0
LSO,2008,29.7
GNB,2017,24.2
RWA,2021,20.0
COD,2007,25.5
NER,2012,20.6
SYC,2015,15.9
GHA,2003,24.4
SDN,2015,22.1
DJI,2010,19.7
TGO,2000,25.2
MLI,2014,25.3
TGO,2018,29.8
AGO,2004,29.0
GMB,2017,23.1
NAM,2003,31.2
GNB,2000,33.0
TUN,2007,16.8
MDG,2005,29.2
SYC,2017,16.2
MRT,2004,16.7
ERI,2006,35.0
LBY,2010,20.0
NER,2018,21.3
CMR,2012,24.1
ZMB,2005,28.0
BWA,2005,12.5
BFA,2016,22.5
SLE,2013,25.6
SEN,2000,24.5
COG,2018,22.4
SLE,2015,24.4
ZMB,2013,22.6
SDN,2020,22.6
CIV,2004,24.9
ZMB,2020,24.1
TCD,2003,23.1
CAF,2003,34.4
ERI,2018,30.5
LBR,2001,22.6
NER,2007,19.8
ERI,2006,26.5
STP,2015,19.8
MOZ,2021,33.5
EGY,2011,29.1
STP,2018,19.5
CIV,2000,16.2
ERI,2015,31.7
GHA,2017,20.1
EGY,2014,28.8
BDI,2018,23.9
TCD,2020,24.5
MLI,2009,22.8
CPV,2002,19.8
UGA,2002,29.5
MLI,2018,26.1
LBY,2015,20.4
BDI,2003,30.4
MAR,2021,22.6
MUS,2005,27.7
NGA,2003,18.5
CMR,2020,23.0
SLE,2001,26.6
TUN,2008,20.3
SWZ,2007,33.4
SLE,2020,24.1
CAF,2005,32.5
AGO,2007,29.1
CPV,2014,12.2
GNB,2017,29.3
MOZ,2001,26.7
TZA,2020,19.7
RWA,2019,18.7
STP,2013,20.5
CIV,2007,24.6
NER,2016,20.3
LBR,2002,24.1
AGO,2021,24.7
ZWE,2016,33.7
BWA,2017,22.1
GAB,2009,23.2
BFA,2015,25.3
NER,2010,20.0
CMR,2018,27.4
ETH,2020,17.3
SYC,2008,16.7
MUS,2015,23.4
CIV,2009,23.4
CMR,2009,30.5
GHA,2005,26.9
LSO,2000,20.1
SDN,2001,26.3
LBY,2015,18.9
SDN,2012,23.4
ERI,2010,30.0
AGO,2004,31.2
CPV,2020,24.1
BWA,2021,17.6
ZWE,2017,33.4
LBY,2004,20.9
GNQ,2002,23.1
ERI,2001,27.5
RWA,2011,23.0
BFA,2014,22.4
BFA,2004,23.0
GHA,2001,24.4
NGA,2011,19.3
LBY,2016,20.9
BDI,2002,31.1
CIV,2018,23.5
MUS,2017,28.1
SYC,2017,26.4
GNB,2014,26.7
CIV,2005,17.0
GNQ,2002,26.1
UGA,2019,18.6
CPV,2013,17.6
CAF,2018,27.2
MWI,2018,28.8
ETH,2004,22.0
ERI,2000,33.8
BFA,2003,28.6
CIV,2009,26.4
MOZ,2013,23.0
SDN,2016,23.5
DJI,2021,19.3
MOZ,2014,24.1
BEN,2012,22.7
TZA,2010,18.7
GAB,2007,20.2
MOZ,2020,28.8
SOM,2011,26.6
SSD,2016,19.0
SSD,2018,24.9
MUS,2019,27.7
BWA,2006,26.7
TZA,2005,20.4
GMB,2005,21.7
GNB,2013,29.5
MDG,2011,26.7
GNB,2021,25.3
ZAF,2008,28.8
TCD,2013,24.8
TGO,2010,24.3
NGA,2010,19.7
CMR,2013,29.9
BEN,2006,24.9
GHA,2013,24.7
MLI,2014,23.6
LBR,2021,22.0
BDI,2014,24.5
SEN,2012,22.3
GIN,2010,26.4
GIN,2019,24.5
UGA,2020,21.7
GMB,2001,21.4
ZMB,2021,26.0
RWA,2018,18.8
MOZ,2018,24.2
DZA,2016,14.1
ZMB,2003,25.2
KEN,2009,18.2
TGO,2019,22.9
CIV,2014,20.8
ZMB,2010,23.1
MOZ,2003,15.0
GHA,2016,23.9
SEN,2014,22.8
BDI,2013,23.8
BDI,2018,22.6
BDI,2020,24.1
SLE,2015,24.9
UGA,2014,22.0
SDN,2004,25.7
UGA,2009,19.6
NAM,2001,22.5
MLI,2012,23.2
ZAF,2001,17.5
TCD,2018,25.7
MLI,2010,26.8
CAF,2006,26.9
ERI,2014,31.9
NAM,2010,28.5
SWZ,2008,32.5
ZMB,2014,25.9
NGA,2019,16.2
MRT,2000,20.8
GNQ,2016,20.7
ERI,2021,29.4
TGO,2008,24.5
MOZ,2001,15.9
SEN,2008,24.4
BFA,2005,22.8
BEN,2004,19.7
ZAF,2019,19.4
LBR,2011,23.0
DZA,2013,13.5
GNB,2016,26.6
COM,2002,24.5
UGA,2013,22.5
ZAF,2000,26.9
NGA,2021,17.7
COG,2001,34.2
BWA,2018,18.2
MWI,2010,25.9
GMB,2001,27.0
GNB,2005,33.0
CAF,2013,26.3
SLE,2012,25.6
TCD,2009,27.6
SOM,2018,26.7
SDN,2002,25.0
SSD,2001,15.9
AGO,2008,28.3
BEN,2005,19.7
MAR,2014,23.2
ZMB,2012,23.2
LBR,2004,24.2
MAR,2006,23.4
TUN,2020,11.2
NER,2001,20.6
MOZ,2014,29.7
GMB,2010,20.5
KEN,2002,15.9
TZA,2001,17.0
MUS,2016,17.5
COD,2018,26.9
MOZ,2008,26.3
DZA,2016,15.3
TZA,2012,16.4
CPV,2004,19.9
STP,2010,19.7
SSD,2011,15.4
TGO,2020,29.9
TGO,2021,25.4
DZA,2011,16.2
COM,2000,26.3
GAB,2008,19.3
COD,2009,26.1
MRT,2007,21.2
ETH,2016,17.2
BDI,2009,25.1
MRT,2005,15.7
UGA,2011,19.1
GAB,2005,26.7
MOZ,2019,37.5
CAF,2004,34.0
TCD,2003,25.8
DJI,2021,22.1
CIV,2012,25.3
MDG,2011,28.8
LBR,2021,23.4
GAB,2018,26.5
DZA,2016,12.9
GHA,2020,26.3
DJI,2005,21.3
LSO,2020,42.8
BFA,2015,22.4
COM,2000,26.3
CMR,2015,26.8
NER,2004,19.8
NAM,2012,18.5
MOZ,2017,39.6
SDN,2010,24.1
GNQ,2012,19.9
ZWE,2002,25.5
STP,2001,20.7
CIV,2013,21.0
NGA,2000,22.7
DJI,2008,22.1
TZA,2019,19.7
SDN,2015,23.6
CAF,2010,26.0
KEN,2004,16.3
BEN,2003,22.4
GIN,2019,24.7
TGO,2009,24.5
AGO,2013,24.2
CIV,2018,20.7
MAR,2010,22.7
CMR,2010,30.3
GNQ,2012,20.1
LBR,2015,21.1
MLI,2001,29.0
MOZ,2012,28.0
GHA,2018,23.2
NAM,2015,23.7
MAR,2016,21.8
MRT,2017,20.1
SWZ,2003,39.9
BWA,2014,24.6
SLE,2004,26.2
UGA,2012,27.2
GMB,2017,21.2
ETH,2017,17.0
MAR,2021,22.0
SWZ,2012,37.4
DJI,2007,20.9
COD,2019,26.6
MRT,2003,22.1
MAR,2014,22.6
MRT,2012,15.9
CPV,2000,16.6
GMB,2003,24.4
MWI,2018,23.6
SSD,2019,18.8
CPV,2006,15.1
DJI,2014,20.3
UGA,2008,24.3
LBY,2004,22.0
NGA,2009,17.2
DJI,2014,23.0
ETH,2011,18.4
SOM,2002,36.5
CAF,2013,38.3
DJI,2018,21.8
ZWE,2019,32.7
MLI,2021,23.0
COD,2015,25.2
LBY,2000,20.9
DJI,2019,23.3
TGO,2003,32.3
DZA,2021,13.8
MLI,2007,27.2
NER,2001,21.4
MOZ,2000,16.8
GMB,2008,26.2
MOZ,2017,30.3
KEN,2011,19.2
MOZ,2010,21.8
LSO,2017,34.5
SYC,2011,21.1
BDI,2006,27.3
GNQ,2014,19.4
SDN,2009,22.6
SDN,2011,24.6
SYC,2005,31.4
KEN,2019,19.1
MRT,2011,20.1
TCD,2006,25.2
NAM,2014,26.8
GHA,2014,21.0
CMR,2002,24.6
RWA,2007,21.3
BFA,2017,24.9
TZA,2013,17.3
TZA,2002,18.9
BFA,2016,28.6
UGA,2007,21.0
MWI,2007,24.1
CPV,2020,11.5
DZA,2013,15.6
MUS,2013,23.4
SDN,2007,23.0
CPV,2009,17.2
BEN,2015,19.8
BWA,2016,20.3
LSO,2014,39.3
GIN,2000,24.1
UGA,2000,33.6
SYC,2016,21.9
DJI,2017,21.9
MRT,2010,20.6
GIN,2018,24.6
GNB,2012,26.9
MRT,2020,18.8
GHA,2021,19.7
COM,2014,21.0
BEN,2008,19.8
EGY,2018,27.8
NAM,2001,25.7
TCD,2004,25.5
DZA,2019,15.1
MUS,2014,18.0
NAM,2010,23.9
COM,2017,21.1
COM,2008,22.2
GHA,2010,28.4
ERI,2004,26.4
MLI,2010,22.9
GIN,2014,25.4
BEN,2016,25.0
NGA,2002,22.5
SYC,2012,15.7
ETH,2000,24.5
LBY,2005,20.0
BWA,2015,25.3
COM,2011,21.3
RWA,2006,22.1
NER,2018,20.7
SOM,2014,33.6
SWZ,2002,34.2
COG,2003,30.7
ZMB,2007,23.0
COM,2012,21.3
COG,2021,21.0
SDN,2014,22.2
MUS,2002,28.9
TZA,2019,17.5
ETH,2019,17.2
DZA,2010,15.2
MOZ,2016,24.5
TGO,2017,23.5
ETH,2006,21.4
CMR,2015,24.4
TZA,2005,18.4
BWA,2004,19.6
GAB,2013,25.9
COM,2018,20.1
NER,2008,19.0
LSO,2002,23.6
CMR,2016,24.0
COD,2003,25.5
BDI,2021,23.5
MAR,2020,21.0
EGY,2003,30.3
LBY,2000,18.9
RWA,2010,23.4
GIN,2019,24.4
SYC,2016,27.0
GNQ,2020,20.2
RWA,2019,22.6
LBR,2012,24.8
ZAF,2016,27.2
SWZ,2011,33.5
BFA,2005,28.2
GMB,2013,25.3
TZA,2000,17.4
CAF,2018,38.9
GHA,2006,27.2
UGA,2011,23.1
NGA,2015,16.4
BWA,2008,19.1
COM,2002,24.9
CIV,2001,22.1
NER,2002,20.9
TCD,2018,22.6
BFA,2020,24.2
ZWE,2005,29.6
CAF,2021,35.5
SLE,2016,24.7
MAR,2002,23.4
SEN,2002,25.4
LBY,2012,20.4
BFA,2021,25.9
SDN,2020,23.0
SEN,2000,23.1
COG,2003,29.6
COD,2014,23.9
SLE,2009,26.9
GNB,2015,26.9
GNB,2007,32.2
SYC,2007,30.0
BEN,2010,25.1
MLI,2005,24.5
SEN,2015,22.3
TUN,2007,13.2
GNB,2010,25.5
GHA,2001,25.1
COM,2018,20.8
COD,2021,26.4
MUS,2018,28.3
DZA,2014,15.3
TUN,2010,16.4
SWZ,2009,36.0
BDI,2011,24.7
DZA,2010,16.3
MAR,2014,22.0
AGO,2005,29.7
MDG,2004,28.8
BEN,2017,24.7
BWA,2005,20.3
LSO,2018,34.1
GMB,2003,27.2
NAM,2016,20.4
GHA,2001,25.9
TZA,2001,21.5
EGY,2011,23.2
LBR,2018,20.7
COM,2004,23.0
MDG,2009,29.0
STP,2004,20.6
GAB,2000,28.0
SEN,2020,22.4
ZAF,2014,24.5
MUS,2006,32.0
DJI,2013,20.0
SSD,2020,26.8
RWA,2016,20.5
GAB,2014,27.9
BEN,2000,26.5
TCD,2011,23.4
CPV,2007,17.3
SOM,2010,30.7
UGA,2003,28.9
GAB,2009,19.4
AGO,2017,20.7
BWA,2009,29.6
ZMB,2015,22.7
TCD,2007,27.7
MWI,2003,27.1
SDN,2005,24.6
DJI,2016,21.7
MUS,2003,22.7
TUN,2016,15.4
GIN,2013,26.6
TUN,2017,18.9
COM,2003,23.8
ETH,2011,18.5
MLI,2006,27.1
ERI,2008,34.3
GIN,2020,24.4
SWZ,2012,30.6
ZWE,2021,32.1
MWI,2010,24.2
TCD,2014,26.4
KEN,2000,15.4
GNQ,2011,21.0
NER,2010,19.6
COD,2002,26.6
MUS,2014,28.4
EGY,2007,35.5
CMR,2021,24.3
COD,2008,25.5
ERI,2008,26.4
COD,2020,27.7
GIN,2004,25.2
RWA,2009,21.6
MOZ,2015,38.1
LBY,2021,19.8
NGA,2005,17.7
SLE,2006,26.3
CMR,2011,23.8
BDI,2013,25.4
GNQ,2005,22.1
LBY,2005,21.8
CIV,2013,25.1
SWZ,2011,37.9
NER,2003,21.0
NAM,2007,19.2
COG,2000,36.5
GNQ,2000,27.9
TZA,2015,17.4
EGY,2016,34.7
UGA,2015,18.5
ZAF,2008,22.9
CIV,2005,21.2
MWI,2019,29.2
SEN,2019,22.4
LBY,2012,19.5
MLI,2012,25.1
BEN,2005,25.0
SLE,2006,25.8
ZMB,2007,19.8
COD,2010,26.0
ERI,2009,34.3
KEN,2014,17.1
KEN,2013,16.6
BFA,2006,25.3
MWI,2013,24.0
SYC,2001,24.2
COG,2008,25.3
ZAF,2011,27.6
MDG,2003,28.8
GIN,2010,25.7
LBR,2016,21.0
SEN,2020,21.4
ZMB,2010,26.7
GNQ,2017,20.2
SEN,2012,22.9
SLE,2001,25.1
MRT,2002,17.1
SSD,2013,15.9
MOZ,2012,36.2
BFA,2009,28.5
GNQ,2010,19.4
CIV,2006,24.0
ERI,2001,38.0
SDN,2008,23.0
GHA,2010,25.4
CMR,2008,30.8
ERI,2012,32.6
CIV,2002,16.6
GHA,2012,28.4
ZAF,2017,20.9
GAB,2006,27.7
NAM,2021,24.6
NGA,2016,17.3
DZA,2008,14.7
ERI,2015,28.4
COM,2007,22.2
DZA,2012,14.8
CPV,2008,12.6
RWA,2012,22.8
MUS,2016,28.2
GAB,2011,22.7
TUN,2015,15.5
LBR,2002,23.2
SYC,2009,22.4
GIN,2003,25.0
TCD,2012,27.0
EGY,2003,24.4
SYC,2003,32.2
ZMB,2010,20.3
RWA,2004,29.7
NAM,2000,29.6
RWA,2007,25.6
STP,2012,19.6
GNB,2000,38.5
BDI,2012,25.3
SOM,2016,33.0
LSO,2013,35.3
NAM,2003,22.4
ZAF,2008,25.3
COG,2019,23.3
SDN,2009,23.7
SLE,2021,23.0
NGA,2018,17.1
RWA,2009,23.8
MLI,2012,26.9
RWA,2006,26.5
MRT,2015,15.8
COG,2004,30.3
BEN,2020,21.8
NAM,2015,20.8
TCD,2002,29.0
SWZ,2014,33.6
COM,2019,20.0
TGO,2012,24.1
ZWE,2000,21.1
COM,2010,21.2
MLI,2015,23.7
GHA,2017,23.6
SYC,2003,17.7
SOM,2020,26.7
GNB,2007,26.1
MWI,2006,24.8
MRT,2021,18.7
NAM,2005,25.3
NER,2005,20.4
DZA,2009,15.6
SOM,2017,26.8
SSD,2004,15.2
MOZ,2016,39.1
TUN,2009,16.5
TZA,2000,22.0
SSD,2015,16.9
GHA,2000,23.8
GHA,2004,26.7
SDN,2008,24.0
GNB,2002,31.0
MWI,2021,24.9
BFA,2017,28.2
UGA,2002,34.2
SDN,2019,22.4
EGY,2016,23.2
GHA,2005,23.7
LSO,2011,32.2
SEN,2008,23.5
STP,2015,20.8
NAM,2011,22.5
LSO,2015,38.0
SLE,2003,27.0
GNB,2002,25.9
TUN,2020,18.9
TCD,2016,25.6
BEN,2003,19.8
KEN,2006,16.9
MDG,2000,29.4
GHA,2004,24.0
UGA,2020,25.8
COM,2006,22.2
GHA,2002,26.2
LBY,2020,23.0
SOM,2006,28.2
LBY,2017,23.1
MRT,2019,16.5
CAF,2010,37.7
SYC,2014,21.0
BDI,2011,25.4
SDN,2013,24.2
CMR,2007,24.2
LBY,2008,21.8
MLI,2021,25.4
SOM,2012,33.6
CPV,2017,14.9
ZMB,2007,27.0
GIN,2009,26.5
KEN,2014,18.1
ERI,2003,35.4
SSD,2021,25.5
NGA,2007,18.9
CAF,2004,39.3
GHA,2012,21.9
GHA,2009,28.5
SEN,2016,22.3
NER,2002,20.1
LBR,2002,22.2
MDG,2010,27.8
GNB,2008,25.7
BWA,2005,28.8
NER,2019,20.6
ZWE,2004,28.6
TZA,2003,16.7
MWI,2013,26.3
DZA,2002,17.4
SYC,2002,24.3
COM,2000,26.3
ZAF,2013,27.6
ZAF,2001,26.4
NER,2019,19.9
NGA,2002,18.9
GMB,2021,21.8
ZAF,2004,19.6
SSD,2012,19.1
RWA,2019,20.4
NER,2011,20.1
AGO,2019,22.2
CMR,2005,24.4
GNQ,2015,19.1
TCD,2010,27.5
AGO,2013,21.7
BEN,2018,19.1
CPV,2017,12.5
EGY,2010,29.9
GAB,2010,18.6
BEN,2016,19.5
SOM,2018,29.4
MRT,2016,20.1
MDG,2019,26.5
BDI,2007,26.5
MDG,2019,25.8
GAB,2014,19.1
SSD,2019,22.0
AGO,2011,22.5
MDG,2020,28.1
COG,2016,22.0
NER,2014,20.9
UGA,2021,21.5
RWA,2011,20.9
SSD,2001,22.8
TCD,2013,26.6
TCD,2006,27.7
CAF,2004,27.4
MDG,2002,30.4
TUN,2014,12.0
ZMB,2014,20.3
UGA,2002,25.5
TZA,2003,18.8
SDN,2003,24.6
BWA,2010,22.9
ETH,2019,17.3
GNB,2005,26.2
SWZ,2017,35.6
NAM,2021,23.1
AGO,2016,20.7
ZAF,2011,24.9
MWI,2011,26.3
ERI,2009,26.6
DJI,2005,22.2
LBR,2008,20.6
BEN,2001,20.4
KEN,2010,18.3
ZWE,2021,31.2
GMB,2006,26.2
SOM,2005,32.0
CIV,2001,17.0
TZA,2012,17.1
EGY,2020,30.6
GNB,2003,30.8
SDN,2008,24.8
ZWE,2018,33.4
CAF,2003,39.9
EGY,2008,35.4
TUN,2001,18.4
TZA,2011,16.4
GAB,2009,27.1
BEN,2002,22.8
BFA,2021,23.4
ZAF,2019,21.6
SDN,2017,21.9
ZMB,2012,26.9
AGO,2002,27.3
TGO,2002,31.7
STP,2020,21.6
GMB,2012,23.1
DZA,2017,12.8
SLE,2020,23.7
LBY,2019,19.2
NAM,2019,22.8
RWA,2008,24.7
TUN,2021,11.3
LSO,2019,33.9
AGO,2011,24.7
NER,2003,20.3
BFA,2020,27.6
COD,2009,27.2
DJI,2006,22.9
DJI,2000,20.7
BDI,2012,24.0
ERI,2019,25.1
GNB,2011,27.4
GNQ,2020,21.1
UGA,2000,25.7
ZWE,2010,33.8
NGA,2017,17.1
SDN,2001,25.3
STP,2018,21.6
ETH,2015,17.4
TZA,2009,16.2
ZWE,2003,26.9
SLE,2013,25.2
SOM,2004,36.1
GMB,2014,21.0
RWA,2002,29.5
LBR,2018,22.0
DJI,2001,21.5
LBR,2008,23.5
GAB,2003,23.1
COD,2008,26.5
MWI,2002,26.0
BDI,2005,28.4
LBR,2016,23.8
DJI,2004,23.9
DZA,2004,15.6
UGA,2017,21.1
BWA,2006,11.8
ZMB,2009,26.6
TUN,2019,11.5
SSD,2006,21.4
DJI,2020,21.5
MUS,2015,17.9
NAM,2006,24.2
EGY,2001,29.5
LSO,2004,26.3
GNB,2006,32.5
COM,2008,22.1
SDN,2013,23.3
DJI,2002,22.3
DJI,2009,20.2
GNQ,2020,22.1
SSD,2011,17.1
COG,2012,24.8
SSD,2014,16.4
BWA,2000,32.4
SWZ,2021,28.1
AGO,2017,25.3
TUN,2000,18.6
ZMB,2018,22.7
TZA,2021,17.7
AGO,2015,23.2
RWA,2010,19.8
LBY,2009,20.6
GIN,2001,24.5
SSD,2005,18.0
EGY,2001,35.4
ERI,2007,26.2
COD,2020,23.4
KEN,2003,16.9
LBR,2009,24.3
DJI,2017,20.4
GIN,2018,25.2
BDI,2001,32.7
ERI,2004,35.3
ZWE,2003,28.7
CPV,2008,17.4
TGO,2014,23.8
GAB,2008,25.9
EGY,2010,24.4
ZAF,2009,28.4
GAB,2017,22.2
TGO,2003,25.0
MDG,2020,26.1
LBY,2012,18.6
MUS,2001,29.0
BWA,2012,23.2
CPV,2006,17.9
GAB,2004,22.6
LSO,2006,29.0
DZA,2005,15.4
LSO,2002,19.0
GIN,2017,25.3
CPV,2007,12.8
ZAF,2010,24.6
ETH,2004,22.5
SDN,2001,27.2
CMR,2020,27.8
MOZ,2020,23.2
GHA,2011,28.6
EGY,2002,35.8
AGO,2005,26.2
SDN,2021,21.2
COM,2001,25.7
SOM,2015,26.9
GNB,2014,24.5
SLE,2010,26.7
EGY,2012,35.6
UGA,2016,21.5
LBY,2007,21.5
LBR,2000,21.9
BDI,2018,25.5
CAF,2001,39.8
SLE,2021,24.7
BWA,2011,25.3
STP,2019,21.6
UGA,2018,21.4
STP,2017,21.5
GAB,2015,19.0
EGY,2005,24.1
EGY,2012,24.0
STP,2011,19.5
TZA,2009,17.8
COD,2000,29.1
ETH,2004,23.0
BFA,2000,26.0
NER,2009,19.9
GNQ,2008,20.4
ZAF,2003,23.3
NGA,2003,20.2
CAF,2007,25.9
MAR,2012,22.3
SSD,2003,15.3
ZMB,2002,28.9
TCD,2021,23.0
AGO,2019,27.3
COD,2015,26.8
SSD,2020,19.0
GNB,2013,24.3
SLE,2009,27.0
CMR,2017,28.0
GNQ,2016,19.1
GNB,2013,26.6
CMR,2011,30.0
TCD,2012,23.3
LBR,2014,24.0
SOM,2019,29.2
ERI,2011,29.5
TZA,2007,18.0
MRT,2013,18.0
TGO,2001,31.6
COM,2021,20.5
NER,2007,20.0
UGA,2010,19.3
CMR,2000,28.9
SOM,2000,33.4
GAB,2001,22.6
GIN,2015,25.8
NER,2010,19.8
DJI,2011,19.9
AGO,2012,24.3
LBR,2020,21.6
DZA,2003,17.4
MAR,2015,21.9
KEN,2001,15.3
COG,2018,22.1
KEN,2006,17.6
ETH,2016,17.1
BEN,2009,19.9
COG,2019,22.7
DZA,2014,14.3
SEN,2011,22.2
STP,2003,20.4
DJI,2017,23.6
ZWE,2011,32.2
MDG,2004,29.8
SYC,2019,21.8
TGO,2009,28.5
GMB,2013,22.9
EGY,2021,30.8
GNQ,2013,18.3
MDG,2008,26.9
MOZ,2004,21.0
UGA,2006,31.0
GNQ,2008,20.1
EGY,2008,29.6
COG,2014,23.3
NER,2006,20.4
MAR,2005,23.5
SLE,2018,24.6
LSO,2016,35.9
SEN,2018,21.7
CAF,2009,39.0
SWZ,2021,37.6
ETH,2000,25.3
NER,2016,21.3
RWA,2008,22.3
COM,2006,22.2
MLI,2018,22.9
SEN,2016,23.4
MRT,2013,15.6
GIN,2006,25.8
MAR,2018,23.5
DZA,2021,12.8
BEN,2010,22.4
BWA,2003,30.5
SDN,2010,22.2
BWA,2016,22.8
TZA,2019,18.4
MDG,2001,29.0
COD,2021,25.1
MWI,2020,23.2
CAF,2012,37.6
UGA,2018,25.1
NER,2005,20.1
KEN,2018,19.4
COG,2020,21.9
MUS,2005,22.0
UGA,2020,18.3
SSD,2012,15.6
RWA,2016,22.5
MDG,2012,28.1
RWA,2020,18.1
NER,2015,20.9
LBY,2014,18.7
LBR,2013,21.6
ZWE,2009,33.1
MLI,2003,28.1
COG,2005,29.4
SEN,2002,24.2
ZAF,2002,18.9
MUS,2020,17.6
RWA,2014,20.6
ZMB,2012,20.3
NER,2020,20.6
MDG,2007,28.3
COM,2020,20.2
ZMB,2006,27.5
SLE,2014,24.6
GAB,2012,17.9
MAR,2012,22.7
SLE,2019,24.3
RWA,2001,38.1
MUS,2021,16.2
GAB,2004,24.3
MUS,2000,35.8
MAR,2019,21.7
DJI,2004,21.8
COG,2006,27.5
RWA,2004,26.9
RWA,2003,32.1
MAR,2006,23.5
COD,2013,26.8
EGY,2015,24.4
GNQ,2015,18.7
EGY,2009,29.9
ZMB,2017,26.1
MAR,2012,23.2
SDN,2002,26.9
ZWE,2015,33.4
COG,2017,21.9
COD,2013,24.1
GHA,2019,19.6
TGO,2008,32.7
STP,2006,20.9
GMB,2020,22.9
LBR,2021,20.3
NAM,2020,19.6
GIN,2013,25.4
DZA,2001,19.2
ZAF,2011,23.0
GIN,2021,24.2
COM,2021,20.2
MDG,2018,27.2
BFA,2004,28.4
SOM,2005,28.5
BFA,2020,21.4
SSD,2002,18.3
BDI,2012,24.6
NGA,2004,18.3
TZA,2013,16.5
MWI,2004,25.7
BWA,2000,22.8
SLE,2018,25.1
NGA,2012,17.0
NAM,2004,31.0
LBR,2006,22.2
CAF,2016,27.4
BEN,2013,22.4
BFA,2001,29.3
ZAF,2021,20.1
ZMB,2004,20.9
CAF,2007,32.8
LSO,2018,36.9
NGA,2014,18.8
ZAF,2017,23.0
KEN,2020,18.8
SEN,2018,22.3
CPV,2004,16.1
COG,2008,26.7
GMB,2005,24.2
NAM,2013,26.5
LSO,2009,30.8
NAM,2017,23.2
GHA,2014,24.4
GMB,2018,25.0
SLE,2021,23.9
ZWE,2009,27.8
SYC,2008,23.4
BEN,2011,20.1
TZA,2010,16.5
LSO,2015,40.9
MUS,2012,29.4
GMB,2020,25.2
LBR,2000,24.2
COM,2008,21.9
GHA,2017,27.3
SWZ,2007,37.2
SDN,2011,22.7
SOM,2016,26.8
SSD,2006,15.0
BFA,2019,24.1
BFA,2012,22.6
ERI,2002,27.2
DZA,2012,13.7
SOM,2012,30.2
LBY,2008,19.5
AGO,2003,27.5
LBR,2004,23.0
SOM,2008,31.6
SOM,2018,32.5
AGO,2002,29.4
LBY,2015,21.9
TGO,2020,23.0
TUN,2010,20.0
CPV,2009,12.5
RWA,2002,31.8
TCD,2020,23.1
SOM,2014,27.2
GNB,2019,23.8
LBR,2010,24.8
MAR,2003,23.4
NER,2003,20.7
NER,2014,20.4
SOM,2005,35.8
BEN,2010,20.0
ETH,2010,18.8
LSO,2001,27.9
TUN,2018,11.7
SSD,2003,22.1
GIN,2002,25.0
SYC,2013,20.9
AGO,2000,30.5
MAR,2021,21.3
MOZ,2000,21.9
NER,2011,20.4
DJI,2007,22.9
ZAF,2016,24.1
COM,2002,24.7
CPV,2004,13.4
MOZ,2016,30.2
TZA,2018,19.2
CPV,2003,16.2
NGA,2000,20.9
EGY,2001,23.8
LBY,2000,20.0
EGY,2007,23.7
BWA,2012,25.6
BWA,2013,25.7
BWA,2021,20.3
DZA,2019,14.0
MAR,2013,22.6
SYC,2013,25.6
UGA,2015,21.7
TUN,2011,16.0
LSO,2007,30.5
STP,2013,19.8
GNQ,2009,20.2
SSD,2018,18.1
BFA,2009,25.3
MLI,2008,25.1
KEN,2012,14.9
BDI,2013,24.5
KEN,2006,17.1
MUS,2008,20.1
MAR,2018,22.7
GMB,2000,21.1
DZA,2007,14.9
MOZ,2012,22.3
GMB,2007,26.1
GHA,2019,22.8
GNQ,2018,22.1
COD,2001,26.9
TGO,2003,28.5
MLI,2003,21.5
ERI,2013,32.4
GNB,2011,24.9
NAM,2007,28.6
MWI,2020,29.6
TUN,2007,20.6
SYC,2014,15.9
DZA,2018,15.1
SLE,2010,27.0
CMR,2017,25.7
ZAF,2009,24.9
DJI,2018,23.5
MRT,2017,18.3
TCD,2010,25.5
ETH,2017,17.1
STP,2001,21.4
MRT,2011,15.2
GMB,2011,25.4
CIV,2016,23.8
SSD,2018,21.2
GHA,2018,26.7
DJI,2013,22.3
GNQ,2000,30.8
ZAF,2013,21.8
ERI,2019,30.1
DZA,2006,16.5
AGO,2021,26.9
TCD,2014,23.0
TGO,2013,24.0
KEN,2020,17.4
SOM,2013,30.5
EGY,2020,21.6
KEN,2018,20.0
SOM,2008,35.3
TUN,2004,21.4
ERI,2013,25.9
GIN,2002,24.9
LSO,2014,36.5
NAM,2013,22.1
SDN,2021,22.4
BFA,2005,25.2
GMB,2008,21.1
BFA,2012,29.2
GNQ,2001,26.1
NAM,2006,19.9
UGA,2012,22.6
GMB,2010,22.8
DJI,2019,21.5
EGY,2019,21.9
GNB,2010,28.1
COM,2014,21.6
MOZ,2009,35.2
DZA,2007,17.5
MUS,2010,18.8
GNB,2019,26.1
KEN,2013,17.9
SWZ,2018,35.7
ERI,2012,29.0
AGO,2015,26.1
CPV,2019,17.3
GNQ,2010,21.1
BWA,2006,18.8
GAB,2015,27.9
CAF,2019,32.5
GIN,2016,25.2
MLI,2004,21.5
GAB,2012,25.9
GNB,2008,28.4
BDI,2006,27.3
GIN,2021,22.9
SSD,2007,21.1
MDG,2003,29.8
SDN,2006,24.2
COD,2005,26.5
ETH,2013,17.3
KEN,2021,17.8
TUN,2001,14.4
LBR,2005,23.4
ZAF,2012,27.9
MAR,2004,23.8
GHA,2015,20.7
TCD,2000,25.6
RWA,2013,20.6
TUN,2020,15.1
NAM,2002,30.8
DJI,2014,21.5
RWA,2017,20.5
SYC,2006,24.1
GHA,2009,23.2
CPV,2018,17.3
UGA,2014,18.7
TGO,2011,24.2
TUN,2006,20.8
EGY,2005,35.6
MLI,2019,24.2
CPV,2012,17.5
CMR,2021,25.3
NGA,2008,17.1
GIN,2018,24.9
COG,2010,27.4
SEN,2014,23.9
MOZ,2009,27.1
CMR,2018,23.1
NGA,2013,16.8
MDG,2016,26.1
BFA,2000,29.3
SYC,2008,29.7
MWI,2016,22.8
EGY,2000,28.2
GMB,2005,26.9
TZA,2001,19.2
ZMB,2014,22.8
GNQ,2013,18.8
GNB,2004,27.1
ZMB,2006,23.2
AGO,2018,21.6
TCD,2021,23.4
RWA,2012,19.3
MRT,2000,17.9
ZMB,2000,25.8
RWA,2004,25.0
GIN,2016,26.1
CAF,2009,26.8
TZA,2002,21.1
NGA,2014,17.6
BEN,2000,20.7
BEN,2007,25.0
MLI,2011,26.7
BWA,2015,23.1
MDG,2021,26.1
BDI,2021,26.2
UGA,2007,25.1
BWA,2008,23.9
SEN,2020,23.4
GIN,2014,25.9
CPV,2021,11.9
SOM,2000,29.7
MUS,2006,26.6
NAM,2019,18.9
BFA,2000,23.4
SDN,2000,27.7
DJI,2020,23.8
GAB,2004,21.1
SOM,2006,31.6
MDG,2015,26.1
COG,2015,23.4
NGA,2004,20.0
MAR,2007,23.7
COD,2011,24.6
CIV,2004,16.8
SDN,2020,22.1
MUS,2021,27.0
LBR,2006,23.6
MUS,2020,27.7
TUN,2005,17.3
BDI,2008,25.3
NAM,2017,19.9
KEN,2001,15.6
SEN,2017,22.1
NER,2020,21.2
ETH,2006,20.7
SLE,2005,26.4
SEN,2007,23.7
MRT,2010,18.1
CAF,2006,39.4
GIN,2021,23.6
GMB,2009,21.0
TZA,2018,17.2
CIV,2002,21.8
SEN,2004,24.7
SEN,2003,23.0
MUS,2003,28.4
MDG,2001,30.0
NER,2011,20.2
MRT,2021,16.1
LBR,2001,21.4
AGO,2003,31.5
COD,2011,27.1
TGO,2017,26.7
UGA,2008,29.1
ZMB,2006,19.9
ETH,2003,23.0
EGY,2007,29.5
DJI,2009,22.0
SOM,2011,29.6
SSD,2011,19.1
DZA,2007,16.2
ZMB,2013,25.7
ERI,2013,28.9
ETH,2012,18.0
SWZ,2014,29.5
AGO,2006,27.9
LSO,2014,34.7
STP,2002,20.8
BEN,2016,22.2
TGO,2016,23.8
ZMB,2001,25.2
CMR,2004,27.4
LSO,2003,30.0
DZA,2011,15.1
MRT,2020,20.4
MLI,2020,22.5
GNQ,2018,21.0
MAR,2002,23.5
TGO,2002,28.3
MUS,2000,22.6
ZMB,2002,25.3
SOM,2015,33.3
BFA,2009,22.7
GHA,2002,24.3
COG,2020,21.4
ZMB,2003,21.9
TCD,2011,25.3
BFA,2018,27.7
ZAF,2015,27.9
GMB,2019,23.0
SYC,2013,15.7
ETH,2005,22.2
ETH,2020,16.9
SEN,2017,22.6
ZWE,2015,33.5
MDG,2018,26.5
SLE,2012,26.4
RWA,2011,19.4
MRT,2010,15.4
STP,2009,21.1
NER,2013,21.2
TZA,2017,18.8
STP,2009,19.9
SLE,2000,22.8
MWI,2015,27.2
GNQ,2011,20.2
TGO,2000,31.4
UGA,2004,24.2
CAF,2005,25.7
GNB,2020,26.8
ZWE,2011,34.7
LBR,2010,23.6
ZMB,2019,26.7
SEN,2014,23.3
GHA,2009,25.7
DZA,2000,18.0
TGO,2018,26.5
SLE,2007,27.3
LBY,2013,19.2
BEN,2017,19.3
GIN,2015,25.3
CIV,2014,27.8
CIV,2015,20.7
MWI,2009,24.6
TCD,2017,25.7
LBR,2015,24.1
CPV,2015,12.6
COG,2005,30.6
SOM,2013,33.9
ZWE,2019,32.6
SEN,2013,22.4
GAB,2000,24.7
GMB,2014,25.6
MLI,2004,24.7
CIV,2005,24.7
STP,2000,22.0
ERI,2000,28.3
GAB,2018,21.9
BFA,2016,25.2
COG,2013,24.1
MAR,2011,22.9
UGA,2014,26.0
MAR,2009,22.9
MOZ,2007,18.9
MUS,2019,17.7
MUS,2011,29.2
EGY,2020,26.0
COD,2001,28.9
LBR,2020,23.1
TUN,2008,13.0
BEN,2007,22.1
ZAF,2002,27.6
DJI,2015,20.1
COD,2006,26.2
GNQ,2019,21.1
CAF,2011,40.9
SYC,2000,31.4
BFA,2013,22.5
GAB,2010,22.9
ZWE,2012,33.7
SOM,2003,32.3
SWZ,2016,28.9
TGO,2011,31.7
CAF,2011,34.9
MUS,2010,29.8
NAM,2017,27.6
GNB,2004,34.9
MWI,2019,26.1
NER,2019,21.3
MOZ,2006,16.2
MWI,2013,22.1
UGA,2017,18.1
CIV,2011,27.9
SWZ,2018,29.1
AGO,2021,22.7
SYC,2019,16.2
MWI,2005,24.7
BWA,2020,21.2
SSD,2001,18.9
MRT,2019,18.4
MRT,2014,15.8
CMR,2020,25.3
CAF,2021,30.8
NER,2008,19.4
SSD,2008,17.4
TGO,2010,28.1
CPV,2002,13.8
MRT,2007,15.7
EGY,2002,29.8
MOZ,2020,37.9
BEN,2021,20.8
SLE,2009,26.9
SLE,2002,24.5
BFA,2014,25.3
DJI,2002,21.5
MLI,2011,24.9
EGY,2015,35.9
UGA,2007,29.9
CPV,2013,14.7
GNQ,2017,19.5
GNQ,2016,19.8
LBR,2003,20.9
CIV,2008,18.4
UGA,2016,18.4
SWZ,2004,33.3
CMR,2013,27.0
MAR,2016,23.4
UGA,2003,24.9
BDI,2019,25.5
SOM,2003,36.2
SEN,2013,23.7
ZWE,2016,33.8
BWA,2007,20.4
GMB,2008,23.6
SDN,2014,23.1
RWA,2017,22.6
SSD,2016,22.4
GNB,2016,29.5
MUS,2019,22.8
CMR,2001,30.0
LBY,2011,20.6
COG,2013,26.2
MRT,2006,18.7
CAF,2011,28.6
MWI,2018,26.0
ERI,2021,27.3
ERI,2017,30.8
TGO,2016,27.0
SWZ,2021,32.3
RWA,2013,19.1
GHA,2007,27.5
UGA,2003,33.7
MWI,2002,25.4
ETH,2018,17.0
CAF,2001,29.9
TCD,2015,26.1
SYC,2014,25.6
GNB,2016,24.5
LSO,2017,36.9
LBY,2001,22.1
NAM,2021,22.1
GMB,2007,21.1
ETH,2014,16.9
ZAF,2000,21.6
SEN,2001,24.5
MAR,2019,22.6
LSO,2017,40.7
LSO,2006,30.4
TUN,2017,15.4
STP,2016,21.3
CIV,2010,21.4
SOM,2001,33.0
NGA,2021,18.5
SDN,2012,24.1
LBR,2010,22.2
BDI,2000,34.1
TCD,2020,26.0
GNB,2021,28.2
GHA,2015,24.2
ZWE,2020,33.6
BDI,2004,29.7
GHA,2011,22.4
CIV,2016,20.8
COM,2015,20.9
NGA,2011,17.0
LBY,2007,19.7
GNQ,2008,20.9
COM,2016,20.8
SYC,2020,16.8
BFA,2010,22.5
MOZ,2004,27.7
SWZ,2000,26.2
TGO,2015,23.9
CMR,2014,27.2
CPV,2000,14.2
STP,2007,21.0
ERI,2016,28.0
RWA,2015,22.7
SYC,2011,26.2
EGY,2004,36.0
DJI,2015,23.1
COD,2002,28.3
NER,2015,20.3
GNB,2004,30.7
COD,2014,25.2
EGY,2004,24.2
GMB,2009,26.1
BWA,2002,14.1
BWA,2013,28.6
ERI,2014,28.5
COM,2013,21.1
TUN,2001,22.4
KEN,2003,15.9
GAB,2011,27.0
NER,2016,20.8
STP,2006,20.6
LBR,2005,22.0
GMB,2014,23.1
COG,2009,27.8
TUN,2004,17.6
ZWE,2007,29.0
DJI,2011,21.7
ZMB,2009,20.1
MUS,2011,18.7
LBY,2005,20.9
BEN,2015,22.5
TGO,2018,23.2
TUN,2002,14.2
NAM,2009,20.7
COG,2009,25.5
GIN,2017,25.0
GNB,2012,29.9
RWA,2021,18.5
ZAF,2005,28.5
SSD,2017,23.1
BWA,2007,26.7
GNB,2008,31.6
CPV,2014,17.1
CPV,2001,19.8
SLE,2003,24.9
SOM,2009,28.0
SDN,2005,23.7
SWZ,2006,33.8
AGO,2001,33.0
NGA,2002,20.7
ZAF,2010,26.2
TUN,2021,14.7
ZWE,2020,32.5
ETH,2018,17.1
ETH,2010,18.8
ZWE,2006,27.7
ZAF,2017,26.0
BDI,2015,23.0
DJI,2009,21.0
SSD,2002,22.2
GNQ,2014,18.5
STP,2011,19.2
LBR,2007,20.6
CAF,2000,40.6
TZA,2020,16.5
GNQ,2006,21.1
MRT,2003,19.6
TZA,2016,16.8
CAF,2002,30.0
GHA,2016,20.5
SLE,2012,26.0
GHA,2015,27.8
MOZ,2006,30.3
ZMB,2011,23.4
LBY,2013,18.2
SLE,2001,23.7
SWZ,2004,36.7
SDN,2015,22.9
CMR,2016,28.7
TZA,2008,16.1
LSO,2011,35.2
CAF,2008,32.5
MRT,2018,16.3
MRT,2004,22.1
GMB,2017,25.3
SOM,2001,36.9
LSO,2005,25.3
LBY,2002,21.2
GMB,2000,24.0
GNB,2019,29.3
SDN,2007,24.9
COD,2020,25.5
RWA,2017,18.8
TCD,2016,24.1
CIV,2021,23.9
NAM,2003,26.3
BEN,2004,25.2
GMB,2009,23.4
NGA,2000,19.2
COD,2016,26.7
ERI,2006,30.5
TZA,2011,17.3
COD,2000,24.8
COD,2019,23.0
MUS,2001,22.4
MDG,2017,27.3
SLE,2013,24.7
GMB,2011,20.7
GMB,2021,22.5
BDI,2005,28.5
GMB,2015,20.9
KEN,2019,18.6
GNQ,2004,23.2
MDG,2021,25.8
CPV,2011,14.4
TCD,2011,27.3
CMR,2019,24.9
ETH,2018,17.3
BWA,2011,27.8
ZMB,2008,22.9
NER,2000,21.1
MAR,2000,24.6
NAM,2000,22.7
LSO,2015,36.2
SYC,2012,26.3
SLE,2018,24.0
DZA,2020,12.8
LBR,2012,22.4
NAM,2008,19.0
MUS,2005,33.4
COD,2010,27.3
NGA,2005,21.1
GIN,2003,25.0
MLI,2017,26.4
ZAF,2018,25.6
UGA,2019,21.8
SDN,2000,25.6
BFA,2018,22.0
MRT,2013,20.3
GNB,2018,23.7
NAM,2018,19.3
MDG,2015,26.8
TCD,2019,25.6
LBR,2013,22.9
TCD,2019,24.0
MUS,2011,23.9
BFA,2010,28.7
NGA,2006,19.2
ETH,2015,17.1
GNQ,2007,19.9
COG,2002,32.1
COG,2010,24.9
MOZ,2008,34.2
SEN,2008,22.7
ZMB,2016,26.4
TUN,2015,11.9
ZWE,2003,25.3
MAR,2008,23.3
CIV,2019,23.3
TGO,2001,25.3
MRT,2012,18.3
COM,2019,20.3
COG,2010,26.2
DJI,2006,21.8
NAM,2009,24.2
LSO,2010,32.1
ZWE,2001,24.3
SYC,2016,16.2
GAB,2002,24.4
MWI,2014,26.5
TCD,2005,28.0
SWZ,2010,44.1
MDG,2012,27.2
KEN,2013,19.1
NER,2000,20.3
KEN,2020,20.4
GHA,2003,25.3
CPV,2011,17.0
SDN,2010,23.2
SWZ,2017,29.1
CMR,2019,27.1
NGA,2019,17.1
ERI,2020,25.4
DZA,2018,14.0
CIV,2017,20.8
LBY,2016,22.5
TCD,2010,23.6
GMB,2020,20.9
ZWE,2005,28.0
NGA,2021,16.9
LBR,2020,22.4
AGO,2012,21.9
ZWE,2007,28.2
EGY,2000,22.5
DZA,2017,14.1
SWZ,2003,35.6
BEN,2014,19.7
TZA,2004,20.6
ETH,2021,16.8
CIV,2020,21.2
SSD,2009,20.5
SLE,2011,26.7
TUN,2014,15.5
MLI,2000,25.8
GIN,2009,25.9
SYC,2012,21.3
KEN,2004,17.4
COM,2016,21.4
SEN,2021,21.3
MRT,2001,17.6
MOZ,2007,33.5
EGY,2014,23.2
NGA,2009,18.6
COD,2017,26.9
ZWE,2011,33.6
GNB,2007,28.9
COG,2001,34.1
RWA,2020,20.2
TZA,2011,18.3
ZWE,2017,33.4
TGO,2017,30.0
MWI,2016,25.1
SEN,2015,22.8
MRT,2019,20.1
LBY,2001,20.9
MLI,2005,27.2
MDG,2006,27.6
ETH,2014,17.0
ERI,2018,27.7
SYC,2011,15.6
RWA,2014,22.7
ZMB,2017,22.9
NAM,2019,27.6
CPV,2009,14.6
NGA,2013,17.9
SLE,2014,24.9
LBR,2019,20.7
TCD,2000,29.0
BWA,2020,24.5
ERI,2010,34.0
RWA,2013,22.7
CPV,2001,14.0
LBY,2014,19.9
BDI,2010,25.0
BEN,2014,22.3
COG,2003,30.1
DZA,2019,12.8
BEN,2012,20.2
TGO,2013,27.5
NGA,2016,16.3
MLI,2019,22.6
CIV,2003,26.3
STP,2001,22.0
GNQ,2012,19.7
COD,2004,26.9
SSD,2004,22.0
MDG,2002,29.5
TUN,2019,18.8
TCD,2001,29.0
COD,2012,26.9
CPV,2018,23.3
GNQ,2021,20.3
ZAF,2010,28.6
COG,2016,22.4
MUS,2007,32.6
GNB,2018,28.4
KEN,2009,18.4
STP,2008,21.6
MLI,2002,25.4
BEN,2019,24.0
DJI,2000,22.5
COG,2015,22.5
BFA,2018,24.5
MWI,2014,24.2
GMB,2016,25.3
EGY,2021,26.0
BWA,2001,32.5
ZMB,2019,23.2
SLE,2000,24.3
COM,2013,20.7
NGA,2016,18.3
BWA,2010,28.0
SWZ,2020,43.1
GHA,2000,24.5
SEN,2001,25.9
TZA,2020,17.9
CIV,2014,24.5
SEN,2019,23.0
ZMB,2018,20.2
SYC,2001,30.9
CIV,2009,19.8
AGO,2017,22.9
NGA,2009,20.0
COM,2012,21.1
ETH,2000,26.1
GMB,2001,24.2
BWA,2014,27.1
EGY,2009,24.3
MLI,2020,24.2
CAF,2014,39.2
COD,2009,25.1
COG,2013,25.2
LSO,2000,27.6
LSO,2020,33.7
UGA,2021,25.0
SOM,2014,30.2
UGA,2012,18.7
SWZ,2005,42.2
SDN,2016,22.8
COG,2000,36.3
MWI,2005,25.3
MOZ,2005,21.3
CAF,2015,33.0
LBR,2013,24.2
BFA,2013,25.4
GIN,2007,25.4
GMB,2004,21.9
AGO,2002,31.9
CPV,2005,13.3
STP,2005,20.4
SSD,2000,16.7
ERI,2014,25.6
MLI,2009,25.1
AGO,2013,27.1
COG,2012,25.8
DJI,2018,20.3
ETH,2005,21.8
DZA,2001,16.2
ZWE,2020,33.0
DJI,2012,22.0
AGO,2010,27.1
RWA,2005,27.8
CPV,2011,12.3
ETH,2008,19.9
NGA,2001,21.1
SOM,2020,29.3
ETH,2009,19.3
COD,2018,23.5
TGO,2006,24.5
CMR,2015,29.4
TUN,2015,19.1
EGY,2017,27.5
BEN,2001,26.2
SSD,2020,22.6
GAB,2003,25.0
TZA,2007,19.8
GNQ,2010,20.2
SYC,2010,27.1
GMB,2019,25.2
GNB,2020,23.9
MUS,2009,25.0
SOM,2021,27.6
MWI,2004,26.5
GAB,2005,24.1
GMB,2019,21.0
MLI,2013,26.8
MWI,2008,24.8
TGO,2008,28.6
CIV,2001,26.5
MUS,2008,31.4
SWZ,2014,38.7
LSO,2021,36.3
COM,2010,21.3
TGO,2019,26.1
COM,2017,20.5
STP,2019,19.5
STP,2005,20.6
GMB,2018,21.0
DJI,2011,20.8
TGO,2004,24.6
ZAF,2021,22.7
ERI,2000,39.8
GHA,2004,25.2
KEN,2004,16.6
BFA,2011,28.9
ZWE,2012,32.0
ERI,2005,26.4
COG,2000,36.7
BEN,2002,20.2
CAF,2013,32.4
BDI,2014,23.6
MDG,2000,28.6
NER,2017,20.7
KEN,2005,17.5
TGO,2009,32.5
SWZ,2020,28.3
LBR,2001,23.6
LSO,2013,32.2
BDI,2008,25.7
TZA,2009,19.4
CMR,2017,23.5
LBY,2019,20.9
COD,2021,23.9
GNQ,2001,28.5
MLI,2016,26.6
SEN,2003,24.0
SYC,2021,15.6
COM,2006,22.3
CMR,2003,27.7
ZWE,2013,33.3
NAM,2013,18.7
SDN,2004,25.0
MRT,2001,22.9
RWA,2007,23.0
BDI,2001,32.1
MUS,2012,18.5
DZA,2018,12.8
TUN,2012,15.7
DJI,2005,23.3
TZA,2017,17.7
BFA,2002,25.9
MOZ,2015,24.2
SYC,2006,17.2
MDG,2014,26.4
NGA,2018,18.1
COG,2007,25.7
ZWE,2014,33.2
SLE,2000,26.0
MOZ,2019,28.7
MLI,2007,24.8
GNB,2011,30.5
NER,2005,20.6
STP,2007,21.3
GIN,2006,25.5
UGA,2010,28.0
EGY,2009,35.7
SWZ,2001,32.4
CIV,2003,22.1
MUS,2017,17.5
GMB,2016,23.0
BDI,2001,33.3
GNB,2010,31.3
DJI,2004,22.7
CAF,2005,38.0
SOM,2017,32.8
LSO,2016,41.2
RWA,2005,25.1
SEN,2006,23.8
MWI,2003,26.4
STP,2003,20.8
SYC,2018,16.2
NGA,2012,18.0
GAB,2017,17.6
MRT,2005,18.7
NAM,2001,29.7
MAR,2010,22.9
DZA,2002,18.9
BFA,2006,22.9
ZAF,2006,24.9
MRT,2011,17.8
BEN,2018,21.6
ZAF,2004,28.6
SOM,2010,27.4
SEN,2013,23.0
ETH,2020,17.8
COD,2001,25.1
SSD,2007,17.7
TUN,2010,12.7
TCD,2021,23.9
SSD,2012,17.2
ZWE,2001,22.0
MRT,2014,18.1
SYC,2015,26.6
NER,2006,19.8
NER,2000,20.8
CMR,2012,30.1
GAB,2014,23.5
GIN,2012,27.0
ETH,2007,20.3
SYC,2020,8.7
SYC,2001,17.6
GAB,2007,22.7
BWA,2007,14.9
ETH,2013,17.2
BWA,2003,13.1
BWA,2004,11.6
MOZ,2019,23.3
GNB,2003,34.9
ZMB,2011,27.1
ZAF,2005,19.6
CAF,2018,32.8
MDG,2005,28.0
GMB,2002,21.5
GNQ,2004,23.8
CMR,2007,27.3
COM,2015,21.2
MOZ,2018,38.9
ZMB,2001,28.2
TCD,2007,23.1
SSD,2010,20.3
KEN,2016,18.2
TGO,2001,28.3
GNQ,2007,20.2
ERI,2018,25.3
MOZ,2008,20.0
CPV,2015,17.0
CMR,2008,27.3
ETH,2021,16.4
RWA,2015,20.6
CMR,2004,30.6
NGA,2017,18.1
MRT,2018,20.1
SYC,2007,23.6
NGA,2020,16.9
SDN,2014,23.9
SLE,2014,24.1
ERI,2010,26.5
MLI,2005,21.5
TZA,2021,20.2
CAF,2020,27.4
UGA,2008,20.2
TCD,2005,23.1
MOZ,2010,36.0
NER,2018,20.1
NGA,2020,17.9
KEN,2011,18.6
BEN,2015,25.4
NER,2004,20.2
LBY,2011,19.4
DJI,2012,19.9
UGA,2004,28.4
SDN,2006,23.3
ETH,2002,24.3
CAF,2015,39.1
DZA,2000,16.4
SLE,2007,26.9
GNB,2002,36.6
COM,2014,21.3
SWZ,2003,32.0
EGY,2021,21.4
MOZ,2021,22.3
MAR,2001,23.3
CAF,2015,27.1
COD,2017,25.2
COD,2015,23.8
SLE,2008,27.2
GAB,2005,21.6
COM,2021,19.9
NGA,2010,17.0
COM,2019,20.7
RWA,2018,22.6
DZA,2005,16.8
LBY,2003,21.4
MOZ,2011,28.1
UGA,2004,33.3
BEN,2014,25.2
LBY,2014,21.1
TCD,2009,23.6
LBY,2020,18.5
DZA,2003,18.9
BEN,2008,24.8
GNQ,2018,20.2
CIV,2015,27.0
BFA,2021,21.3
UGA,2009,23.6
MOZ,2021,26.6
ERI,2003,30.6
CPV,2010,16.7
CPV,2010,12.3
SSD,2000,23.7
BDI,2004,29.9
