iso3,year,hale
BDI,2008,49.71789866
DZA,2005,63.80757065
LBR,2016,53.86378676
SLE,2008,46.45899365
NER,2007,49.53928023
RWA,2004,46.92361702
UGA,2018,57.21662843
NGA,2015,53.60164097
CMR,2020,54.36933648
SOM,2004,43.55530119
GAB,2008,53.08007712
GNQ,2009,52.42838498
ZAF,2016,56.20118628
MAR,2020,62.67671702
DJI,2010,55.201823
MRT,2010,60.01546778
GIN,2009,50.73851372
SLE,2014,48.77614848
LBR,2015,50.60890516
MWI,2003,41.26450927
DJI,2015,55.653725
TCD,2012,48.85443157
SOM,2014,48.30932066
MWI,2013,51.74450259
GNB,2006,46.37357523
MDG,2002,51.98508231
DJI,2011,54.40777463
STP,2003,57.47822029
MUS,2000,60.28753297
STP,2020,62.82577755
TCD,2011,49.32644905
ZWE,2006,41.11315649
DJI,2003,52.48955933
MLI,2020,53.73813765
GIN,2005,49.33000171
MAR,2006,62.22373556
ZAF,2012,53.40247702
ERI,2001,51.53162128
MDG,2013,55.54405972
GMB,2009,53.91098654
UGA,2016,56.25831911
UGA,2003,43.85693533
STP,2000,55.21701139
UGA,2003,44.91112242
SSD,2008,49.66625061
DJI,2012,54.75395891
BWA,2011,50.75329531
ZWE,2008,42.62612336
STP,2016,62.4014128
ETH,2010,55.11563724
TUN,2021,63.57980464
MWI,2010,49.93269813
ZMB,2016,54.17389138
GHA,2004,52.99004598
DJI,2018,57.34659426
BWA,2018,54.6838835
SSD,2009,50.67296009
BEN,2020,55.04986142
ZMB,2020,53.91470698
SEN,2004,53.23993297
GHA,2004,52.44721567
MUS,2007,61.37000576
GMB,2017,56.42560141
BFA,2005,48.15813419
GNQ,2000,46.59602706
MLI,2003,47.56831262
EGY,2002,59.22863958
LSO,2021,46.39589508
AGO,2010,51.48670628
COM,2013,58.5880246
STP,2004,57.85189701
TCD,2001,44.92295702
BFA,2003,47.32109188
TGO,2009,50.4832465
COM,2015,59.1998525
EGY,2012,62.18821725
NAM,2020,57.78161018
MOZ,2007,46.4010635
ZWE,2012,48.28139125
SSD,2010,50.66755713
MOZ,2001,42.99653067
SEN,2014,58.12883791
SYC,2012,62.58285842
TGO,2006,49.65972602
TCD,2004,45.27061628
ZMB,2001,39.30980385
MWI,2008,46.91617348
TZA,2004,48.652152
LSO,2015,41.1112091
SWZ,2000,40.27881561
SYC,2012,64.5238694
ZAF,2007,46.30399158
MAR,2005,60.93500994
DJI,2019,58.34141006
TUN,2013,66.7599144
CPV,2021,63.76590577
ETH,2012,57.45290358
MDG,2017,55.87486068
TZA,2002,47.25329503
LSO,2011,41.12151878
MOZ,2006,44.16115379
COD,2009,48.26278382
RWA,2012,57.12656335
COG,2016,53.89668317
NAM,2006,46.62743384
TGO,2011,51.60273097
TCD,2000,43.90293542
CPV,2009,66.00479329
MRT,2000,54.42266223
MAR,2001,60.89224826
TZA,2009,53.33734228
CAF,2018,45.29513257
MDG,2004,52.62929734
GNB,2014,51.35617047
BEN,2004,50.43123976
DJI,2005,53.50155878
MUS,2013,64.08928273
SLE,2007,46.14213765
GHA,2000,51.45195692
ZMB,2014,53.14711079
BDI,2001,39.78856821
NGA,2008,50.89207514
BDI,2019,55.10198613
GAB,2001,50.05978123
LBY,2002,63.76001386
NER,2001,44.16261629
ZWE,2016,49.85646216
ERI,2012,55.71558321
SSD,2011,50.86418482
TZA,2001,46.5744192
ZAF,2014,53.83648312
COG,2000,45.52696437
MUS,2010,63.76245891
LSO,2007,38.62072621
BDI,2016,56.32649686
MWI,2007,46.1668238
SWZ,2001,40.86530871
MLI,2010,51.59494524
TZA,2011,54.15983087
MUS,2003,60.90810447
MAR,2000,60.33454825
MDG,2018,56.07886515
STP,2004,57.63615645
SSD,2021,51.44885595
TZA,2016,56.89865706
LSO,2014,42.44178604
SDN,2000,54.13362298
LBR,2007,49.49838791
MDG,2009,54.87590343
AGO,2011,49.92558892
MAR,2013,63.52791861
NGA,2020,54.75575363
GAB,2013,56.0553769
NAM,2011,53.2875184
LBY,2007,64.43103384
GMB,2011,54.51964995
NER,2012,51.62439969
SEN,2001,51.1866464
LBY,2013,64.13929633
BWA,2017,54.30861295
TUN,2008,65.57857547
LSO,2004,38.571497
SDN,2012,58.54517139
BEN,2004,51.10997355
NGA,2020,54.34486879
COG,2009,53.27984118
CMR,2002,45.90450069
UGA,2011,51.46218832
NAM,2005,45.36071908
MOZ,2003,45.30626278
DJI,2012,55.29960717
BFA,2017,55.39439117
KEN,2001,47.38390911
GMB,2010,54.33118476
MRT,2005,56.88501545
MLI,2007,50.40025213
ZAF,2006,45.21049814
KEN,2012,54.90716869
SOM,2004,42.26407766
GMB,2021,56.10470021
MDG,2019,56.0947709
MAR,2007,61.19463554
MDG,2016,55.76344538
STP,2014,61.7638458
SSD,2000,45.53019664
BWA,2012,50.86854591
TUN,2019,66.03060443
CAF,2008,41.21052022
ETH,2011,56.64655249
SWZ,2002,39.42293962
SLE,2011,48.52647717
SYC,2007,66.41473306
ETH,2021,58.82731284
GAB,2004,50.95243073
GHA,2017,57.17991839
NAM,2017,56.5395346
BWA,2016,54.53986299
SYC,2000,66.56795437
BDI,2003,40.02136888
COD,2021,54.27110331
BFA,2010,52.21417342
TGO,2001,49.06442075
LSO,2004,37.81749688
UGA,2007,48.08641377
RWA,2004,47.92207173
NER,2007,49.11422101
BDI,2011,53.36276742
SEN,2007,55.52399214
ERI,2003,49.73080107
MDG,2013,55.68453807
NGA,2010,51.85925363
RWA,2019,59.93071841
TGO,2012,53.67232678
BFA,2018,55.79019727
TUN,2010,66.51217064
MAR,2008,62.62607141
SYC,2021,64.26070724
CAF,2009,43.45347268
NAM,2002,46.60063446
COG,2017,54.14871772
MLI,2021,54.00282892
DJI,2000,52.36549948
ERI,2021,53.65988864
SWZ,2016,48.70870089
SDN,2017,59.6245136
ZMB,2019,54.9724876
DZA,2002,63.44575658
NAM,2017,54.57006707
KEN,2001,47.62289425
SOM,2010,45.43007806
ZAF,2021,51.66905251
DJI,2016,57.30780136
LBR,2011,51.70360633
ETH,2002,47.0934069
SSD,2006,47.74684299
TCD,2008,47.33629819
GIN,2004,49.04867915
GIN,2019,53.66520445
MUS,2021,61.82625862
BDI,2015,55.84378186
LBY,2009,64.14764819
TUN,2000,64.35250783
AGO,2004,46.46972133
KEN,2007,51.86735546
MOZ,2018,50.17913701
SLE,2001,44.67863994
RWA,2006,50.50933396
ZWE,2007,41.98536377
SLE,2004,44.84614138
MOZ,2004,43.79214363
SOM,2010,42.31213968
CAF,2019,44.41225011
GNB,2013,49.93657
TGO,2015,53.97696324
COM,2013,58.74385093
ZAF,2005,45.16339037
GMB,2018,56.05016471
ZAF,2008,46.66834195
SYC,2013,66.56601205
NER,2010,50.78073475
TUN,2011,65.85578445
ZMB,2021,51.94977758
GIN,2002,48.29955741
GNB,2003,46.2428511
BEN,2003,50.76970584
RWA,2014,58.87672706
EGY,2007,62.03895178
EGY,2015,61.38030028
BFA,2013,53.71334059
COG,2016,54.50269678
GHA,2007,52.50928177
SLE,2016,51.19129936
EGY,2001,60.23372333
MLI,2013,52.16270599
ZMB,2003,41.38354157
NAM,2021,52.82296302
MLI,2016,53.37194574
GHA,2009,53.13171117
MUS,2013,65.98634986
TGO,2021,56.79332679
TCD,2015,50.80512113
ETH,2014,58.76198628
ERI,2013,55.99483461
AGO,2009,49.59239612
MOZ,2013,46.00393115
EGY,2016,60.93540525
SLE,2020,52.60242139
MOZ,2007,44.52084242
BDI,2015,53.60797536
UGA,2007,49.27544833
LSO,2011,42.83370993
ETH,2000,45.11710443
BDI,2007,49.53491548
BEN,2003,51.47751267
SLE,2007,45.91340886
LSO,2018,46.75353451
ZWE,2009,43.63162431
MRT,2008,59.26220605
MWI,2004,42.21263309
EGY,2018,61.53730826
STP,2005,58.24997451
CIV,2008,48.54655717
MUS,2015,62.56069952
SYC,2010,62.34358419
LSO,2012,42.73575573
COD,2004,45.79684564
CAF,2020,45.98779435
SWZ,2015,45.6058607
SWZ,2016,46.4682297
RWA,2003,46.08046025
CIV,2004,46.88495479
ZWE,2010,45.96465148
BEN,2006,51.04077944
MUS,2004,64.6015888
ERI,2006,53.56398073
CPV,2009,62.5273929
BWA,2012,52.77126169
BFA,2011,52.74164206
GAB,2005,51.76211167
EGY,2004,60.59580932
ZAF,2018,55.9036875
MWI,2004,42.43796574
MRT,2005,58.81179903
SEN,2020,59.63305896
CIV,2011,51.21168393
RWA,2005,48.80808691
ETH,2013,58.15437043
COM,2012,58.17995479
BWA,2004,45.17436917
DZA,2005,64.71252453
BEN,2015,54.57888515
CPV,2003,60.73019306
CPV,2000,64.29385937
MUS,2018,66.05167271
ZAF,2009,46.81966431
CMR,2019,53.56261338
MUS,2005,61.0941432
SWZ,2015,47.70789241
SYC,2008,61.99621861
GIN,2019,53.50947382
CPV,2012,64.80162264
SYC,2001,63.77993591
BFA,2001,45.49888171
GNQ,2020,52.45136279
LBR,2005,48.72920612
AGO,2008,48.8268575
SYC,2010,64.45529829
BWA,2007,48.29148453
RWA,2006,51.27408819
MOZ,2021,48.66619286
NER,2002,45.0181104
TZA,2018,57.97651854
CIV,2006,48.82873712
TGO,2012,52.7995905
ZAF,2008,45.82370958
GIN,2013,51.54996324
MRT,2020,60.55111844
UGA,2001,43.26322986
SWZ,2014,42.8821546
ZMB,2000,38.89197983
STP,2014,61.82841357
MDG,2008,54.63209476
LBY,2017,63.79440542
TGO,2018,54.28612966
EGY,2014,62.62591648
GIN,2008,50.38362378
BEN,2005,52.02870015
LSO,2000,41.81535452
ZWE,2001,40.33425267
SDN,2005,56.19178039
UGA,2021,58.87526641
SWZ,2011,40.58827336
LSO,2006,37.38275235
GAB,2010,53.05100044
SEN,2010,56.99633812
SWZ,2008,38.99908627
DZA,2001,63.02387094
KEN,2018,56.74287272
SSD,2007,48.43504532
ZMB,2012,52.10005357
ETH,2008,53.70843636
ZMB,2006,45.7022111
MLI,2016,52.86428637
ETH,2003,47.90861965
MOZ,2011,46.38167076
MRT,2003,57.89259649
AGO,2017,52.7566497
COM,2019,60.07462574
NER,2003,45.84488704
SYC,2019,66.37261592
ETH,2001,46.1894396
EGY,2017,61.38109959
MLI,2008,50.80510336
GMB,2008,53.78399721
KEN,2018,59.05663995
LBY,2012,63.83117625
ERI,2017,57.13047508
TUN,2006,65.33879774
ERI,2020,55.74637083
GHA,2018,58.76678611
CIV,2001,44.3297093
STP,2010,60.40658034
NAM,2009,50.10750776
MAR,2013,62.31391675
NGA,2019,54.81295678
MOZ,2000,44.48780338
KEN,2018,57.88585027
CAF,2021,43.78474161
UGA,2008,49.0361303
GMB,2011,54.74405694
MUS,2016,64.33615853
SYC,2003,63.6416111
MAR,2011,61.96295588
GNB,2019,50.60263871
SEN,2001,51.54522991
TGO,2001,48.47026504
CIV,2020,56.50795732
SWZ,2006,37.80848656
TGO,2019,56.9120739
LBY,2018,62.84147327
SLE,2011,48.56992073
SDN,2006,56.49514612
LBR,2002,45.22315028
LBR,2009,51.05373864
MRT,2002,57.29760751
COG,2009,52.30076063
BFA,2009,51.61640392
CIV,2021,56.39795644
LBY,2000,63.85468651
MAR,2015,62.59975875
KEN,2021,58.21708276
GIN,2003,48.58476798
SWZ,2011,42.19010392
UGA,2018,59.23385122
GNQ,2021,52.93377672
GNQ,2008,51.28094451
SEN,2015,58.6731595
BWA,2009,48.62032943
TUN,2002,65.62163781
MWI,2005,43.40689059
AGO,2000,42.8471807
LBR,2000,45.10850092
AGO,2001,43.42967742
TGO,2013,53.20262088
NER,2019,52.98737469
MAR,2014,62.45861194
GHA,2007,53.22327296
ETH,2019,60.67213851
GNQ,2006,49.46981537
SSD,2018,50.82844482
GAB,2017,57.29013259
LSO,2003,41.50645842
SOM,2007,42.6849295
TZA,2000,45.91537814
TCD,2008,46.8592843
SDN,2015,59.13617363
COM,2001,54.85525497
ERI,2017,55.13025063
SEN,2005,54.49055308
MAR,2019,63.59750282
GNQ,2020,52.848737
MUS,2018,64.23751358
BEN,2007,51.93825345
CMR,2001,46.09229165
GMB,2006,53.06362912
UGA,2010,53.40583853
NAM,2014,52.24256611
GHA,2020,59.22658515
COD,2001,44.53420052
COG,2003,48.27495629
COM,2003,55.61006964
TGO,2004,49.01258857
COM,2000,54.290566
SYC,2015,64.37795088
COG,2018,55.54757013
KEN,2006,50.27492093
TCD,2019,51.36593593
MUS,2012,65.9525641
GMB,2020,56.06107159
TCD,2006,46.83167058
MUS,2017,64.3064287
COG,2007,49.64327434
ZAF,2007,45.13559818
COG,2014,53.70300796
ZAF,2018,54.24615932
BDI,2007,48.63508313
GNB,2001,44.3461207
SYC,2004,61.16568522
SYC,2005,66.63844687
SDN,2004,55.63715734
ZWE,2009,44.06733904
STP,2005,58.24528466
CAF,2016,46.35956894
BEN,2018,56.47509761
GNB,2012,49.55315062
KEN,2016,58.22523707
CAF,2007,40.48231075
ZAF,2004,45.57532745
ETH,2004,48.82522297
TGO,2007,50.45318157
AGO,2007,49.18331618
CAF,2008,41.8926082
AGO,2013,51.04620506
UGA,2021,55.53354919
AGO,2013,52.32705987
NAM,2014,54.17865672
ERI,2008,49.54576631
TZA,2019,57.97025173
STP,2011,60.74468933
BDI,2021,54.80213732
MAR,2014,63.0611931
GMB,2015,55.63729305
EGY,2011,62.45981604
GNB,2016,49.77348904
SEN,2012,57.9487753
TGO,2002,49.16504907
CMR,2013,51.54919915
NER,2021,52.60991521
LBR,2009,51.98291078
GNB,2001,45.58192067
GHA,2008,54.44994561
GMB,2004,52.65341866
GAB,2009,52.68264534
SSD,2017,50.83743265
CPV,2005,60.93286833
UGA,2015,53.65053131
COD,2020,52.44817937
UGA,2013,56.44940842
GNB,2016,51.97739678
MUS,2001,64.3618571
MOZ,2005,44.78191644
STP,2008,59.65728746
GAB,2014,56.64625637
CIV,2005,46.90500498
BDI,2011,51.9217851
NGA,2008,50.70272616
TUN,2016,66.98157772
ETH,2012,56.00871407
TGO,2017,53.8409019
SEN,2020,59.19714305
GHA,2014,56.16283408
GAB,2011,53.82261588
GIN,2020,53.43718875
GHA,2003,51.8149206
ZWE,2004,40.02049442
MLI,2005,49.50493095
ZAF,2010,49.23620874
TGO,2003,48.67948519
BFA,2012,50.92248655
UGA,2017,58.82539672
ZMB,2001,39.30862766
SSD,2016,52.07421193
EGY,2000,60.41771928
LBY,2018,63.94401014
ZMB,2002,40.032304
CIV,2007,48.55483244
GNB,2017,50.13648368
COM,2009,57.5461237
BFA,2021,53.52146379
MOZ,2012,47.62067319
SSD,2003,47.43519696
NAM,2010,52.65613981
GNQ,2002,48.02331807
MDG,2012,55.52277814
SDN,2020,59.14611015
BEN,2009,52.95739145
GNB,2008,48.57165102
LSO,2005,37.13447751
ZMB,2014,51.24163855
MAR,2016,63.31096438
BWA,2015,52.88632019
MUS,2012,64.007356
KEN,2019,59.39926478
CMR,2016,52.88489956
NER,2006,48.90528519
MLI,2012,51.22137428
GAB,2001,50.43260247
NGA,2016,53.88544145
BFA,2016,52.75261673
KEN,2013,54.15551749
NGA,2013,52.68930024
MOZ,2016,47.67670467
LSO,2014,44.22401481
RWA,2008,53.07375927
MAR,2008,62.01815208
MRT,2001,54.87479289
MUS,2000,62.18557796
COG,2012,54.0051862
NAM,2005,46.58906514
SWZ,2009,39.63951147
STP,2011,60.7587091
LBY,2005,64.37159127
ERI,2004,52.71494907
ETH,2019,59.93190324
SSD,2011,50.05987535
NER,2000,43.86224259
SYC,2018,64.29452554
SDN,2015,59.1731042
STP,2001,56.20284518
ZWE,2003,39.9466928
BWA,2018,56.66100434
LBY,2020,62.53292105
NER,2004,47.03806547
MRT,2010,61.12789952
SSD,2015,51.1550016
COG,2010,53.79801814
GNB,2003,45.15183575
ZAF,2005,45.38874216
NER,2003,46.10065277
TUN,2015,65.49511568
GNQ,2003,48.02202139
SWZ,2013,45.81294012
DJI,2006,52.25734406
MWI,2011,49.90859494
TZA,2005,49.38721052
DZA,2014,65.74091003
SLE,2000,42.09161765
AGO,2021,54.73113392
GNB,2020,52.42119396
SDN,2018,59.79306831
TZA,2002,47.14431507
COD,2019,54.58623834
DJI,2007,53.67415938
NER,2014,52.34075514
BFA,2002,45.33348138
ETH,2015,58.44375312
NER,2019,53.3125254
GMB,2002,51.68882421
COM,2008,57.35278858
SSD,2005,47.98780159
CAF,2006,41.18143068
ETH,2007,51.78649056
STP,2000,55.86694418
CPV,2018,64.59636052
LBY,2006,64.45796311
NGA,2019,54.67803418
TGO,2000,49.70619839
RWA,2011,56.53724775
MUS,2011,62.00105136
CIV,2020,55.2699279
MLI,2013,51.39178968
GIN,2016,52.2375335
MWI,2015,54.25269993
RWA,2012,57.90266046
NAM,2019,53.33702407
ZMB,2006,44.26660626
BFA,2017,54.33611903
NGA,2011,52.04008792
RWA,2008,54.66228169
MDG,2003,52.27563039
SEN,2018,59.36876638
STP,2006,58.68181285
GHA,2011,54.88318904
NER,2015,52.34050567
RWA,2018,58.97197321
CMR,2003,46.45944658
LBR,2019,53.47498774
GNQ,2008,51.49543359
GHA,2015,56.50723703
NAM,2000,45.49210554
STP,2014,61.69257421
ZWE,2000,40.45361919
MLI,2009,50.15173696
GHA,2003,52.65135648
SOM,2013,44.95563328
MDG,2015,55.78696086
COD,2002,46.4151173
STP,2009,60.03062248
NER,2013,51.74498221
MAR,2003,61.20677171
AGO,2000,44.43854811
BDI,2005,42.51025877
COD,2002,44.69682118
LSO,2020,45.08762018
ZMB,2008,49.10172337
SLE,2016,51.22997879
MWI,2015,55.83330426
GMB,2016,56.15568328
MOZ,2017,49.67924979
GNB,2011,48.09938231
MUS,2005,62.85224357
BDI,2009,51.75655652
MLI,2010,51.06296483
ZMB,2007,47.41506878
NAM,2020,55.71828677
GAB,2002,50.35740864
TUN,2016,66.24766761
BDI,2013,53.90851483
ZAF,2003,45.27442452
CIV,2020,54.28123311
COM,2016,59.32373515
BWA,2016,55.42529824
KEN,2008,52.10018477
COG,2017,54.7403055
CIV,2008,49.30711251
ZWE,2016,51.88663334
CMR,2001,45.82403969
NGA,2014,53.65509121
MDG,2005,52.79301208
TZA,2017,58.04912891
MDG,2012,55.25304298
GNQ,2014,53.23899726
DJI,2016,56.69370971
MWI,2014,52.34755116
SDN,2014,58.8997111
GNB,2004,44.49860832
MUS,2014,66.1067015
MOZ,2016,49.10156339
KEN,2000,47.40186596
LSO,2018,43.20029041
CIV,2011,49.45503536
TCD,2001,45.48544352
ERI,2005,48.17862478
LBR,2000,44.82813183
UGA,2004,46.14398151
ZWE,2017,50.1439169
TGO,2005,50.59737266
COD,2016,53.14272989
DZA,2008,64.26788726
BWA,2000,42.48820698
CMR,2018,54.38256683
BDI,2018,55.93342516
STP,2012,61.07881127
EGY,2005,59.93749015
LBY,2004,63.57299837
GAB,2003,50.5218173
SEN,2011,57.36160479
MDG,2003,51.97726064
NGA,2006,49.77235715
ZWE,2000,40.53121634
LBR,2005,49.58704318
NAM,2016,54.29661419
CIV,2004,46.00144318
ZWE,2012,46.95286146
NGA,2003,48.26217155
EGY,2006,61.86114575
COG,2020,55.48419721
SYC,2001,61.11775778
STP,2000,55.51983777
MOZ,2019,49.27125011
CMR,2017,53.67375961
BFA,2015,54.58972274
GNQ,2005,49.06727243
LBR,2004,47.77100314
ZAF,2020,55.91991043
CAF,2001,39.04218148
SEN,2017,59.52727649
BDI,2000,40.66699336
ZMB,2009,49.21949057
SDN,2021,58.53978678
BEN,2019,54.94278924
TUN,2015,66.15358431
SOM,2000,42.25654377
MDG,2003,52.58506211
SYC,2020,66.16157518
SEN,2021,58.90300084
TGO,2004,49.62557638
CAF,2018,47.24087082
SSD,2013,49.94880099
COD,2006,47.47451056
RWA,2002,43.38612643
BEN,2000,49.88735099
AGO,2014,51.72327012
MUS,2014,64.24093616
GIN,2002,48.18912959
LBY,2016,63.67386231
TUN,2009,65.67504049
COG,2008,51.55196817
BEN,2016,53.97821638
SLE,2016,51.2718952
TZA,2012,55.13880293
ZMB,2013,52.62015659
MWI,2016,53.08979154
SWZ,2017,49.33316206
SLE,2007,45.68205399
TGO,2003,49.98976978
ETH,2003,47.88894611
COD,2007,47.40268123
TZA,2007,51.74932446
GNB,2016,50.90690199
NAM,2015,52.27151908
CPV,2001,64.56358705
NER,2015,52.19385013
NER,2012,51.43657094
SYC,2013,64.52533095
TGO,2005,49.10527559
ZMB,2003,40.87197219
SOM,2006,45.26949947
BDI,2017,56.72319109
EGY,2020,60.54407543
GAB,2011,53.36614909
MDG,2006,53.58812549
GHA,2013,55.80164977
CIV,2019,55.42385947
NAM,2003,45.40205936
AGO,2009,48.49526939
BDI,2012,52.50513614
TUN,2007,64.77164741
ZMB,2013,50.64858014
GHA,2010,53.48226256
TGO,2020,57.11258638
SDN,2014,58.97962067
MRT,2019,60.82138185
RWA,2004,47.43644142
MUS,2016,66.14871883
NAM,2008,51.37658358
MRT,2013,60.73336068
MRT,2015,62.00163619
GHA,2002,52.37116654
SSD,2012,50.44656963
MDG,2010,54.96138061
COD,2003,46.70480313
GNQ,2017,53.01223209
LSO,2002,44.06916573
ERI,2015,54.52994584
EGY,2021,59.67424784
SOM,2002,43.50980202
ERI,2008,51.89056038
ZAF,2013,54.61789967
MOZ,2006,45.01521326
NER,2016,52.64483677
TUN,2021,62.929527
ZWE,2002,40.17759955
ZAF,2004,44.88128869
NER,2010,50.99978352
NER,2011,51.30897594
TCD,2004,46.12750784
CIV,2018,53.87126931
TCD,2000,44.56043967
SSD,2000,43.65321372
DZA,2006,64.46988727
STP,2006,58.69562993
GIN,2012,51.70029616
MRT,2014,60.80891155
BFA,2000,45.06333432
CPV,2016,66.56148722
SEN,2001,51.92903407
GIN,2000,47.42821714
ERI,2014,54.22186646
MRT,2011,59.37001117
MWI,2006,44.51476708
COD,2005,46.9727648
STP,2001,55.94940484
SLE,2012,49.19159094
MWI,2004,42.29888959
BDI,2000,38.7963474
GNB,2006,45.38649937
GIN,2019,53.36122747
KEN,2015,55.23125667
CMR,2005,46.94334958
CMR,2021,54.64910212
ETH,2010,55.73961355
GIN,2012,51.39661344
MDG,2016,56.00034227
LSO,2019,46.88409564
MRT,2018,60.62188931
ZAF,2004,45.36053684
STP,2003,57.18194307
GMB,2007,53.1389753
SWZ,2006,38.2329589
KEN,2009,52.3584359
TCD,2012,49.26178693
RWA,2007,52.74060722
GNQ,2012,51.2306613
BEN,2012,53.75975901
COD,2004,46.46569696
DZA,2001,63.19088429
MWI,2019,55.53671304
TCD,2006,46.19199981
LBY,2019,63.35601233
SDN,2011,58.0264854
LSO,2018,44.87803314
TGO,2008,51.5141624
BDI,2020,57.55826103
LSO,2005,38.21363481
TGO,2017,56.06081082
CAF,2002,38.7568416
DJI,2014,55.97503634
ETH,2018,60.37915511
AGO,2003,44.87989285
LBY,2011,60.76477218
SEN,2016,58.81336709
LSO,2021,43.10069714
LBY,2007,64.50771028
CAF,2013,42.89061683
SLE,2019,52.63188374
SWZ,2015,43.7613095
ZMB,2013,51.69497502
CAF,2010,43.76196751
MUS,2018,62.50083596
ZAF,2011,50.83901213
ZWE,2017,51.19990376
SOM,2020,49.94837936
SYC,2013,62.65426643
BDI,2006,48.17181258
BWA,2001,41.83578909
CPV,2013,65.01867343
GNQ,2011,52.85478807
GMB,2020,56.38126429
RWA,2009,53.6264825
SYC,2005,61.29138085
UGA,2019,59.49542051
CAF,2009,41.660569
MLI,2017,52.66199935
TCD,2000,45.2447654
BWA,2015,53.7795599
LSO,2021,44.63433272
MOZ,2015,47.1237036
SWZ,2000,42.61574817
COD,2021,52.19115834
COD,2015,52.68615798
SWZ,2021,47.46740336
SOM,2018,48.19341199
GHA,2001,52.15889802
ZWE,2007,41.87136574
SYC,2010,66.72112237
COM,2005,56.41031069
GAB,2011,54.3641335
CAF,2014,41.21065302
SYC,2001,66.55983923
BWA,2003,41.51840548
MRT,2010,59.05806055
UGA,2019,57.55453728
NER,2016,52.5220767
SDN,2015,59.12051006
ETH,2015,59.24591702
LBY,2000,64.22565413
RWA,2018,58.03336795
ZWE,2010,44.70096802
DJI,2017,57.02248494
ZAF,2001,49.27948773
NGA,2004,48.8260246
BWA,2018,55.71951653
MWI,2018,53.85577733
UGA,2015,58.02954756
EGY,2013,62.76072837
DJI,2006,53.79866936
COG,2015,53.34391788
SLE,2010,47.91188574
GHA,2009,54.88352564
ZAF,2005,44.67129516
CMR,2005,47.17475809
LSO,2001,42.23330628
BWA,2006,46.08486686
TZA,2020,58.72748284
NER,2017,52.85652787
MLI,2018,53.81238719
ETH,2015,57.6645209
SDN,2018,59.92293438
MDG,2013,55.40780958
CIV,2012,51.08658384
NGA,2018,54.30115822
CMR,2010,49.63110251
BWA,2013,52.59608137
BEN,2008,53.20183781
LBY,2013,63.96634234
GNB,2007,46.04702841
COM,2004,55.99994262
SDN,2021,58.54935372
NGA,2009,51.41380952
COD,2007,48.57056036
MUS,2020,65.68965068
LBY,2001,64.43345747
MDG,2009,54.49729648
NAM,2003,46.27036267
TGO,2021,55.84901463
CAF,2000,38.29820598
ZWE,2003,39.96559541
SEN,2011,57.69244326
BEN,2019,55.87127111
LSO,2016,43.51674295
BEN,2001,49.42330474
SLE,2018,52.21157781
LBR,2003,44.95222235
EGY,2014,60.71225513
DJI,2002,53.06271137
TGO,2006,50.28476851
COG,2020,54.64570914
SDN,2007,56.93706692
SYC,2015,66.45946758
SEN,2010,56.64328635
DJI,2020,56.66795383
MRT,2011,60.33128531
CMR,2012,50.52252987
ZAF,2019,56.29404412
COD,2004,47.14783652
MOZ,2017,51.19384646
CMR,2017,53.05992481
CPV,2004,63.12124105
MUS,2002,60.78386156
LSO,2006,37.05335866
MAR,2012,62.76038495
TZA,2000,46.06826681
ETH,2004,48.77760719
BDI,2001,38.0707799
GAB,2017,54.90825645
SDN,2005,56.14628556
NAM,2009,52.119341
NGA,2005,49.0016843
MDG,2009,54.68421024
LBY,2007,64.31075601
NGA,2017,54.37820927
COD,2016,51.3831447
LSO,2009,41.46836374
GHA,2012,55.40156191
MRT,2003,56.82851431
DZA,2001,63.34769411
SWZ,2001,39.86597674
DZA,2007,64.12893669
KEN,2015,57.61688133
GIN,2002,48.47281119
BDI,2002,39.10461949
LBR,2019,53.98511935
CAF,2012,44.28442163
MUS,2003,62.66629806
LBR,2001,45.43455466
KEN,2007,50.63596089
CPV,2011,62.94026316
RWA,2011,55.67424775
MWI,2006,45.1031274
KEN,2009,53.68723487
LSO,2010,42.42217813
SLE,2000,43.07182717
NER,2011,51.10196947
ERI,2013,51.6616577
MUS,2000,64.2223704
BDI,2010,51.94288706
AGO,2014,53.09963627
ZWE,2003,40.1987191
MLI,2015,52.89715048
UGA,2014,55.21564183
COM,2014,59.03756027
GHA,2021,57.88251828
COM,2009,57.12961891
GNQ,2013,52.78910654
MLI,2000,46.79166564
GAB,2004,50.80838899
MWI,2010,48.98516498
BWA,2005,44.9014864
NAM,2012,53.79066338
UGA,2012,55.27239894
COM,2004,56.06463055
MDG,2021,55.09221079
GAB,2013,54.86953037
UGA,2009,49.95345917
SLE,2019,52.5846221
COG,2017,55.34617998
TCD,2021,51.92437045
GNQ,2004,48.57651384
MOZ,2008,44.91309019
DJI,2021,56.99236604
GNQ,2007,50.26476807
GNB,2014,50.16630174
CPV,2020,66.78371939
COM,2008,57.32443452
GNB,2006,47.39238532
DZA,2007,65.24104303
MRT,2008,58.32488148
GIN,2001,47.84631814
SLE,2011,48.48139718
CAF,2017,44.56015338
SEN,2019,59.87235176
ZAF,2017,56.8950756
MOZ,2011,45.40597605
ZMB,2018,52.32203664
MOZ,2008,45.8779934
GMB,2009,53.78099254
ZAF,2006,44.63327506
UGA,2017,56.75483873
TUN,2018,65.80569754
COG,2021,54.40109549
CPV,2002,60.61605908
NAM,2001,47.21591295
TGO,2012,52.04274527
SSD,2016,51.08889764
TCD,2004,45.68773558
GNB,2020,51.21711265
CPV,2018,62.13638932
SDN,2008,57.19237451
ZWE,2005,40.54494692
NER,2004,46.78743818
MAR,2012,62.14068525
TZA,2011,54.41998059
NAM,2003,44.50066433
MAR,2000,60.68542085
DJI,2010,54.08876519
BFA,2005,48.87222081
NAM,2018,52.77163969
UGA,2020,55.71921021
RWA,2016,57.58752382
GNB,2009,48.0644462
MAR,2006,61.07385866
GNQ,2018,52.73536437
SWZ,2018,47.80800391
NAM,2017,52.53271185
LSO,2015,44.20727263
LBR,2016,53.00955471
LBY,2012,64.03478549
NGA,2011,52.23027318
GIN,2016,52.61325684
MLI,2002,46.99599108
MLI,2012,52.08663199
EGY,2013,61.64640736
CIV,2014,52.4253171
UGA,2009,51.28545767
GMB,2006,53.25995255
SYC,2011,66.69670353
MOZ,2021,49.71591103
NGA,2000,46.96187893
TZA,2009,53.33909063
DJI,2013,55.07393142
BWA,2021,53.89972661
LBR,2003,45.93375656
DJI,2017,56.37688423
KEN,2006,50.83469994
RWA,2010,55.77329832
CPV,2008,62.45995685
EGY,2000,59.29875703
CPV,2010,62.78727611
ETH,2016,58.0662811
NER,2015,52.47208738
GNB,2012,48.45675454
SOM,2017,49.39078448
LSO,2006,37.79608065
SEN,2000,51.36977265
MRT,2013,61.82207177
ZWE,2016,50.89948879
SWZ,2004,37.61809589
GAB,2018,56.13898862
GIN,2020,53.66797331
BEN,2002,49.73775228
SOM,2006,43.88916681
MRT,2002,56.26671879
SSD,2012,51.17684752
BFA,2011,51.66966859
TCD,2020,52.02959848
BFA,2007,49.50020934
ZWE,2013,49.31670883
MRT,2003,55.94480875
GAB,2019,55.38346056
COM,2015,59.09923013
ZAF,2002,47.71744775
AGO,2009,50.70037333
ZAF,2002,46.15431806
RWA,2021,59.43561606
AGO,2017,53.90308468
RWA,2007,51.91998322
NAM,2019,57.66303324
CMR,2015,51.62721778
BFA,2012,53.25581662
AGO,2002,44.27867087
GHA,2002,51.99031779
LSO,2020,47.04137937
SYC,2019,62.52233283
DZA,2016,66.85574086
NAM,2013,52.01231215
LBR,2004,47.11789914
GIN,2013,51.99693873
TZA,2000,45.8023251
NGA,2021,54.90533296
ZAF,2015,52.61353987
BDI,2009,51.14686843
UGA,2011,52.87313258
NER,2020,52.95938336
TCD,2021,51.11931498
ZWE,2002,40.1209335
LBR,2007,51.1629886
TGO,2000,49.01759129
MDG,2004,52.89735505
MRT,2016,62.1598133
ETH,2009,54.19407422
TCD,2018,51.40391697
MDG,2002,51.75244581
ERI,2015,56.64737592
GIN,2021,53.51160913
NAM,2008,53.41373968
BDI,2008,50.29211608
GAB,2000,50.03520692
MRT,2015,60.96323209
SWZ,2006,37.46713267
MWI,2008,47.6540117
TCD,2018,51.03575309
DZA,2000,62.93614021
BDI,2018,57.05509449
COG,2001,46.84131508
ZWE,2004,40.09101382
SDN,2006,56.53994675
SLE,2021,53.02079191
GNB,2018,52.54231547
BDI,2020,56.39985355
RWA,2019,59.10058688
NAM,2004,44.6140702
COG,2006,49.00614641
GAB,2014,54.2303969
GHA,2015,57.69730902
UGA,2002,45.00035489
SOM,2021,48.71366508
GMB,2012,54.75963192
TZA,2015,56.52393178
MLI,2001,47.2786153
GNB,2012,50.60924804
COD,2010,50.10510166
SOM,2016,49.06997751
DZA,2000,62.97492652
GNQ,2005,49.02238331
ZWE,2009,43.80701945
MWI,2001,39.92421999
MOZ,2015,48.44590187
LBY,2019,63.98713106
MAR,2005,61.48318081
LBR,2011,52.55321313
GNB,2002,44.74917104
MRT,2012,60.60371333
SSD,2015,50.13760737
MOZ,2004,45.52426452
SYC,2007,63.98590451
TZA,2006,50.45107912
ZWE,2019,50.89916096
TUN,2018,67.21709376
UGA,2012,53.69035031
ERI,2011,50.84459064
SOM,2009,44.67375218
GHA,2000,51.72943417
GAB,2009,53.55800433
DJI,2019,56.90056246
NGA,2010,51.66279881
NGA,2003,48.02993382
MAR,2021,62.33965438
LBR,2020,53.93808781
TZA,2003,47.95022936
MAR,2015,63.75786244
COM,2020,59.89825384
NGA,2007,50.34947065
MRT,2017,60.42616205
COG,2015,54.06948191
CIV,2017,54.34714887
SSD,2017,51.88143308
GIN,2007,50.07182951
BWA,2006,49.31909017
AGO,2020,53.24276864
LBY,2001,63.48146253
UGA,2005,47.53250225
CMR,2011,50.37668149
BFA,2002,46.67251473
LBY,2010,64.0493003
MUS,2011,65.8582942
COD,2013,51.68495267
AGO,2012,50.47262766
SDN,2016,59.41058361
RWA,2011,57.29688526
EGY,2021,61.11008692
SYC,2015,62.5547653
CAF,2016,44.74417257
DJI,2021,57.66670106
SEN,2002,52.47430254
SWZ,2005,37.03601266
ZMB,2008,48.11215208
NAM,2011,51.12371365
DJI,2008,54.66656945
ZWE,2020,53.25101397
BWA,2010,50.91560752
ETH,2005,49.85203318
DZA,2013,66.48439753
TZA,2013,56.32520885
KEN,2002,47.89518943
DJI,2013,56.22791512
LBR,2002,45.72227008
UGA,2001,42.3743869
ERI,2011,55.36114527
SSD,2005,47.38699005
COD,2000,45.9343704
CIV,2018,54.90882776
STP,2013,61.51557894
LBY,2002,64.39484913
GAB,2002,50.12968182
LBY,2008,64.35262073
GHA,2019,59.11950553
GHA,2007,54.01794013
RWA,2020,59.49526156
LSO,2017,44.45299076
TCD,2009,48.44820944
ZMB,2012,51.07565822
CPV,2002,62.87019288
MLI,2015,51.9845568
CMR,2004,46.49618788
SEN,2018,59.80396668
MOZ,2003,44.39565026
ZMB,2003,41.15664249
MUS,2017,66.11415075
LSO,2009,42.90926069
MOZ,2012,45.60958228
BDI,2000,37.00929602
GMB,2001,52.05102927
MUS,2001,60.57491619
CIV,2010,50.00052511
GNQ,2003,48.09279218
GMB,2005,52.74876604
LBR,2008,51.65236793
TZA,2011,54.71492175
CAF,2012,42.53939297
EGY,2018,62.35035845
GNQ,2014,53.19001622
LBY,2021,62.05697061
TCD,2013,49.25694414
SSD,2014,52.0799246
SDN,2001,54.6928007
GIN,2014,51.1991038
SOM,2015,48.69938284
MWI,2014,53.82379992
KEN,2002,47.39745323
BFA,2014,54.1823041
BFA,2009,50.71668395
COM,2010,57.9236997
GMB,2005,52.6111885
CPV,2005,63.28246019
NGA,2016,53.65459041
GHA,2019,56.83548537
AGO,2011,52.19645651
ETH,2013,57.38920813
DZA,2018,65.27008743
BFA,2010,50.15613728
MAR,2002,61.6712411
CMR,2016,51.79529647
ERI,2014,56.37696766
CIV,2014,51.36919898
CAF,2020,44.49781362
TGO,2003,49.29298818
MUS,2017,62.57031783
LBY,2014,62.71072653
AGO,2012,52.89446854
COG,2012,52.61847746
GAB,2018,55.09707588
MOZ,2004,44.62257761
MOZ,2011,47.4099123
MOZ,2014,47.73764955
TZA,2013,55.66006286
KEN,2017,56.32980499
CAF,2010,41.97352851
SOM,2008,45.81780776
ZWE,2008,42.85549573
EGY,2016,62.79743189
MWI,2017,53.45122598
ETH,2006,50.73521948
BWA,2004,44.02557418
TUN,2001,65.46182814
BEN,2009,52.11334333
STP,2007,59.07600039
MRT,2018,62.36800326
MOZ,2002,45.05238857
CIV,2013,50.65517123
MUS,2020,63.80634809
BEN,2007,51.28713214
CIV,2006,47.16133999
CAF,2006,40.43068228
COD,2014,52.21876182
MRT,2012,61.70750724
SOM,2018,46.73467421
LSO,2012,44.54175346
CPV,2015,63.7565498
CIV,2019,56.64468725
SYC,2004,63.78190695
EGY,2015,62.25984529
CPV,2021,61.33677365
CPV,2013,63.28372136
NER,2003,46.3398977
GAB,2019,56.3775425
BDI,2004,43.07729666
SOM,2020,47.28140439
CPV,2016,64.01264699
GNB,2005,44.90924469
SOM,2011,39.17383736
TCD,2010,48.05121494
COD,2005,46.3255537
GNB,2009,47.06263116
MDG,2016,55.87925195
MAR,2016,62.74730354
TGO,2017,54.87801186
CPV,2021,66.10830843
GIN,2003,48.87724615
EGY,2008,61.09264897
GNB,2013,48.72683808
GMB,2013,55.2794054
GIN,2004,49.20813155
CPV,2012,63.04278796
GIN,2013,51.76731777
SYC,2005,63.90467955
BEN,2011,52.58815936
UGA,2004,47.24703224
GIN,2015,52.08731499
NAM,2007,49.87612186
ERI,2001,48.79504003
COG,2021,55.27143664
LBR,2018,53.68882379
GNQ,2010,50.57498579
BEN,2007,52.57785076
SDN,2013,58.66326409
GMB,2020,56.75947493
AGO,2015,54.89832114
GNB,2000,42.83671759
COM,2021,59.01938606
SEN,2012,57.66918
AGO,2002,43.12016602
MOZ,2006,45.94774006
STP,2008,59.46564353
MDG,2011,55.19191971
BWA,2019,56.96297359
NGA,2004,48.57706352
STP,2002,56.60816259
MRT,2000,55.21494117
NAM,2001,46.19284278
COM,2017,59.5377667
STP,2017,62.72210266
TCD,2014,50.40898017
STP,2013,61.39621246
SSD,2021,49.59506403
ERI,2021,55.42494437
MRT,2017,62.25088623
GNQ,2001,46.82403738
GHA,2004,51.96609938
BDI,2009,50.50020819
SLE,2021,53.23947306
DJI,2004,53.20389628
TZA,2001,46.46479835
CMR,2006,47.53928028
SLE,2006,45.79776007
LBY,2020,61.83889583
ZAF,2019,54.65424951
TZA,2014,56.55152163
BWA,2002,41.08654328
ZAF,2003,45.93863664
SSD,2009,49.02681432
TZA,2015,56.95198146
BDI,2010,51.29256408
ZMB,2004,42.06693621
GHA,2018,56.42035137
MOZ,2019,52.05851098
COD,2018,54.16280964
NER,2021,52.77544021
AGO,2019,54.31664954
TZA,2008,52.77322744
LBY,2004,64.02027585
MUS,2019,64.24799842
EGY,2021,60.36317424
COM,2011,57.53912494
DJI,2018,56.67454205
COD,2013,50.07299013
AGO,2002,45.45883045
LBR,2009,50.21819664
ERI,2006,51.10977151
ZMB,2000,38.87356637
MLI,2004,47.51860001
LBR,2003,45.41919637
SYC,2020,68.83616396
CMR,2000,45.80541267
ETH,2021,59.62600833
TUN,2012,65.34364716
MDG,2020,55.27788225
ZMB,2004,42.99711258
SOM,2001,44.74765658
GIN,2021,53.42625796
ETH,2002,47.05606847
SEN,2019,60.10558187
EGY,2017,62.269496
MOZ,2007,45.42141582
SYC,2009,62.08784667
ERI,2019,53.74963295
TUN,2014,65.43978066
COG,2005,48.19485668
SLE,2013,49.71046757
DJI,2001,52.33571408
TUN,2005,65.19363491
ZAF,2009,47.76768007
MWI,2006,44.79271392
SSD,2004,47.42739254
BDI,2003,43.63600683
MLI,2017,53.16340865
SLE,2002,44.37986168
COD,2019,52.46196494
SDN,2013,58.63423862
CAF,2003,39.68472888
RWA,2001,41.17114116
MAR,2019,64.1313238
TGO,2019,54.83284475
NGA,2000,46.31677082
COM,2006,56.60652094
MRT,2004,58.39656753
CIV,2012,52.33645549
NGA,2009,51.21538273
DZA,2008,65.51163646
MRT,2005,57.75134087
LBY,2000,64.48741927
LBR,2002,45.44915434
KEN,2005,49.78637587
TGO,2009,52.00348857
DZA,2007,64.66841717
GNB,2003,44.14099202
SEN,2007,55.19498707
MOZ,2013,48.13822224
LSO,2009,40.19123057
CIV,2016,53.77431966
GIN,2001,47.94472885
TGO,2011,53.14104122
MOZ,2008,46.92183155
MOZ,2000,43.55265841
SEN,2015,58.87293341
KEN,2004,48.18616239
ERI,2011,53.05896516
LSO,2017,42.89359861
AGO,2017,55.06104955
KEN,2002,47.64864798
STP,2009,60.09796024
GAB,2007,52.58120515
UGA,2021,57.22439375
RWA,2002,43.95358343
UGA,2000,41.56137067
CMR,2007,48.28613083
MWI,2003,41.63361773
LBY,2008,63.96362956
ZMB,2016,51.98162068
ZMB,2002,39.93294436
CAF,2014,44.62077235
TUN,2013,66.0322871
TCD,2005,46.07102402
TZA,2016,57.7724634
MDG,2017,55.97143065
MOZ,2017,48.22892352
MLI,2009,51.25183617
ERI,2009,50.0210901
MUS,2004,61.00457599
MOZ,2012,46.59120691
CPV,2015,65.18877183
COG,2019,54.67023566
LSO,2003,38.97049614
GNQ,2015,52.91043313
GNQ,2008,50.82476428
SEN,2006,55.13091958
TUN,2017,66.33246354
SLE,2002,44.87866349
KEN,2014,57.04617672
CIV,2013,53.17228141
SWZ,2002,38.70892876
NGA,2015,53.91795965
CPV,2009,64.3387437
STP,2002,57.0632206
GAB,2017,55.9875916
EGY,2012,60.20062657
CIV,2007,49.57582804
COM,2005,56.3539361
GAB,2020,56.3954408
TCD,2007,46.95287112
ZMB,2020,52.73896012
ERI,2016,56.91111304
MAR,2010,62.41794895
MLI,2004,49.06852672
SSD,2001,46.2644292
COM,2010,57.89746017
LBR,2017,54.01274882
RWA,2007,53.48389907
AGO,2013,53.63433521
TUN,2020,66.91972612
COG,2007,50.70708957
BFA,2021,54.56242197
CMR,2015,52.21846978
BEN,2010,54.1229559
GMB,2019,56.60245236
ZWE,2021,52.24015957
SDN,2012,58.4208481
SWZ,2005,36.72900326
TCD,2019,52.197492
TGO,2013,54.22191963
KEN,2014,55.82214574
NGA,2001,47.00827914
SLE,2018,52.17374838
BFA,2005,47.38589919
SOM,2018,49.77572263
MWI,2019,56.91205528
DJI,2011,55.48409301
AGO,2014,54.51013841
DZA,2004,63.99687333
EGY,2011,61.33617475
TUN,2016,65.59473076
SLE,2005,45.13039996
COD,2018,53.12780174
MWI,2001,39.61494409
SWZ,2013,43.79643174
TGO,2018,55.3247861
MLI,2014,52.59218998
TCD,2021,51.51506012
NAM,2008,49.36049793
COM,2007,56.84323852
STP,2019,62.95155858
AGO,2003,45.90567466
MDG,2021,55.13701841
LBR,2015,52.58286096
MOZ,2021,50.79285613
GIN,2014,51.37812378
DZA,2016,65.20257542
TUN,2001,63.77310806
ERI,2009,54.68315694
TGO,2016,53.45394077
SOM,2014,46.83345675
DJI,2000,53.18272588
BWA,2020,57.43452238
MUS,2008,63.40031108
GIN,2020,53.19504671
BEN,2000,49.14403192
SYC,2014,66.47516901
MUS,2019,62.46487177
LBY,2004,64.45980381
GNB,2000,43.9454354
SWZ,2021,45.78620861
SOM,2006,42.62964695
SOM,2011,40.79422536
SEN,2005,54.20246683
AGO,2015,52.13020489
DJI,2009,54.9490408
COG,2009,51.36919202
ETH,2017,58.49750531
LSO,2005,37.61777794
SEN,2018,59.59378834
LBR,2012,51.22121846
ZWE,2014,51.04788496
RWA,2010,54.89777087
BDI,2012,53.34471532
GNB,2021,50.27150526
SDN,2008,57.19769068
SWZ,2010,42.45635682
MWI,2009,49.85822383
SEN,2015,58.46902805
GMB,2006,52.9382813
SOM,2008,44.34174762
ZAF,2020,54.08950457
COG,2000,45.22366643
SYC,2017,64.3186524
CIV,2021,55.40625311
RWA,2003,45.56541615
BWA,2017,55.31929526
CIV,2003,44.94922701
LBR,2012,52.01646646
KEN,2013,56.61158121
SWZ,2016,44.5004344
GMB,2004,52.4314769
CAF,2018,43.60522495
SWZ,2007,39.22880921
TZA,2020,58.34444533
NGA,2017,53.97600552
BDI,2016,55.21752537
LBR,2019,54.53679517
ETH,2014,57.19287875
MLI,2006,48.56447415
TZA,2019,58.6758504
ZWE,2012,49.58360209
LBY,2011,61.77048815
DZA,2011,66.16452546
CIV,2016,55.07431435
ZWE,2019,52.92645696
MUS,2008,61.52669583
BFA,2008,50.14130665
UGA,2000,42.49072451
COM,2017,59.75002096
ERI,2002,51.9673722
GNB,2015,49.31470052
AGO,2016,53.72970361
GMB,2013,54.99026746
KEN,2009,53.01941033
MWI,2009,48.94155561
LBR,2010,51.3609839
SSD,2004,48.03906994
TZA,2013,55.97418216
NAM,2015,54.12156744
CMR,2012,51.04543492
STP,2021,62.62544643
BEN,2001,50.90205916
STP,2015,61.95021702
RWA,2000,40.75846362
ZMB,2009,48.08330308
SDN,2016,59.48441908
DJI,2014,55.37544169
LBR,2020,54.37636351
MWI,2019,54.19579338
COM,2000,54.25316728
ETH,2021,58.04778482
LBY,2011,62.82800496
TCD,2014,49.70415003
BEN,2017,55.20317165
ZMB,2007,46.56791691
CMR,2018,53.69076909
MDG,2019,56.15947792
GAB,2002,50.63699492
GNQ,2013,52.87676442
MAR,2010,61.78613444
CIV,2009,49.8546678
GNQ,2013,52.42471687
CAF,2001,38.50021212
SLE,2010,47.93565191
GIN,2006,49.75467343
GNB,2010,49.55126446
BDI,2013,54.85187506
KEN,2019,58.24660368
MLI,2010,50.53204003
COD,2002,45.54354177
ZAF,2015,54.24537473
GNQ,2018,53.54747792
LBY,2006,64.58895848
SDN,2016,59.35586405
TGO,2001,49.72639019
NER,2020,52.96963419
GNQ,2006,49.86263481
COG,2014,54.50668172
COG,2006,50.05873128
CPV,2011,66.272157
NER,2012,51.7893528
NGA,2012,52.86179237
GMB,2007,53.47305189
LSO,2008,40.25750374
ZMB,2004,42.56884362
LSO,2010,44.33768149
RWA,2016,59.38531972
GNQ,2012,52.60663325
MDG,2006,53.91834156
BFA,2020,53.94241519
SWZ,2013,42.07974874
BDI,2005,46.18860571
GMB,2017,55.82088923
RWA,2017,57.83307875
GNQ,2007,50.84408409
GMB,2003,52.14878102
MLI,2011,51.43213462
COD,2017,53.60558008
GIN,2010,50.86521325
CPV,2008,65.94660517
CMR,2021,54.00702693
SOM,2017,46.29506769
TUN,2002,64.71593513
NER,2001,44.72615972
LBR,2015,51.55454487
BDI,2004,41.34047269
ERI,2002,49.29972989
ZAF,2014,52.22079358
GNQ,2017,53.29157289
TGO,2008,50.02531255
NER,2010,51.19452956
KEN,2015,56.40525297
GNQ,2002,47.82506775
TCD,2017,51.41110909
COM,2002,55.31123577
NER,2005,47.60512952
BEN,2006,51.6799532
COG,2011,53.20388376
BWA,2002,40.522007
GMB,2011,55.02709653
ZWE,2020,51.07988756
NAM,2007,51.67864174
COG,2019,55.2962608
SOM,2010,43.79247175
COD,2012,49.62070043
BFA,2020,56.30473334
MLI,2005,48.03928962
TUN,2011,66.5891556
COM,2001,54.84811884
MDG,2000,51.08201723
ZAF,2011,49.65355765
GHA,2003,52.20623798
ZAF,2010,49.99567027
BFA,2006,48.84929716
GAB,2007,52.95201719
COD,2020,53.55500061
LSO,2000,40.64425128
GNB,2018,51.46903106
SOM,2013,47.78320082
RWA,2005,50.0528703
MDG,2007,54.32139555
CAF,2011,43.97748195
ZAF,2000,50.63426362
MAR,2011,62.59007784
GNQ,2011,51.86128637
SDN,2010,57.97160285
SOM,2007,45.5081481
BFA,2017,53.21937048
NAM,2006,48.10927448
LBR,2018,53.16055432
MLI,2019,53.81374513
COD,2012,51.10890809
MOZ,2009,46.15101729
ETH,2008,53.21298186
TZA,2007,51.83851744
CIV,2017,53.29205409
KEN,2011,53.44425253
SLE,2009,47.13877174
SOM,2012,44.34616075
NGA,2006,49.55294869
SDN,2003,55.38897095
MLI,2001,45.8484051
RWA,2001,41.9921985
COD,2010,49.46795992
KEN,2003,47.70271049
ETH,2017,60.06291131
MAR,2017,62.86737773
GAB,2015,55.53612167
GHA,2014,55.09249501
CMR,2000,46.47339224
STP,2018,62.88993
LBY,2015,63.75581133
SWZ,2017,47.02421557
GHA,2009,53.96326899
KEN,2010,53.72252087
CIV,2000,45.47425833
SEN,2020,60.03114146
MOZ,2010,46.18972262
SOM,2017,47.77851851
NAM,2000,47.91892693
ZAF,2020,55.03596828
GNQ,2010,52.01052666
LBR,2007,50.28395445
MDG,2001,51.53247798
CAF,2000,38.8291998
NER,2017,53.04354522
KEN,2012,53.73889076
UGA,2010,50.72627701
AGO,2001,41.9308917
MRT,2016,60.24545754
COG,2021,54.83573617
SSD,2001,44.67124934
MUS,2010,61.84621329
SYC,2008,64.14412464
ZWE,2019,51.95162108
RWA,2012,56.24253073
COG,2018,54.92944056
ZMB,2007,45.6156124
GIN,2000,47.46620601
MUS,2006,61.23157017
DZA,2017,66.9145732
GMB,2014,55.44630633
MAR,2005,62.04494292
AGO,2018,55.22142043
BFA,2020,55.14517935
TZA,2001,46.72020854
NAM,2021,54.6469743
MWI,2016,56.17077253
MWI,2001,39.71436896
CPV,2003,63.01322801
MUS,2008,65.37179099
TZA,2018,58.3723901
BFA,2021,55.55901715
COG,2008,50.54569889
SYC,2009,64.28210608
STP,2007,58.98360115
SDN,2004,54.71141878
LBR,2013,53.14185075
CMR,2004,46.69573801
BDI,2008,50.82612113
ETH,2013,56.65188225
LSO,2013,44.49778624
GHA,2017,58.42201349
MRT,2000,56.14323552
NGA,2005,49.20868422
MDG,2004,52.36959649
MAR,2009,62.86952274
ZMB,2008,47.01189969
GAB,2006,52.6774171
SEN,2021,59.18867755
GNB,2008,46.66872621
LSO,2019,43.39451837
LSO,2002,41.99673073
ZMB,2011,50.46861683
BWA,2009,50.16860808
LSO,2020,43.36581186
GAB,2016,54.69061504
SWZ,2014,46.61942896
SEN,2011,57.02846695
COD,2014,51.38323392
GMB,2003,51.96832536
SDN,2017,59.74432543
TCD,2020,51.58330064
STP,2009,60.06571701
GMB,2021,55.61218171
COG,2010,51.76182479
CIV,2010,50.84747627
ETH,2012,56.71607505
CIV,2015,54.4910548
SOM,2019,47.27852136
BEN,2020,57.14233313
EGY,2020,61.18860664
MUS,2021,63.63169692
COG,2001,45.74389629
COG,2002,46.25831323
MAR,2002,60.5558651
GIN,2007,50.02826545
NAM,2013,56.18247104
SEN,2021,58.5845999
SWZ,2011,44.11070865
DZA,2013,64.87012453
GAB,2005,52.15751231
SYC,2018,66.35036926
GHA,2001,51.8176396
SYC,2004,66.51864717
SEN,2004,53.83135763
UGA,2006,49.66637374
MUS,2004,62.75272128
SOM,2001,42.26209632
COM,2014,58.76111066
LBY,2020,63.25593202
BDI,2019,57.29446766
NER,2020,52.92681563
TUN,2021,64.375384
TUN,2002,63.93725999
SYC,2003,60.88278705
KEN,2005,49.32927635
MOZ,2001,43.88601336
NGA,2016,54.1266879
TCD,2013,49.63984262
GHA,2006,52.28640713
NAM,2002,45.68470524
LBY,2008,64.16983937
GNQ,2015,52.78167064
MDG,2020,55.62826459
EGY,2007,61.0682997
BEN,2015,53.62797479
MRT,2013,59.76148443
CMR,2010,49.93014083
COD,2000,44.15286277
MRT,2016,61.14191213
SDN,2003,54.94245831
GAB,2006,52.26632837
NGA,2002,47.22001857
GNB,2010,48.59483215
MDG,2006,53.26799479
NAM,2018,57.1066139
DZA,2004,63.62762096
GMB,2005,52.95916366
ZAF,2013,51.66265157
CIV,2019,54.41874137
DZA,2005,64.25262515
EGY,2017,63.1586599
SSD,2008,49.09376289
TGO,2007,51.17571826
LBR,2021,53.96099924
BDI,2013,52.93661724
ZWE,2011,46.89143509
GNQ,2015,52.81287253
TGO,2020,55.93008645
KEN,2016,57.02578551
SSD,2021,50.53001725
BWA,2007,47.1080425
SOM,2008,42.99338438
LSO,2007,39.21668923
MOZ,2013,47.04772069
AGO,2021,52.80322442
ZAF,2003,46.34014077
GIN,2006,49.8560783
LSO,2019,45.04266302
MUS,2007,65.12463704
NER,2004,47.27156999
SLE,2014,48.91757494
LSO,2003,40.11569095
ZMB,2019,53.8691716
RWA,2013,56.77575554
BWA,2019,56.0523028
TUN,2009,65.03878923
COG,2011,54.12752878
DZA,2015,66.72911568
MLI,2019,54.22892621
LSO,2001,44.1255337
KEN,2004,48.89685301
MOZ,2018,48.76632403
GHA,2018,57.55482269
SSD,2014,49.92824632
ERI,2018,53.44176125
LBR,2006,50.46320951
TZA,2017,57.23888702
CIV,2002,44.56653956
ETH,2010,54.52141148
AGO,2005,46.28798858
CIV,2014,53.76802938
BEN,2021,55.71581111
COG,2006,51.18048708
GNB,2015,51.64594727
UGA,2005,46.34433683
SLE,2001,43.47737699
MAR,2018,64.04185159
NER,2006,48.68624347
GHA,2014,57.32556125
EGY,2008,60.15168753
TUN,2005,64.46245608
MDG,2018,56.00096119
LBY,2002,63.11072703
COG,2015,54.81978156
KEN,2000,46.90161925
TCD,2015,50.00024271
GNB,2009,49.05621546
CMR,2001,46.37154509
NGA,2005,49.42969231
GHA,2020,56.91064583
ERI,2010,54.98006552
NAM,2005,47.81041658
UGA,2005,48.6935925
SDN,2009,57.48991561
SSD,2006,48.40386718
COG,2013,53.49832214
SWZ,2014,44.62004095
MRT,2004,56.42140985
ZWE,2006,41.22160104
SOM,2004,44.97455991
UGA,2013,52.55351903
GNB,2017,51.21774
CAF,2009,42.4233346
SLE,2000,44.08016829
TUN,2005,66.07226677
SLE,2021,53.12722422
COM,2010,57.97117569
SWZ,2003,37.28608671
GNQ,2003,48.06681723
CMR,2019,54.24404511
GHA,2012,56.56377674
MLI,2013,51.77768925
MDG,2012,55.38585999
CMR,2021,53.39787684
STP,2015,62.02934346
EGY,2010,61.14776461
BDI,2021,56.87933781
GNQ,2004,48.3009946
ZAF,2012,52.22923022
SLE,2003,44.59389678
KEN,2006,49.72058037
GNB,2001,43.22924985
NGA,2002,47.72381831
MUS,2016,62.59117027
DJI,2009,53.77583512
TGO,2011,52.31667002
ZWE,2015,51.45461519
ZAF,2016,53.08098857
UGA,2008,50.30766988
MRT,2015,60.04393097
MRT,2009,59.67525648
MAR,2015,63.18479871
BFA,2014,51.88893778
KEN,2011,55.26098469
COM,2002,55.23748506
TGO,2010,51.74893036
SDN,2000,54.03534951
UGA,2006,48.51985392
MRT,2018,61.43435153
COG,2005,50.24002864
TUN,2007,66.27557041
SOM,2012,42.85683711
MUS,2009,65.58680248
BEN,2011,54.41103239
RWA,2002,44.51020517
COG,2008,52.61711212
GIN,2015,51.68701688
MLI,2014,51.68282561
MDG,2014,55.66025733
CAF,2004,39.1521094
BWA,2008,49.66347297
LSO,2008,39.34584056
GNQ,2017,52.61713257
NER,2006,48.44636512
MLI,2008,49.63743806
GAB,2004,51.13017579
LBR,2014,50.87620053
RWA,2013,57.6813097
SOM,2015,47.23677464
DZA,2019,67.04083015
MRT,2007,58.7943182
BWA,2003,42.14691109
NGA,2007,50.15342377
TZA,2004,48.59728319
GMB,2002,51.90411385
GAB,2009,53.08332685
NAM,2015,55.89159244
TZA,2008,52.73087486
BEN,2002,51.17987583
DJI,2002,52.35405668
DJI,2014,56.59457394
SYC,2006,66.49103799
GAB,2012,54.33531818
GAB,2000,50.58010559
SDN,2010,57.91400493
TCD,2007,47.3888355
STP,2012,61.02188812
SLE,2017,51.48580127
ZAF,2001,48.34494846
COM,2019,59.75616485
CIV,2005,46.30840309
COM,2016,59.43349432
GIN,2009,50.54940754
LBY,2005,64.13350202
SWZ,2003,37.79531996
SOM,2000,43.40595283
LBR,2001,45.65849125
ZWE,2008,42.68523492
CAF,2000,38.05872806
SEN,2010,57.34923552
GNB,2018,50.33636736
GIN,2016,52.4211578
CAF,2020,47.70593562
BWA,2001,40.90554597
MWI,2018,55.25522977
DJI,2013,55.6402772
KEN,2003,48.25803132
SDN,2012,58.46869611
DZA,2015,65.05192054
DZA,2011,64.63416395
CPV,2006,63.88252437
AGO,2008,49.91073665
TUN,2003,65.76989267
GMB,2000,51.23565225
CAF,2017,46.75927834
COG,2001,46.27908582
MDG,2000,51.60184484
COM,2020,60.1807067
COM,2009,56.73671908
TZA,2008,52.83286467
SDN,2002,54.54185864
NAM,2014,56.04688916
TGO,2002,49.79676596
TZA,2014,56.18028992
ZWE,2002,40.03708513
COD,2001,46.15468158
LBY,2010,64.02613805
MLI,2000,45.38590542
BFA,2003,46.67102559
TUN,2004,64.29955689
CAF,2017,42.67326941
TCD,2016,50.80920046
TCD,2016,51.14741178
NGA,2002,47.46406406
GIN,2009,50.62593258
LBY,2003,64.49929304
MDG,2020,55.44883229
ZWE,2015,49.52006788
TGO,2007,49.82889411
SEN,2017,59.09265337
ERI,2019,57.59136288
BWA,2002,41.89935174
BFA,2015,52.35811484
GHA,2021,56.90111359
UGA,2003,45.95590443
AGO,2006,47.10596653
RWA,2015,59.17611373
NGA,2015,53.29903102
ZAF,2008,47.24857547
COG,2020,55.06772265
AGO,2018,54.11595761
SOM,2002,42.31749616
ZWE,2001,40.28706948
BEN,2012,52.82407728
SOM,2001,43.44347767
MWI,2021,54.6681734
ZMB,2018,54.66294495
AGO,2018,53.01917988
BFA,2019,54.95706515
ZMB,2011,49.30612547
BWA,2014,53.23328369
CAF,2004,39.48166469
MDG,2019,56.23068761
SYC,2003,66.53686912
RWA,2000,41.50664203
COG,2014,52.92880062
TCD,2013,50.04036676
SWZ,2017,44.98950593
ZAF,2009,48.45015919
EGY,2010,60.22168156
LBR,2004,48.51721593
DZA,2017,66.05633785
BDI,2015,54.73741688
KEN,2008,52.78617571
SWZ,2019,50.88384506
SLE,2003,45.06799111
NGA,2009,51.62370413
LSO,2002,40.31562795
MRT,2012,59.6213707
MRT,2009,58.72106081
KEN,2017,57.50908474
COD,2008,49.01723068
NAM,2021,50.99950521
RWA,2021,58.71232412
COM,2018,59.8425183
MDG,2007,53.78908864
TZA,2020,59.13621345
LBY,2021,61.6627137
CAF,2002,39.33966066
TCD,2007,46.53957385
GAB,2008,52.40487024
LBR,2008,50.72862379
GAB,2003,50.39600731
CPV,2002,64.78690821
UGA,2011,54.23054259
STP,2002,56.82193504
CPV,2007,65.70566686
GNQ,2000,45.93579014
SOM,2014,45.47563765
MUS,2014,62.44416626
MLI,2008,50.21739878
ZMB,2010,48.78902145
SLE,2015,49.56256043
MWI,2000,38.92534977
TZA,2002,47.39312935
SDN,2019,60.11280371
BDI,2017,55.61667743
NER,2017,52.65423779
TUN,2012,66.690517
LBR,2001,45.94426522
RWA,2019,58.14966349
RWA,2014,58.05217521
EGY,2013,60.57606949
SSD,2018,51.83216
DJI,2002,51.68672043
GIN,2008,50.36385361
RWA,2017,58.78482298
LBR,2014,48.69705275
MLI,2007,49.15113829
CMR,2006,47.31079294
BDI,2017,54.4846784
SSD,2000,44.61005255
CIV,2009,50.84920549
TZA,2021,58.30716824
SWZ,2004,36.7680745
ETH,2016,59.67152091
GNQ,2010,53.12295233
MUS,2020,62.02844583
NER,2009,50.8328112
SYC,2021,64.72145007
DZA,2015,65.83857445
ZAF,2021,52.75708232
BFA,2010,51.21841004
NGA,2019,54.95370169
ERI,2008,54.36032288
DJI,2004,52.58421196
LBY,2019,62.73251578
ETH,2018,58.85492922
CAF,2019,45.97230527
MLI,2004,48.2783516
COG,2005,49.18553865
NER,2018,53.03744245
ERI,2003,52.34562476
CPV,2004,65.13838296
SYC,2017,66.36341415
LSO,2017,46.17891082
LSO,2016,45.13137322
COM,2016,59.55064597
SLE,2013,49.77921989
SSD,2008,50.2327302
UGA,2000,43.43951819
NGA,2010,52.06666039
COD,2019,53.50114488
GNB,2005,45.91327364
GHA,2010,54.35225484
CPV,2012,66.43741849
SOM,2013,46.30964447
GIN,2007,50.02509764
BWA,2007,49.64336561
GNB,2004,46.57025747
LBR,2020,53.51598759
GNB,2010,47.61794104
BEN,2015,55.55618413
COM,2004,56.17561744
MLI,2021,53.10895095
TZA,2016,57.31818708
MAR,2007,61.79491119
TZA,2015,57.41852666
BWA,2005,47.58273925
BDI,2011,52.65954088
MAR,2018,63.48830859
NAM,2013,54.11986106
CPV,2003,64.97967503
SWZ,2020,48.74466818
ETH,2000,43.84425255
SLE,2004,44.4410007
TCD,2020,51.15812856
MWI,2016,54.59109049
GHA,2013,56.98031683
STP,2008,59.27330849
BFA,2007,48.64664427
GAB,2012,53.68557246
LBY,2001,63.99109519
SEN,2003,52.84384043
LBY,2015,62.73375223
ETH,2011,55.31759494
BEN,2011,53.49516066
DZA,2012,65.50732171
MOZ,2005,45.67630116
GNB,2002,43.67767725
ZWE,2004,40.36179344
COG,2004,49.17717391
CMR,2017,52.48114259
LBR,2017,53.32797123
DJI,2011,54.9337524
RWA,2020,58.50460386
ZAF,2021,53.79634979
COG,2010,52.75414355
COM,2006,56.5731539
MOZ,2005,43.96035229
STP,2019,62.80270775
CAF,2008,42.84395289
COG,2003,46.70385245
ZAF,2012,50.78840029
KEN,2000,47.15358429
GNB,2021,52.58544933
CPV,2015,66.60618222
ERI,2021,57.18324025
AGO,2019,55.39973017
COD,2017,51.64619418
ZAF,2013,53.26840623
DJI,2006,53.00593335
TUN,2009,66.42690264
CIV,2000,43.96984968
SDN,2002,54.7524185
SYC,2011,64.5611457
DZA,2003,63.60124015
EGY,2009,61.10921629
MDG,2005,53.11845451
TUN,2006,66.20260969
LBR,2013,52.28915985
ZMB,2019,52.66856462
GAB,2019,57.56375199
NGA,2018,54.4738699
SDN,2010,57.88956905
GIN,2017,52.89058152
NGA,2020,54.54076277
ZMB,2017,53.41062819
MRT,2006,57.43828871
SOM,2016,46.21254761
LBY,2018,63.38910638
COD,2014,50.5763401
ERI,2007,54.02126
BEN,2020,56.06610517
SDN,2021,58.52896646
TCD,2016,50.48335755
GNB,2004,45.50201637
MAR,2004,60.780988
GNB,2019,51.80932556
GMB,2001,51.48904622
TZA,2021,58.07286825
SSD,2006,49.04672278
KEN,2010,53.04986955
CIV,2005,47.83409205
STP,2021,62.26542388
COM,2014,58.89284975
GAB,2000,49.5704471
ETH,2002,47.055111
TUN,2000,63.55123326
MLI,2021,53.55714781
SSD,2003,45.96089707
ERI,2007,51.58407401
STP,2020,62.51930447
MDG,2008,54.41648326
ZMB,2005,44.37711658
UGA,2020,59.66402948
DZA,2008,64.86773633
KEN,2007,51.24855397
ZMB,2002,40.09132836
NGA,2014,53.29095432
MLI,2003,46.88863528
CPV,2014,66.67357792
TGO,2002,48.60182423
STP,2015,62.10020398
SDN,2006,56.49565123
CIV,2001,44.81735508
CMR,2020,55.20058534
SLE,2009,47.26800699
GMB,2008,53.48896749
TCD,2005,45.65673469
DJI,2007,53.07983795
DZA,2009,64.40344422
TZA,2010,53.77647654
ERI,2014,52.11246457
KEN,2020,58.37011157
EGY,2011,60.25567185
SDN,2013,58.63065702
GAB,2016,55.75626379
MWI,2003,41.41332899
COD,2007,47.98274675
TCD,2011,48.44538987
MWI,2010,50.94378697
SYC,2002,63.70538315
CIV,2008,50.37733348
CAF,2005,40.57446653
MRT,2020,61.05903436
MLI,2011,50.93937515
MUS,2006,63.02070783
CPV,2004,60.81312353
ETH,2005,49.98249367
TUN,2004,65.93250417
SOM,2011,37.75960872
EGY,2008,62.04085751
TUN,2020,66.2405825
AGO,2015,53.49860069
DJI,2018,58.03415954
DJI,2007,54.30194779
MDG,2007,54.0516345
MAR,2001,61.30445137
CIV,2011,50.20756319
TGO,2015,55.05854475
SDN,2020,59.16577302
ERI,2012,53.45683915
SYC,2016,62.48349056
CPV,2020,61.67532353
CMR,2015,51.07009408
SSD,2016,50.10679303
GMB,2009,54.10425023
DZA,2003,63.92286126
CPV,2017,65.31105383
NAM,2016,56.08022042
COD,2008,48.39152761
TUN,2017,67.07488131
MOZ,2003,43.55375136
CMR,2012,50.02965954
COD,2018,52.13515214
TUN,2010,65.76730257
BEN,2002,50.46726855
ETH,2003,47.96498165
ZMB,2015,52.65751174
KEN,2021,59.19442616
GNQ,2001,47.73578264
CMR,2008,48.95510669
UGA,2002,44.01737369
GMB,2013,55.62163985
MLI,2007,49.76898107
KEN,2019,57.1196694
CPV,2016,65.25567881
BDI,2021,55.84413911
BWA,2013,51.66042254
BWA,2008,47.78400493
MAR,2003,60.67580152
NAM,2004,46.58528212
COM,2002,55.24746773
CPV,2000,60.21795398
SEN,2014,58.33150255
BDI,2012,54.15135026
SOM,2009,43.30816797
ERI,2007,49.27091183
ZWE,2017,52.19289847
TUN,2020,65.6443338
BWA,2013,53.46688871
TGO,2010,51.02727039
EGY,2018,63.15712173
SSD,2013,51.9682456
ZWE,2006,41.16225673
SYC,2006,61.42063907
ZMB,2014,52.25649549
SDN,2003,55.1347936
CMR,2008,48.63104318
DZA,2016,65.98024783
SDN,2011,57.959488
COD,2011,49.25742689
SEN,2008,56.50425265
CMR,2016,52.32408036
SEN,2003,53.16889064
SOM,2015,45.88934985
UGA,2020,57.68586334
SLE,2012,49.09399327
NAM,2016,52.4308749
CIV,2004,45.46348778
ETH,2009,54.76929165
DZA,2018,66.96016512
GHA,2011,53.91490889
LSO,2010,40.75762813
CAF,2015,44.28999955
CMR,2010,49.34904623
DJI,2003,51.85941557
ERI,2004,50.15718617
BFA,2019,56.08566712
SLE,2017,51.57863556
CMR,2004,46.90690808
AGO,2010,50.36859207
COM,2007,56.6693042
TUN,2013,65.38904416
GMB,2017,56.10230417
GAB,2021,55.26731619
GMB,2002,52.19922178
GAB,2020,55.36814385
BWA,2014,52.36042225
SYC,2018,62.49041293
SDN,2011,58.12732762
DJI,2016,56.0954336
SSD,2019,49.89803232
CPV,2019,67.0604526
MOZ,2009,47.19505585
BFA,2019,53.77537957
DJI,2019,57.61308429
CAF,2006,39.93658301
SEN,2016,59.21163129
CAF,2003,38.83865257
ZAF,2016,54.74947162
CAF,2012,43.30782343
GIN,2005,49.4079211
EGY,2020,61.849517
RWA,2013,58.47513277
MOZ,2016,50.59432962
GMB,2019,56.30803239
MAR,2006,61.64298152
ZMB,2010,49.92398062
BDI,2001,41.57557598
TCD,2012,49.68837595
DJI,2004,52.00095698
TCD,2003,44.93865374
CPV,2017,66.73199218
NAM,2010,54.74304581
CAF,2005,39.54750179
BFA,2001,44.82681252
MWI,2017,56.44969428
TUN,2007,65.45801584
LSO,2000,43.29174969
TUN,2018,66.47597173
SWZ,2000,41.41587052
MUS,2015,64.31887432
CIV,2002,45.09539083
BFA,2006,49.59156225
GNQ,2009,51.82472199
ZMB,2018,53.54286138
CPV,2007,63.919721
STP,2018,62.64911064
MLI,2006,49.22795004
MAR,2017,63.42348432
GIN,2000,47.43346882
MAR,2021,62.8192999
MWI,2020,55.70998006
COD,2021,53.20515661
LBY,2021,62.45618852
KEN,2008,51.42282953
GIN,2003,48.70034045
EGY,2019,61.65631069
SDN,2018,60.06541967
TCD,2015,50.39477229
LBY,2009,64.08836026
KEN,2014,54.64080083
ETH,2005,49.75396937
SOM,2021,46.23435368
GNB,2014,48.92372099
GIN,2005,49.543375
MRT,2011,61.4275749
MLI,2018,53.39090323
MOZ,2014,46.55344889
GHA,2020,58.02110423
TCD,2003,45.37252353
CPV,2005,65.37255457
STP,2011,60.77146973
GNB,2021,51.45036507
CAF,2015,43.13197366
GHA,2015,55.40691892
CMR,2011,49.75203426
GHA,2019,57.94305064
CMR,2014,51.14136192
TZA,2017,57.62930057
MWI,2000,39.21935137
TUN,2004,65.04247304
MRT,2020,60.12384081
MWI,2007,45.63532027
RWA,2021,57.88316157
SEN,2012,57.38725791
SYC,2006,63.89835998
TGO,2015,53.03079882
CAF,2014,42.78043036
SYC,2016,66.38488118
MWI,2002,40.41533698
DZA,2011,65.35785983
SWZ,2007,38.47227093
BFA,2004,47.39050562
GAB,2012,55.10598141
GNQ,2004,48.5043656
MUS,2002,62.56922125
TGO,2010,52.58593875
ZWE,2010,45.31472879
MWI,2013,53.13317476
CAF,2007,41.918019
SEN,2013,57.73187721
ZMB,2012,49.93583898
LBY,2009,64.00008209
SSD,2019,50.95647471
NER,2005,47.82654004
NER,2021,52.43441274
GIN,2008,50.35071657
SDN,2007,56.90117492
BFA,2004,48.06549348
BEN,2010,52.35667142
ZWE,2007,41.89404164
TUN,2008,64.92780623
RWA,2016,58.54677594
GMB,2014,55.19173216
BFA,2008,49.23614168
COM,2005,56.33533501
CMR,2005,47.41892564
LSO,2011,44.80618404
TCD,2018,51.7847112
MAR,2010,63.05135044
MUS,2011,63.88767844
DJI,2001,51.63083287
MOZ,2002,43.24234647
SLE,2015,49.64557704
SWZ,2005,37.41384324
COD,2011,49.92491032
NGA,2013,53.30546147
MUS,2010,65.76976395
SWZ,2009,38.43930607
MWI,2011,52.13096237
COG,2012,53.29986936
COM,2003,55.88015101
EGY,2016,61.85872841
ETH,2020,60.63566581
BWA,2010,50.07797958
TCD,2019,51.7750884
BEN,2009,53.80004786
COG,2007,51.83881045
ZMB,2021,52.97009434
MRT,2014,59.86960051
SWZ,2010,39.36881126
SEN,2000,50.9548744
RWA,2015,57.38120436
COG,2002,47.4991436
MAR,2020,62.08906222
MWI,2012,50.88230701
GHA,2017,56.02266334
CPV,2001,60.45372048
ZMB,2020,55.00799571
UGA,2006,47.33743705
GIN,2015,51.88289177
AGO,2000,41.31908924
KEN,2013,55.35962981
LSO,2013,42.66832079
SLE,2004,45.25128636
SEN,2002,51.53861457
ERI,2018,55.40494656
NER,2014,52.16697536
SSD,2007,49.64061473
DZA,2010,66.0055546
BWA,2010,49.20151194
MUS,2013,62.26566228
BDI,2003,41.79675643
NER,2002,45.5864795
ZMB,2021,53.92489394
NAM,2011,55.44184345
GAB,2003,50.68426014
CPV,2014,63.62468305
SEN,2006,54.81079452
GIN,2010,50.97591393
CPV,2000,62.4373487
RWA,2000,40.03365465
GIN,2017,52.76736394
NER,2014,51.97681471
SOM,2016,47.58295501
UGA,2008,51.54197011
COD,2016,52.24641076
SYC,2017,62.50832954
MWI,2008,48.43520333
LBY,2013,64.06337146
EGY,2015,60.51250849
GIN,2012,51.53863423
MOZ,2010,45.20816312
MRT,2009,60.81045528
BDI,2019,56.2073357
ZWE,2005,40.56152248
TCD,2009,48.01678503
TCD,2010,48.47130175
CIV,2016,52.72973965
CIV,2012,50.1266642
COG,2013,54.27211493
ETH,2016,58.85858138
GNB,2005,46.96659451
GAB,2021,57.44189729
CPV,2007,61.93964867
EGY,2019,62.51960396
KEN,2016,55.86001293
SSD,2011,51.67738131
GIN,2017,52.65789484
MWI,2002,40.53004062
BFA,2011,50.53449293
KEN,2017,58.72135702
MUS,2015,66.14273254
ERI,2017,53.13874306
COM,2018,59.99546401
CIV,2001,45.68048006
TZA,2005,49.41822612
MWI,2012,53.45733067
DZA,2020,64.53930584
DJI,2020,57.39405398
EGY,2001,61.32908581
MWI,2020,57.04498575
GNQ,2009,50.93071576
GAB,2014,55.32160814
SEN,2004,53.52492769
AGO,2006,46.05597835
NGA,2017,54.17267199
MOZ,2020,49.45079995
GNB,2007,46.99556584
ERI,2005,50.56105252
CPV,2010,64.54708586
STP,2001,56.49113557
MLI,2009,50.70002629
MDG,2015,55.9203742
TGO,2004,50.32447103
MDG,2021,55.18972646
CAF,2011,42.99058628
CAF,2003,39.12704387
GNB,2017,52.23500048
DZA,2010,65.22624493
UGA,2017,54.66379873
ZAF,2019,57.72860198
AGO,2020,55.45256853
MRT,2019,62.48887479
BEN,2005,50.75049174
GIN,2001,47.80147576
MDG,2008,54.20615932
SWZ,2002,38.05198647
BWA,2014,54.03198674
ZWE,2021,50.1810262
MAR,2002,61.10275701
CAF,2015,45.65064296
SWZ,2003,38.37078082
UGA,2009,52.5778692
GMB,2008,53.60345252
TGO,2020,54.91622881
SWZ,2012,41.3548239
COD,2009,49.55870072
SYC,2008,66.43548157
BWA,2021,52.26901048
MLI,2001,46.54001137
NER,2009,50.58509996
KEN,2010,54.39842399
ZWE,2005,40.70671013
ZAF,2000,49.40035764
SEN,2016,59.0163815
SLE,2002,43.88503036
GMB,2016,55.63011253
ERI,2000,50.89094633
BEN,2003,50.04624343
COD,2020,54.73620344
COG,2016,55.12428121
BDI,2020,55.23407602
MAR,2009,62.24419256
COG,2002,46.8623953
BWA,2003,43.00566255
GHA,2013,54.72145895
GAB,2015,54.48498569
BWA,2011,49.77508194
RWA,2009,54.6732986
BFA,2008,50.97893288
NER,2005,48.02565611
ZAF,2018,57.34303467
ETH,2006,50.94521293
CAF,2016,43.35621202
SYC,2007,61.67710357
BEN,2013,55.0260228
MUS,2006,64.90891649
ZWE,2015,50.51099991
RWA,2018,59.78837256
EGY,2003,61.29726382
LBR,2010,52.24885937
MAR,2020,62.38086268
COM,2018,59.69326517
NGA,2018,54.6540308
SDN,2019,60.25570093
GAB,2010,53.50988277
GNQ,2012,52.08502327
CIV,2018,56.18005281
AGO,2007,48.04794308
GNB,2000,45.18730143
NGA,2006,50.00572132
DJI,2000,51.59311424
CPV,2013,66.63574427
DJI,2008,53.4389896
EGY,2014,61.6640754
MWI,2000,39.00917863
GAB,2021,56.25886929
MAR,2008,61.41655667
SDN,2009,57.45458725
GAB,2020,57.66268537
BDI,2002,42.58112133
SSD,2004,46.79309993
DZA,2014,66.62753338
SYC,2002,61.00731415
COM,2000,54.39119308
GNB,2007,47.9575506
AGO,2012,51.67331406
CMR,2007,47.72186599
DZA,2013,65.62899419
NER,2008,50.34875896
SWZ,2018,45.788996
RWA,2010,56.55007919
DJI,2009,54.34782781
DJI,2020,58.15724768
MWI,2011,50.98246482
TUN,2003,64.87330066
CIV,2007,47.8506903
LBY,2003,63.7837625
SEN,2008,55.76696399
BWA,2021,53.10367193
MRT,2004,57.31483743
GNQ,2021,53.25633064
SEN,2009,56.24330598
SWZ,2020,46.85909622
STP,2005,58.24763936
SLE,2018,52.13919893
TGO,2021,55.00928977
DZA,2017,65.29234325
TUN,2011,65.21549637
SEN,2009,56.60626885
COM,2011,58.11362555
TUN,2006,64.62147427
MRT,2002,55.40124545
AGO,2016,55.00757335
TZA,2003,47.89784798
GIN,2010,51.11451308
SLE,2009,47.20521411
ZAF,2007,45.85225535
EGY,2012,61.17590333
GAB,2001,49.74681077
TGO,2013,52.31853355
DJI,2015,56.96550701
NGA,2000,46.62992657
MRT,2017,61.27797086
LBR,2017,52.69473478
GHA,2010,55.31126348
CAF,2021,45.43289279
CAF,2002,38.45388666
COD,2015,51.83160494
DJI,2010,54.63179732
GMB,2004,52.28488734
BFA,2013,52.57291578
EGY,2003,59.26171504
GIN,2011,51.40161656
SSD,2002,46.1397288
SWZ,2018,50.08054511
GNB,2002,45.91965661
STP,2017,62.50149509
DJI,2001,53.08247456
CMR,2009,49.48371281
MAR,2003,61.7551185
MLI,2005,48.75973562
CMR,2009,49.1666294
EGY,2006,60.91773726
DZA,2009,65.73674317
MDG,2001,52.05986586
LBR,2014,49.73694986
ZWE,2013,48.0062148
SDN,2019,59.97923672
ETH,2018,59.60970909
COM,2007,57.04648447
NGA,2014,52.94294238
CIV,2002,45.98713984
GHA,2005,52.13075939
SWZ,2010,40.76551799
NER,2007,49.33847177
RWA,2005,49.45393816
COM,2017,59.33277612
COM,2011,57.81647363
LBR,2021,53.42761297
TZA,2014,56.96169359
MAR,2009,61.62276737
GMB,2016,55.87104033
BWA,2020,56.29608445
TCD,2002,45.10287847
LBR,2006,49.60220247
COD,2017,52.60641325
RWA,2001,42.81312145
NAM,2006,49.59538661
SDN,2008,57.24070465
TUN,2008,66.34628807
GNQ,2016,52.49982229
MLI,2020,53.45345314
BEN,2021,56.5938022
RWA,2009,55.62845353
SEN,2009,56.97254217
TUN,2015,66.89512007
MUS,2007,63.19786572
TZA,2010,54.08265365
TZA,2006,50.55332949
EGY,2005,60.87111776
AGO,2020,54.32812945
MRT,2021,59.80168641
SOM,2005,45.16388582
GIN,2011,51.26526446
UGA,2015,55.84688197
BWA,2020,55.09506801
UGA,2002,43.03194588
NAM,2000,46.7211181
BFA,2000,45.68626247
MLI,2020,53.15007186
MDG,2010,54.80866761
COG,2013,52.75296729
SOM,2009,46.16796481
ERI,2016,52.82448722
CMR,2019,54.96472627
STP,2016,62.32219989
SSD,2009,49.84973851
MAR,2007,62.40475533
MDG,2014,55.51048978
SDN,2020,59.12421478
BEN,2001,50.17139988
SDN,2009,57.56158295
MAR,2000,61.05424214
ZMB,2015,53.64110505
GNQ,2016,52.73407315
TZA,2007,51.9439819
GNB,2013,51.09965705
AGO,2007,46.92659604
NAM,2012,51.63190426
SSD,2017,49.7924725
CAF,2019,47.74824575
GHA,2006,53.66786607
NER,2016,52.3858412
ERI,2016,54.858112
LBR,2010,50.55727995
SDN,2001,54.45052907
ZMB,2015,51.55486303
MUS,2012,62.14125828
UGA,2007,50.42627297
SWZ,2008,40.218215
TGO,2014,54.68856145
TZA,2005,49.39488411
EGY,2001,59.13896048
TZA,2004,48.61547153
TZA,2009,53.35802422
MRT,2021,61.08438485
DJI,2005,52.8806216
ERI,2020,53.82498944
SSD,2001,45.48404039
STP,2010,60.42910892
CPV,2019,64.75678835
ZWE,2020,52.19894576
BEN,2016,54.90478278
GMB,2014,55.75065168
SLE,2006,45.20023252
SOM,2005,42.65833676
MDG,2011,55.33591977
COD,2006,46.87040842
BFA,2016,54.94016596
MAR,2001,60.49724051
GMB,2010,54.52875032
DJI,2015,56.29937022
TGO,2008,50.71275851
GHA,2012,54.34031896
EGY,2007,60.10433855
GNB,2011,49.11595272
ERI,2009,52.2966904
BFA,2007,50.28929586
GIN,2011,51.15426363
EGY,2009,62.09027622
BFA,2001,46.12936817
NGA,2001,46.74427454
MWI,2015,52.75771392
MAR,2018,62.91637839
MLI,2003,48.28302766
DZA,2003,63.28016406
MRT,2014,61.86619119
RWA,2017,59.61467036
DJI,2021,56.33500234
SDN,2005,56.14688318
SLE,2020,52.68410108
EGY,2010,62.09471586
BEN,2004,51.77214713
SLE,2010,47.88596827
BWA,2004,43.13085247
SLE,2020,52.64918501
COG,2000,45.84978072
MAR,2021,61.84438848
COD,2001,45.33070602
SWZ,2019,48.65202382
MDG,2011,55.05214797
COM,2019,59.44403936
GNQ,2019,53.1671455
GHA,2000,52.05485293
DZA,2012,66.32155945
TUN,2010,65.13573775
ZMB,2005,43.79955293
ZAF,2002,47.07074324
UGA,2016,58.40017106
SEN,2005,53.93447784
SWZ,2019,46.64054774
DZA,2006,63.97606158
NAM,2004,45.61107754
GMB,2021,55.84254371
CPV,2006,61.90214476
NGA,2012,52.41008587
BWA,2000,41.30771493
BFA,2012,52.11796699
SEN,2000,50.56632881
BEN,2021,54.86704055
SSD,2020,51.9609507
SLE,2013,49.74467652
EGY,2004,59.59915802
COG,2011,52.3192233
MDG,2001,51.78985757
DZA,2002,63.24433132
GAB,2013,53.88405056
SOM,2007,44.03196045
GNQ,2019,52.76160787
SDN,2007,56.9040371
ZAF,2015,55.65311465
NGA,2008,51.09274831
CMR,2014,50.54396453
SWZ,2021,49.34379264
GMB,2007,53.27172053
NER,2013,52.10403256
GHA,2011,55.94769184
TCD,2006,45.5827039
COM,2012,58.45247389
LBR,2016,52.220437
SEN,2008,56.13226963
COG,2004,48.24409164
CAF,2010,42.74297006
TGO,2006,51.00397433
STP,2021,62.44256326
MWI,2021,53.45148861
ZWE,2021,51.24891236
TCD,2005,46.50810761
COD,2011,50.61164431
NER,2013,51.9335135
CAF,2005,39.932623
LBR,2018,54.25995849
DZA,2000,62.89042908
KEN,2020,59.74404986
GHA,2016,55.70176866
MWI,2020,54.42693325
TGO,2019,55.80712266
COG,2004,47.36393002
CIV,2021,54.5798049
NAM,2012,55.91965873
CIV,2003,45.4625147
TUN,2014,66.09020411
MUS,2021,65.55587713
EGY,2004,61.59865382
MRT,2006,59.49808702
UGA,2010,52.0889511
CPV,2011,64.66629242
SYC,2000,60.90750295
GNQ,2005,48.82605222
ERI,2010,50.40250495
SLE,2003,44.12229104
NAM,2018,54.96511906
SEN,2017,59.31616584
NGA,2021,54.94979444
MWI,2002,40.73697816
BDI,2007,49.10419145
CAF,2001,38.24260452
LBY,2014,61.80000074
MDG,2018,56.16284518
MUS,2002,64.46365885
MUS,2003,64.52783804
GNQ,2002,47.57202844
LBR,2011,50.92910266
KEN,2021,57.28331604
GHA,2008,52.79984941
AGO,2005,47.27242566
TCD,2010,48.91239645
CAF,2013,41.70517317
DZA,2019,66.1377459
DZA,2012,64.77847708
BFA,2003,45.97038144
LSO,2014,40.88279837
GMB,2015,55.39592363
STP,2020,62.23196043
BEN,2019,56.83105426
STP,2013,61.45892394
COM,2008,57.41007662
MOZ,2020,52.11865138
GIN,2004,48.94909609
ERI,2012,51.27185895
NGA,2011,52.43033258
SSD,2019,52.00308451
SWZ,2007,37.845019
KEN,2001,47.1410864
NAM,2009,54.13128082
NER,2000,43.56872648
SLE,2005,44.77535341
CAF,2021,47.28854749
SLE,2012,49.14304632
DJI,2017,57.68411813
ZMB,2016,53.13472021
BFA,2018,54.75006335
MDG,2015,55.65835116
BDI,2004,44.86712906
ZWE,2011,45.81475877
GNQ,2014,53.066796
MDG,2000,51.33477994
NAM,2007,48.08900547
STP,2016,62.23393569
BEN,2018,55.53355691
DZA,2021,65.54819194
TCD,2011,48.87551706
MRT,2001,56.67577938
BDI,2016,54.08261188
ERI,2005,53.10337484
COD,2003,45.9214964
NGA,2003,47.81233174
TCD,2009,47.60659988
MOZ,2009,45.177275
TGO,2005,49.80461532
SDN,2002,55.0276623
UGA,2001,44.15788214
MUS,2001,62.40761396
BDI,2006,47.78586687
BDI,2010,52.5581933
MAR,2019,63.04346629
BWA,2012,51.84741485
CIV,2006,47.83130414
CMR,2009,48.86779226
NAM,2019,55.53160284
ZAF,2017,53.78171191
COD,2013,50.86556212
BEN,2008,51.74422667
EGY,2000,61.52486256
ZWE,2013,50.59316466
COD,2006,48.08702667
SYC,2011,62.59686213
GMB,2000,51.51229641
MUS,2019,66.11935948
TUN,2012,65.97451525
DZA,2014,64.95731878
DZA,2020,63.74279981
CAF,2013,44.30581121
MWI,2005,43.44472443
MLI,2002,47.70276006
EGY,2002,60.2818549
COG,2003,47.46811693
SWZ,2008,37.99299083
BWA,2011,51.6891966
MDG,2017,56.07367132
TUN,2019,66.6757488
GHA,2006,52.93891463
EGY,2002,61.33899363
COD,2000,45.02578431
SDN,2001,54.54317315
NER,2008,50.09598441
SSD,2003,46.7114349
STP,2018,62.77436119
CPV,2018,66.90599723
GNQ,2018,53.18111285
TCD,2008,47.83794949
KEN,2020,57.07870511
LBR,2021,54.52809062
TUN,2003,64.12169897
ERI,2015,52.44546336
NGA,2004,48.34319648
CMR,2008,48.32570869
SOM,2005,43.8536321
ZWE,2001,40.47967001
UGA,2014,57.38404623
MOZ,2014,48.97440973
LBR,2000,45.45275093
TCD,2017,51.08215565
MAR,2004,61.32172923
MUS,2005,64.7101176
DZA,2009,65.04300886
ETH,2007,52.51147343
BFA,2015,53.50154549
GIN,2018,53.02539842
CMR,2007,47.99559206
COM,2001,54.91857868
TGO,2016,54.40971347
SWZ,2012,43.05538427
NAM,2002,44.73218285
NGA,2001,47.28917444
TGO,2016,55.49907417
MDG,2002,52.22685416
GNQ,2007,50.66376684
SEN,2002,51.99575769
NER,2009,50.31564402
SEN,2013,58.19502144
TCD,2014,50.04902706
LBY,2015,61.76325958
ERI,2018,57.37086023
ERI,2004,47.77026761
LBY,2010,64.04322531
ETH,2004,48.90736067
STP,2006,58.71240747
ETH,2014,57.96437944
TCD,2001,44.38338537
RWA,2020,60.36423328
KEN,2003,47.98278024
COG,2019,54.0563836
UGA,2016,54.10236237
MWI,2005,43.5207372
NER,2000,44.15041001
LBY,2012,63.61486961
CPV,2008,64.29341904
GHA,2021,58.9131059
MRT,2007,59.91610972
ETH,2017,59.27151327
CAF,2004,40.07274828
MWI,2017,54.91824669
AGO,2016,52.47207791
LBY,2014,63.66846002
DZA,2020,64.14079841
GAB,2007,52.26823048
UGA,2004,45.02317821
TGO,2018,56.51002876
STP,2010,60.44919866
MRT,2019,61.59490029
ZMB,2010,50.94331689
ETH,2000,44.45066735
COM,2015,59.31035724
LBY,2017,63.11142666
GAB,2005,51.42437869
MRT,2007,57.88990063
MRT,2021,60.39312204
DZA,2002,63.6391884
DZA,2018,66.06299421
BEN,2014,53.38564588
LBY,2005,63.86164935
SYC,2016,64.30730371
SWZ,2004,37.1581294
AGO,2004,45.43836443
KEN,2004,48.54208284
ZAF,2017,55.45014033
ETH,2011,55.96727913
COM,2020,59.62587987
CPV,2017,63.89146437
DZA,2004,64.37406382
TUN,2017,65.66895061
SOM,2012,45.99767969
EGY,2009,60.15122326
BFA,2014,53.06243959
MOZ,2001,44.84023018
GHA,2005,53.31879596
UGA,2014,53.03547574
TUN,2014,66.82437566
SDN,2004,55.13443535
DJI,2012,55.86801463
CMR,2014,51.77712599
SSD,2002,46.87626865
ZAF,2011,51.74941978
ETH,2020,59.8004592
MLI,2016,52.35429166
MOZ,2019,50.6474368
MWI,2009,48.07972252
SEN,2019,59.62043743
TUN,2000,65.27386325
GNQ,2019,53.50747979
MLI,2018,52.96858103
BEN,2013,53.12654603
RWA,2008,53.91098628
ETH,2019,59.20351316
BWA,2001,40.2647863
GMB,2018,56.67579694
BEN,2008,52.47686128
DJI,2005,52.29512919
BDI,2014,55.38632233
MWI,2018,56.70222925
BFA,2013,51.37798912
UGA,2019,55.58300662
SSD,2012,51.91678319
MLI,2000,46.06432983
GAB,2006,51.91377128
CIV,2013,51.75793248
CMR,2020,53.60653221
SOM,2021,47.42338531
LBR,2006,48.83754399
MAR,2011,63.2160696
DZA,2021,66.37520233
DZA,2021,64.79363685
BDI,2002,40.81189024
AGO,2001,44.98802778
ETH,2001,46.21774425
CPV,2019,62.29911344
TGO,2009,51.18613769
COM,2021,59.1302193
MWI,2007,46.73315153
SWZ,2012,45.07922893
BWA,2000,40.47435855
ZMB,2005,43.13726553
LSO,2004,39.49290147
LBR,2013,51.50716573
CMR,2000,46.13374164
SLE,2006,45.50024577
ZAF,2010,48.2041057
BDI,2005,44.32195311
LBY,2003,63.09430652
SYC,2009,66.63321137
GIN,2006,49.70836806
ETH,2007,52.13357573
SOM,2003,44.92217903
GMB,2000,51.87322895
LBR,2008,49.90071768
SOM,2003,42.39547863
RWA,2015,58.33824926
SYC,2014,62.63701366
GMB,2012,55.06823032
GMB,2001,51.72922961
ETH,2020,58.98467236
AGO,2005,45.30842941
SSD,2005,48.56999314
CMR,2002,46.11588107
NAM,2020,53.59929133
GHA,2002,51.65829607
MOZ,2020,50.74977703
CIV,2015,53.17791962
SSD,2013,50.94743898
SSD,2015,52.18313073
STP,2004,57.73687423
CPV,2006,65.61741898
BFA,2009,49.74843891
AGO,2004,44.41731746
GMB,2010,54.1944895
SSD,2002,45.37253618
MAR,2004,61.87762995
LBR,2012,52.88514401
COD,2010,48.84639513
NAM,2001,45.13264573
GAB,2016,57.04439054
COM,2006,56.67272472
SOM,2000,44.67710033
TUN,2001,64.55581644
BEN,2005,51.39741342
ZAF,2001,47.13213569
MOZ,2002,44.11376202
ERI,2010,52.64178906
ZWE,2014,49.01367935
GNQ,2006,50.06282566
ERI,2013,53.79847087
NER,2018,52.82106738
SLE,2008,46.58076624
SLE,2005,45.48394767
AGO,2003,43.86318748
GHA,2001,51.52301166
LSO,2008,41.27456261
COD,2008,47.77687802
SYC,2002,66.52586469
TZA,2006,50.4947101
ERI,2006,48.79227031
STP,2012,61.13273713
ERI,2019,55.67193443
SLE,2017,51.67379189
CIV,2009,49.14417088
COD,2005,47.63090023
COM,2013,58.44752787
TZA,2021,57.86712035
ZMB,2000,38.88909325
SYC,2000,63.68929372
NGA,2012,52.63054275
TGO,2014,53.57856354
MLI,2006,49.91184404
DJI,2003,53.15883604
MLI,2017,53.66347432
COD,2015,51.00769928
NGA,2021,54.99447402
TZA,2010,53.91693682
BFA,2002,46.0257041
GNQ,2021,53.52490613
GNB,2008,47.61975578
ZMB,2017,52.22669986
LBY,2017,62.44754325
BWA,2005,46.0953444
CIV,2015,52.13334162
SEN,2013,57.96403234
MDG,2010,55.11836111
SLE,2008,46.6992809
BEN,2014,54.32969398
ERI,2001,46.26229196
UGA,2012,52.0606047
ETH,2008,52.74852667
AGO,2010,49.26125794
BEN,2012,54.71050855
CMR,2003,46.07537145
MAR,2014,63.65452083
ETH,2009,53.64962889
SSD,2018,49.81474529
DZA,2019,65.33705051
MOZ,2015,49.83018546
AGO,2011,51.05446448
GMB,2012,55.43271417
LSO,2001,40.7034823
TZA,2018,57.60616297
BFA,2018,53.64951565
LBY,2016,61.77414869
SLE,2001,44.07402175
SSD,2020,50.84125547
ZMB,2011,51.51693133
ERI,2000,47.68978394
SEN,2006,54.50760432
STP,2007,59.17056853
TCD,2003,45.828351
COM,2012,58.30750825
SYC,2021,65.20075588
TGO,2000,48.39490147
MRT,2008,60.41141846
KEN,2012,56.11980422
STP,2003,57.32085355
MWI,2014,55.3911781
SYC,2014,64.45434774
CPV,2020,64.27348663
DZA,2010,64.521688
SWZ,2009,41.09990898
LBY,2006,64.55093188
NER,2001,44.4489964
BFA,2016,53.87467137
GHA,2005,52.69056198
COD,2012,50.3532154
BEN,2018,54.6213382
UGA,2018,55.1735936
AGO,2021,53.76187008
GNQ,2000,47.31083455
ZMB,2001,39.2813172
BWA,2006,47.52523074
BEN,2017,54.28922293
AGO,2006,48.1658169
BFA,2004,46.66099118
EGY,2003,60.27414769
BFA,2006,48.04541509
MUS,2009,63.58296044
BEN,2013,54.06689104
CMR,2003,46.26193963
MRT,2001,55.70190453
NER,2019,53.15432072
COD,2009,48.90379532
COM,2021,58.91233661
GNB,2020,49.97474033
BWA,2015,54.59507157
DJI,2008,54.036812
MOZ,2018,51.64264813
GNB,2019,52.96140197
ZWE,2018,51.62104799
AGO,2008,47.75109548
ERI,2003,47.29592339
GHA,2016,56.84244586
CAF,2007,41.07001601
SSD,2007,49.04271789
LSO,2012,41.14624252
NER,2018,53.24299328
SDN,2014,58.9279384
KEN,2011,54.34378906
NER,2002,45.30773077
COD,2003,45.15885155
STP,2019,63.0911443
ETH,2006,51.18628027
CIV,2010,49.40215076
SSD,2020,49.72045329
TUN,2019,67.37793537
RWA,2014,57.1119877
SEN,2003,52.54167649
ZMB,2017,54.48578448
MDG,2005,53.45477064
GNB,2015,50.50985495
LSO,2013,41.06131762
ZAF,2000,47.88619909
MAR,2013,62.92437652
GAB,2008,52.71486788
BWA,2017,56.24116088
GIN,2014,51.56699959
ZWE,2018,52.62231577
SYC,2012,66.62905016
TZA,2012,55.41315976
TCD,2002,45.63042604
GAB,2010,54.05774294
MLI,2014,52.1384186
TCD,2002,44.59801192
SOM,2019,48.65431671
SWZ,2001,38.9369529
SLE,2015,49.73275888
CMR,2002,46.33790785
BEN,2016,55.85865955
BWA,2008,48.69864214
ZWE,2018,50.54768966
MAR,2017,63.96288846
ZWE,2011,47.96488718
GNQ,2020,53.20626566
CPV,2014,65.18582594
MDG,2014,55.81477083
SDN,2017,59.88048401
NER,2008,49.82359132
BWA,2016,53.57296819
CIV,2003,46.3219491
GNQ,2001,47.28122224
LBY,2016,62.7025986
MOZ,2000,42.67548329
GNQ,2016,52.70724379
LSO,2015,42.56373219
TZA,2019,58.31164253
MUS,2009,61.67485424
BDI,2006,47.36594633
BWA,2009,49.40318462
CIV,2000,44.52010724
CIV,2017,55.64891674
MLI,2015,52.44204707
ZAF,2014,55.20921553
EGY,2005,61.799838
SEN,2007,55.86514946
CMR,2011,50.05536433
ERI,2002,46.82091021
GMB,2015,55.9248003
GMB,2019,56.93425934
CPV,2001,62.68508391
RWA,2003,45.0310363
BDI,2014,54.38874044
LBR,2005,47.97152673
MOZ,2010,47.23117734
BFA,2000,44.40304425
CPV,2010,66.18188794
CMR,2006,47.78136971
GIN,2018,53.11118178
SWZ,2020,50.83442477
UGA,2013,54.51526919
ETH,2001,46.20360258
ZAF,2006,45.52262122
SSD,2010,50.04406319
KEN,2005,48.8742921
GNB,2011,50.10316257
SDN,2000,54.28835514
MLI,2019,53.39763021
GIN,2021,53.34837354
LSO,2007,38.10414401
GAB,2015,56.81263264
CAF,2011,42.23229705
EGY,2019,63.39501519
GIN,2018,53.21205462
MAR,2012,63.37577523
EGY,2006,59.9743526
MLI,2011,51.92498439
ZWE,2000,40.86750077
BWA,2019,55.04172883
GHA,2016,58.07129035
SSD,2014,50.99329981
COG,2018,54.3258432
GMB,2003,52.40744811
SOM,2003,43.59891453
ERI,2000,44.76570103
TZA,2012,54.89980967
SYC,2020,67.0909655
NGA,2013,52.99041115
DZA,2006,64.98703465
GAB,2018,57.39067009
LSO,2016,42.06539691
GNQ,2011,50.52132074
SOM,2019,50.14200275
SOM,2002,44.8241259
MLI,2002,46.33015857
RWA,2006,51.97413983
ZMB,2009,50.2407364
SEN,2014,58.53281935
ZWE,2014,50.05069082
SLE,2014,48.639621
MLI,2012,51.65389321
MAR,2016,63.86046232
CMR,2013,50.2546672
SYC,2019,64.30942507
CMR,2013,50.88104682
BEN,2014,55.2960655
STP,2017,62.61697285
GHA,2008,53.58221679
SLE,2019,52.68221753
MWI,2013,54.61100716
MRT,2006,58.36148053
SSD,2010,51.29203049
ZMB,2006,45.03264787
BEN,2000,50.61079302
NAM,2010,50.56804733
TGO,2014,52.61161631
NER,2011,51.49248128
TCD,2017,50.76477859
MWI,2012,52.12809136
BDI,2014,53.36515046
AGO,2019,53.24205169
SOM,2020,48.55480516
CMR,2018,53.03718604
MWI,2021,55.92571639
GMB,2018,56.34316843
NGA,2007,50.55775194
BEN,2010,53.23814209
TZA,2003,48.02631213
ERI,2020,57.68183352
COM,2003,55.7185698
BEN,2006,52.30554533
BEN,2017,56.14603792
BDI,2018,54.79083623
