iso3,year,dtp3
ERI,2003,93.0
AGO,2012,52.0
GMB,2020,85.0
SDN,2010,90.0
COM,2020,74.0
DJI,2011,87.0
COM,2013,83.0
TGO,2014,84.0
CAF,2012,47.0
TGO,2003,72.0
ERI,2021,95.0
ZAF,2001,71.0
GAB,2001,45.0
GHA,2024,95.0
COD,2014,73.0
SYC,2009,99.0
NER,2008,67.0
LBR,2013,80.0
GNB,2021,67.0
SLE,2010,86.0
AGO,2017,58.0
SEN,2020,83.0
NER,2022,84.0
TUN,2011,98.0
COD,2022,65.0
ERI,2015,95.0
RWA,2004,89.0
BDI,2019,93.0
TUN,2024,97.0
SYC,2006,99.0
SLE,2016,84.0
SEN,2009,86.0
UGA,2004,62.0
ZAF,2008,82.0
TCD,2002,25.0
TUN,2021,97.0
BFA,2006,86.0
LBR,2024,83.0
CPV,2002,91.0
MDG,2024,60.0
LBR,2019,71.0
NER,2006,52.0
UGA,2010,80.0
MOZ,2014,85.0
CAF,2011,47.0
COG,2007,73.0
CMR,2017,74.0
AGO,2022,54.0
SEN,2014,89.0
CMR,2012,79.0
TZA,2014,97.0
LBR,2014,63.0
ZMB,2012,78.0
EGY,2006,98.0
BFA,2010,91.0
BDI,2021,94.0
SSD,2019,61.0
MUS,2017,94.0
LBR,2023,83.0
MLI,2006,78.0
BWA,2000,97.0
TZA,2012,92.0
GNB,2019,78.0
LSO,2020,93.0
GAB,2007,81.0
BWA,2008,96.0
DJI,2019,85.0
SOM,2001,33.0
TCD,2016,41.0
GHA,2017,99.0
SDN,2000,62.0
GAB,2010,67.0
NGA,2012,36.0
KEN,2011,96.0
MRT,2010,64.0
NAM,2002,77.0
TZA,2017,90.0
BWA,2021,95.0
CMR,2003,73.0
GNQ,2007,48.0
ZAF,2019,85.0
ETH,2010,61.0
LBR,2000,48.0
GMB,2001,87.0
NGA,2013,39.0
ZMB,2022,92.0
ZMB,2018,90.0
ZMB,2014,86.0
SSD,2012,63.0
TUN,2012,97.0
LBY,2012,98.0
SEN,2015,89.0
BFA,2023,91.0
UGA,2007,73.0
SLE,2004,65.0
DZA,2023,92.0
STP,2015,96.0
SEN,2021,85.0
ZAF,2003,69.0
GNB,2017,79.0
TCD,2007,29.0
ETH,2004,39.0
SLE,2003,73.0
STP,2018,95.0
LSO,2006,89.0
STP,2011,96.0
MUS,2007,97.0
MAR,2017,99.0
GNB,2024,68.0
MWI,2023,91.0
STP,2022,92.0
GMB,2019,88.0
MWI,2016,84.0
UGA,2016,93.0
SYC,2011,99.0
SLE,2012,91.0
CMR,2000,62.0
LBY,2019,73.0
SEN,2008,88.0
ETH,2014,61.0
TZA,2001,87.0
SLE,2013,92.0
NER,2017,85.0
MWI,2021,93.0
TZA,2024,83.0
MUS,2014,97.0
LSO,2023,90.0
BDI,2005,87.0
LBY,2022,73.0
BWA,2010,95.0
MRT,2000,51.0
GNB,2000,49.0
TGO,2006,84.0
GMB,2016,95.0
EGY,2009,97.0
ETH,2011,65.0
STP,2020,96.0
TZA,2006,90.0
TUN,2001,98.0
STP,2006,97.0
DJI,2017,76.0
GIN,2018,51.0
TGO,2013,84.0
CIV,2016,87.0
BWA,2015,95.0
MRT,2008,74.0
MOZ,2010,74.0
NGA,2017,55.0
STP,2010,98.0
NAM,2019,87.0
ETH,2003,37.0
EGY,2013,97.0
TGO,2008,81.0
ZMB,2024,91.0
MOZ,2005,80.0
TZA,2015,96.0
MAR,2003,91.0
SDN,2011,93.0
ZWE,2013,95.0
MDG,2023,65.0
LBR,2007,65.0
GNB,2007,74.0
COG,2010,76.0
CMR,2005,80.0
MAR,2020,99.0
TGO,2002,59.0
NER,2024,86.0
GNQ,2008,50.0
ERI,2005,96.0
ZWE,2003,68.0
CIV,2024,77.0
MDG,2022,57.0
SDN,2024,39.0
CPV,2017,96.0
GHA,2006,84.0
MDG,2007,84.0
TGO,2004,71.0
EGY,2017,94.0
SSD,2015,46.0
MAR,2015,99.0
SLE,2008,77.0
LBR,2021,67.0
EGY,2001,99.0
SSD,2020,67.0
GHA,2005,84.0
ZMB,2002,84.0
RWA,2016,98.0
BWA,2019,95.0
SSD,2023,73.0
AGO,2000,31.0
LSO,2009,91.0
COM,2023,75.0
COM,2004,76.0
GIN,2011,63.0
GIN,2015,48.0
CIV,2002,65.0
STP,2004,96.0
MWI,2022,86.0
SOM,2011,41.0
ZWE,2002,71.0
ZAF,2009,81.0
BEN,2010,76.0
COD,2004,54.0
AGO,2011,50.0
NGA,2003,29.0
BFA,2024,91.0
AGO,2003,46.0
ETH,2007,50.0
NGA,2010,56.0
MLI,2017,77.0
MRT,2018,77.0
GAB,2020,63.0
ZAF,2007,85.0
CIV,2018,83.0
COG,2003,50.0
DJI,2015,84.0
AGO,2018,67.0
COM,2024,75.0
STP,2009,98.0
DZA,2011,95.0
RWA,2011,97.0
LBY,2021,73.0
GNQ,2003,41.0
GIN,2020,54.0
GMB,2003,87.0
SWZ,2010,89.0
MLI,2024,82.0
GAB,2019,70.0
CPV,2000,90.0
GHA,2012,92.0
BWA,2002,97.0
GNQ,2018,59.0
NER,2003,41.0
GHA,2016,93.0
MOZ,2000,70.0
LBY,2005,98.0
ZMB,2021,91.0
LBY,2023,73.0
COM,2021,72.0
GNB,2022,74.0
MRT,2011,75.0
SWZ,2002,85.0
GNQ,2001,37.0
MDG,2005,85.0
GIN,2009,57.0
GIN,2007,63.0
MUS,2018,97.0
KEN,2017,81.0
BFA,2014,91.0
RWA,2019,98.0
GAB,2015,80.0
BEN,2000,78.0
SYC,2024,94.0
AGO,2005,47.0
TZA,2013,91.0
SYC,2016,96.0
COD,2020,70.0
BFA,2007,89.0
MOZ,2011,77.0
MLI,2007,74.0
GNQ,2013,53.0
MOZ,2021,56.0
BFA,2004,79.0
COM,2015,80.0
TUN,2002,96.0
GNB,2023,74.0
EGY,2010,97.0
DZA,2000,86.0
TZA,2004,95.0
BWA,2009,96.0
EGY,2019,95.0
MAR,2001,96.0
MOZ,2016,85.0
COD,2011,70.0
MRT,2023,90.0
UGA,2024,91.0
LBY,2016,97.0
AGO,2002,47.0
LBR,2012,80.0
NER,2016,80.0
MLI,2020,70.0
ZMB,2004,83.0
ETH,2009,58.0
MAR,2023,97.0
MOZ,2020,71.0
ZAF,2005,81.0
LBR,2006,60.0
MUS,2004,98.0
GAB,2021,75.0
LSO,2004,90.0
TCD,2019,53.0
CAF,2000,37.0
COG,2006,74.0
MLI,2012,65.0
RWA,2009,97.0
GHA,2003,80.0
GIN,2001,50.0
MUS,2022,95.0
EGY,2002,97.0
SDN,2003,69.0
MRT,2013,80.0
SDN,2006,78.0
MDG,2001,60.0
ZWE,2018,89.0
MUS,2015,97.0
ZWE,2020,86.0
SOM,2005,35.0
NGA,2018,61.0
ZWE,2021,88.0
SEN,2024,91.0
COD,2000,30.0
TCD,2014,36.0
MUS,2010,99.0
MWI,2018,92.0
LBY,2007,98.0
LBY,2014,94.0
GIN,2003,57.0
ZWE,2017,89.0
SDN,2017,95.0
ETH,2005,43.0
BDI,2018,90.0
LBY,2010,98.0
GNQ,2024,68.0
TZA,2022,87.0
GHA,2015,89.0
BWA,2022,86.0
MAR,2009,99.0
SSD,2018,59.0
LSO,2024,86.0
TUN,2014,98.0
ZAF,2013,81.0
NGA,2019,66.0
COG,2009,80.0
STP,2017,95.0
MLI,2021,77.0
NAM,2004,81.0
LBY,2011,98.0
SWZ,2005,86.0
GNB,2014,86.0
ZAF,2015,85.0
CIV,2021,73.0
CMR,2019,67.0
LSO,2003,90.0
SLE,2021,92.0
CAF,2017,42.0
CAF,2014,45.0
TUN,2013,98.0
STP,2002,92.0
MLI,2009,73.0
ZWE,2008,75.0
SWZ,2018,90.0
AGO,2014,55.0
ZAF,2006,84.0
LSO,2017,89.0
GNQ,2020,64.0
TZA,2021,86.0
TCD,2021,62.0
ERI,2008,95.0
NGA,2002,25.0
LBY,2024,86.0
DZA,2004,86.0
SOM,2003,40.0
UGA,2023,91.0
BDI,2024,89.0
DJI,2014,78.0
MDG,2003,66.0
GHA,2011,91.0
TUN,2007,98.0
ZMB,2005,82.0
SEN,2023,92.0
MRT,2014,81.0
MDG,2010,70.0
AGO,2019,64.0
STP,2016,96.0
GNQ,2023,74.0
DJI,2009,89.0
KEN,2002,84.0
LSO,2021,95.0
BDI,2023,89.0
NER,2014,82.0
COD,2006,62.0
ERI,2000,81.0
CMR,2009,80.0
NGA,2007,42.0
TCD,2024,68.0
MUS,2023,96.0
UGA,2018,93.0
NGA,2011,53.0
GAB,2016,75.0
GNB,2001,53.0
SDN,2014,94.0
GHA,2014,98.0
GAB,2005,45.0
CPV,2011,90.0
SOM,2002,40.0
NGA,2001,27.0
GIN,2016,47.0
MOZ,2006,78.0
GMB,2010,97.0
MRT,2002,89.0
GNQ,2017,56.0
GMB,2012,98.0
NGA,2021,61.0
LSO,2002,85.0
MUS,2024,93.0
CIV,2005,77.0
CAF,2018,40.0
LBR,2015,65.0
AGO,2023,66.0
ZMB,2003,83.0
COD,2021,65.0
SSD,2024,73.0
CIV,2011,61.0
KEN,2023,93.0
SLE,2019,95.0
BEN,2018,74.0
BEN,2014,74.0
BDI,2002,81.0
LBY,2015,97.0
CMR,2020,68.0
SWZ,2011,91.0
UGA,2013,84.0
TUN,2022,97.0
KEN,2012,94.0
SDN,2005,78.0
GMB,2018,93.0
TGO,2015,82.0
SOM,2012,42.0
RWA,2012,98.0
DJI,2000,46.0
SEN,2004,87.0
SOM,2022,71.0
MUS,2005,97.0
GAB,2003,45.0
LBY,2017,97.0
MWI,2020,94.0
NAM,2014,88.0
MDG,2012,68.0
MDG,2016,68.0
MRT,2016,74.0
CIV,2013,75.0
LBR,2018,81.0
MAR,2007,95.0
UGA,2000,52.0
GHA,2002,78.0
TGO,2020,85.0
GHA,2009,94.0
MOZ,2012,80.0
SDN,2001,66.0
TZA,2008,86.0
CMR,2018,68.0
RWA,2018,97.0
NAM,2007,86.0
COG,2004,67.0
NAM,2000,79.0
RWA,2006,99.0
MAR,2024,96.0
NAM,2020,93.0
ETH,2002,35.0
MAR,2021,98.0
ZWE,2024,91.0
SYC,2004,99.0
EGY,2000,98.0
ZAF,2022,85.0
MOZ,2022,55.0
ZWE,2023,90.0
LBR,2001,44.0
MUS,2021,95.0
ETH,2023,70.0
SWZ,2024,84.0
GNB,2012,87.0
TGO,2001,50.0
BEN,2024,63.0
KEN,2010,90.0
LBY,2020,73.0
GNQ,2000,35.0
ZMB,2001,85.0
COD,2009,71.0
TUN,2006,99.0
CIV,2012,82.0
SLE,2014,83.0
TGO,2009,78.0
BDI,2013,96.0
GHA,2013,90.0
NGA,2024,67.0
SWZ,2012,95.0
BEN,2007,82.0
BFA,2017,91.0
COG,2023,78.0
STP,2007,97.0
KEN,2020,93.0
NER,2021,82.0
MOZ,2009,74.0
MLI,2004,69.0
SWZ,2023,85.0
CMR,2013,76.0
LSO,2019,92.0
SDN,2007,84.0
BFA,2016,91.0
GMB,2014,96.0
MWI,2001,90.0
MDG,2013,70.0
DJI,2024,77.0
ETH,2024,73.0
COG,2016,71.0
BWA,2014,95.0
SYC,2007,99.0
AGO,2021,55.0
EGY,2022,97.0
BDI,2015,94.0
MWI,2006,99.0
TGO,2000,64.0
RWA,2015,98.0
GIN,2010,64.0
CAF,2022,33.0
BEN,2002,75.0
BDI,2012,96.0
NGA,2020,62.0
SDN,2008,86.0
DJI,2012,81.0
SOM,2009,42.0
CAF,2002,44.0
MWI,2002,64.0
TCD,2013,39.0
TUN,2020,97.0
SSD,2017,52.0
CMR,2010,84.0
GMB,2011,96.0
SWZ,2006,87.0
MOZ,2019,85.0
GNB,2004,64.0
BFA,2013,88.0
SOM,2015,48.0
DJI,2004,64.0
COM,2016,75.0
NAM,2005,86.0
COD,2016,70.0
CPV,2004,93.0
ZMB,2008,87.0
SEN,2018,92.0
BDI,2014,95.0
ETH,2018,62.0
UGA,2021,91.0
NAM,2012,84.0
CPV,2020,93.0
COM,2008,81.0
SDN,2022,84.0
GNQ,2011,54.0
SDN,2018,93.0
SSD,2011,61.0
NER,2012,73.0
LSO,2016,87.0
MUS,2000,88.0
CMR,2022,71.0
SDN,2023,51.0
KEN,2018,91.0
CMR,2014,76.0
MRT,2001,75.0
TCD,2003,23.0
RWA,2013,98.0
AGO,2020,59.0
GAB,2011,75.0
DJI,2020,70.0
GHA,2008,93.0
GAB,2009,76.0
ETH,2020,62.0
KEN,2013,87.0
ETH,2006,46.0
SLE,2018,93.0
ERI,2001,86.0
SYC,2012,98.0
BFA,2018,91.0
GHA,2004,80.0
BEN,2012,80.0
CPV,2007,98.0
BWA,2012,95.0
ZAF,2020,84.0
SOM,2007,40.0
COD,2003,42.0
CIV,2020,72.0
ZMB,2006,81.0
DZA,2006,95.0
COM,2011,83.0
MWI,2024,91.0
COM,2010,74.0
MWI,2010,93.0
RWA,2007,97.0
GHA,2020,94.0
LBR,2004,31.0
COG,2022,78.0
SSD,2014,50.0
DZA,2002,86.0
SLE,2020,91.0
SDN,2021,84.0
DJI,2002,62.0
SLE,2007,64.0
SYC,2013,98.0
GNB,2006,71.0
AGO,2004,47.0
SSD,2013,53.0
SLE,2001,38.0
TUN,2005,98.0
BEN,2011,75.0
MLI,2022,75.0
COG,2014,90.0
COD,2010,60.0
MLI,2010,73.0
ERI,2004,98.0
ETH,2015,62.0
MOZ,2004,83.0
ZAF,2004,74.0
KEN,2015,89.0
DJI,2023,72.0
STP,2023,87.0
MDG,2004,78.0
TZA,2002,89.0
NAM,2008,83.0
ERI,2022,95.0
CPV,2012,94.0
SLE,2009,84.0
CPV,2023,93.0
MWI,2014,91.0
GNB,2010,83.0
TZA,2011,90.0
MLI,2011,66.0
DZA,2016,91.0
ETH,2016,64.0
TGO,2005,82.0
TUN,2015,98.0
TZA,2023,83.0
TZA,2007,83.0
SOM,2013,44.0
BEN,2009,79.0
DZA,2012,95.0
BDI,2016,94.0
MUS,2020,95.0
CAF,2006,51.0
TCD,2017,41.0
COM,2009,83.0
NER,2019,81.0
BFA,2002,69.0
MWI,2012,96.0
GMB,2013,97.0
LBR,2011,77.0
MAR,2000,95.0
DZA,2017,91.0
NAM,2023,83.0
ZMB,2017,94.0
SYC,2002,99.0
NER,2023,85.0
SDN,2019,93.0
GNQ,2016,53.0
MDG,2017,65.0
GAB,2006,45.0
MRT,2006,68.0
MDG,2021,55.0
BEN,2017,76.0
SYC,2014,99.0
GHA,2022,99.0
NER,2004,43.0
DJI,2007,88.0
ZMB,2000,85.0
TZA,2019,91.0
EGY,2014,94.0
ZMB,2010,83.0
COG,2013,85.0
MDG,2009,77.0
CAF,2021,35.0
BDI,2020,93.0
STP,2003,94.0
CAF,2024,42.0
COG,2012,85.0
EGY,2011,96.0
COD,2019,73.0
GMB,2005,95.0
GIN,2006,57.0
CAF,2010,45.0
KEN,2004,73.0
MDG,2014,68.0
BWA,2006,96.0
MDG,2006,85.0
BDI,2008,92.0
MWI,2011,97.0
LBR,2009,81.0
SLE,2024,91.0
LSO,2013,93.0
ERI,2009,95.0
NAM,2022,84.0
LBY,2001,94.0
DZA,2010,95.0
LBR,2022,79.0
MUS,2012,98.0
RWA,2023,94.0
NAM,2013,89.0
CIV,2017,83.0
UGA,2012,83.0
TGO,2022,86.0
CIV,2009,81.0
ZMB,2019,88.0
GAB,2018,70.0
SEN,2017,93.0
ZAF,2002,70.0
MOZ,2007,75.0
NGA,2015,42.0
GMB,2006,95.0
GNB,2002,57.0
SEN,2022,93.0
SLE,2017,90.0
LSO,2014,88.0
LSO,2007,88.0
RWA,2005,95.0
KEN,2024,91.0
MAR,2016,99.0
BDI,2010,96.0
NAM,2009,83.0
SDN,2016,93.0
TCD,2023,67.0
ZWE,2015,87.0
SOM,2008,31.0
GMB,2024,80.0
MLI,2001,49.0
BWA,2020,95.0
NAM,2021,94.0
ETH,2022,63.0
KEN,2008,88.0
UGA,2014,85.0
CAF,2008,45.0
LBR,2002,39.0
STP,2013,97.0
CPV,2021,93.0
GNQ,2009,52.0
TGO,2019,86.0
RWA,2008,97.0
SEN,2006,89.0
UGA,2006,64.0
NGA,2006,40.0
CAF,2009,42.0
LBY,2006,98.0
RWA,2024,98.0
UGA,2022,89.0
ZAF,2000,73.0
CIV,2003,62.0
SSD,2021,69.0
COD,2002,38.0
CIV,2006,77.0
ERI,2011,94.0
TZA,2020,91.0
MWI,2005,93.0
COM,2018,77.0
ZWE,2005,68.0
MOZ,2003,85.0
CIV,2001,66.0
TGO,2007,82.0
SEN,2003,73.0
EGY,2007,98.0
AGO,2016,59.0
GIN,2021,56.0
GIN,2000,46.0
SYC,2000,98.0
COG,2019,79.0
BFA,2008,93.0
MLI,2023,75.0
TCD,2008,19.0
TCD,2004,22.0
LBY,2003,95.0
SEN,2010,89.0
MDG,2015,62.0
SWZ,2007,87.0
MRT,2017,76.0
MAR,2013,99.0
TUN,2018,97.0
MAR,2010,99.0
RWA,2017,98.0
TCD,2009,26.0
MUS,2016,96.0
CAF,2007,48.0
SWZ,2019,90.0
NER,2005,45.0
MRT,2022,85.0
BWA,2018,95.0
BWA,2004,96.0
NER,2000,34.0
CPV,2014,95.0
GNQ,2015,40.0
SWZ,2004,86.0
MAR,2012,99.0
TGO,2012,84.0
GNQ,2014,53.0
ERI,2006,94.0
GMB,2008,96.0
LBY,2000,94.0
SYC,2020,97.0
SLE,2006,64.0
SLE,2005,65.0
SDN,2013,93.0
MLI,2002,61.0
NER,2011,75.0
KEN,2000,82.0
BDI,2009,94.0
ZAF,2021,86.0
GMB,2000,80.0
COG,2011,83.0
BFA,2012,90.0
TCD,2020,55.0
SDN,2015,93.0
COG,2020,73.0
COD,2012,71.0
BDI,2001,81.0
GNQ,2022,70.0
KEN,2007,81.0
SOM,2000,33.0
COM,2006,69.0
MWI,2019,95.0
AGO,2006,44.0
STP,2008,99.0
LSO,2015,83.0
TCD,2011,33.0
SWZ,2001,84.0
STP,2000,82.0
NER,2010,70.0
COM,2012,86.0
LBY,2009,98.0
ERI,2012,94.0
GIN,2005,59.0
DJI,2021,59.0
TUN,2000,97.0
GMB,2007,95.0
SYC,2023,97.0
TCD,2006,41.0
CAF,2003,47.0
BEN,2020,70.0
KEN,2005,76.0
TZA,2003,95.0
UGA,2009,79.0
TUN,2003,95.0
MAR,2022,98.0
GIN,2004,60.0
DZA,2024,92.0
MWI,2017,88.0
TCD,2018,47.0
SOM,2020,55.0
ETH,2001,32.0
UGA,2017,94.0
SOM,2006,26.0
SYC,2019,99.0
CMR,2006,81.0
CAF,2004,51.0
EGY,2004,97.0
BFA,2021,91.0
SDN,2009,81.0
TCD,2001,26.0
EGY,2015,93.0
TUN,2016,98.0
SOM,2021,62.0
NGA,2014,43.0
DZA,2001,89.0
SLE,2022,91.0
KEN,2006,80.0
ZWE,2000,78.0
SYC,2003,99.0
COM,2002,89.0
BWA,2001,97.0
SEN,2013,92.0
SLE,2002,53.0
ETH,2013,59.0
SOM,2014,46.0
MUS,2009,99.0
GAB,2017,75.0
UGA,2003,59.0
BWA,2003,96.0
LBR,2010,70.0
GIN,2019,53.0
CIV,2004,68.0
GNQ,2006,46.0
ERI,2010,95.0
MAR,2005,98.0
NAM,2017,88.0
CIV,2000,65.0
DJI,2006,72.0
GNB,2013,87.0
CIV,2014,73.0
SOM,2019,57.0
SEN,2000,52.0
ETH,2021,63.0
MLI,2018,76.0
MAR,2014,99.0
GIN,2013,56.0
MUS,2006,97.0
SLE,2011,89.0
MAR,2006,97.0
BFA,2009,92.0
ZMB,2016,95.0
TUN,2004,97.0
GAB,2022,60.0
BDI,2017,91.0
BEN,2005,70.0
SWZ,2009,88.0
MLI,2003,63.0
MAR,2018,99.0
ZWE,2010,89.0
DZA,2008,93.0
SYC,2008,99.0
UGA,2019,93.0
RWA,2002,88.0
DJI,2018,84.0
MDG,2018,74.0
GIN,2022,58.0
MRT,2019,80.0
CPV,2006,96.0
NGA,2009,63.0
ERI,2019,95.0
COG,2018,75.0
BEN,2006,74.0
CPV,2015,93.0
COG,2008,80.0
BDI,2011,96.0
BFA,2003,79.0
KEN,2009,88.0
DZA,2022,77.0
TGO,2016,82.0
ZAF,2017,84.0
RWA,2003,96.0
MAR,2019,99.0
COD,2005,61.0
KEN,2022,94.0
EGY,2005,98.0
SOM,2004,30.0
UGA,2011,82.0
GAB,2004,45.0
RWA,2000,90.0
BFA,2005,82.0
COD,2023,60.0
RWA,2014,98.0
COD,2015,70.0
MLI,2013,64.0
CPV,2001,90.0
BEN,2003,73.0
AGO,2009,47.0
BEN,2004,72.0
MUS,2019,96.0
SEN,2016,93.0
SWZ,2022,97.0
NGA,2000,29.0
MLI,2016,76.0
ZAF,2023,79.0
TZA,2000,79.0
GNB,2016,85.0
ZMB,2007,80.0
NER,2002,39.0
MRT,2015,73.0
BEN,2013,77.0
GMB,2009,98.0
DJI,2013,82.0
GIN,2017,49.0
COG,2000,33.0
AGO,2015,57.0
LBY,2004,97.0
MOZ,2001,73.0
ZAF,2011,75.0
AGO,2024,64.0
CPV,2016,96.0
CPV,2013,93.0
SOM,2016,49.0
TCD,2000,38.0
CMR,2011,81.0
AGO,2007,43.0
MWI,2004,89.0
LSO,2000,84.0
ZWE,2016,90.0
ZMB,2013,79.0
CPV,2003,92.0
CPV,2008,99.0
RWA,2022,98.0
CMR,2004,73.0
ERI,2014,94.0
COD,2001,30.0
LBR,2020,66.0
SWZ,2017,90.0
COM,2001,70.0
MWI,2008,91.0
ZAF,2014,85.0
NAM,2010,83.0
BDI,2004,83.0
COM,2005,68.0
MUS,2011,98.0
GNB,2008,77.0
TUN,2017,98.0
MRT,2004,70.0
COG,2017,69.0
BWA,2017,95.0
SSD,2016,45.0
ZAF,2018,82.0
MRT,2024,86.0
DZA,2019,88.0
AGO,2013,54.0
GNQ,2012,54.0
SWZ,2016,90.0
LSO,2011,96.0
MLI,2015,70.0
COG,2015,80.0
COG,2001,31.0
GMB,2022,79.0
GHA,2001,79.0
ERI,2013,94.0
SOM,2017,51.0
AGO,2008,45.0
ERI,2016,95.0
MWI,2015,88.0
SYC,2022,97.0
BEN,2001,76.0
ZWE,2009,73.0
UGA,2020,89.0
GHA,2019,97.0
BWA,2011,95.0
NGA,2016,53.0
GMB,2023,84.0
TUN,2010,98.0
LBR,2008,75.0
LBR,2003,35.0
NAM,2018,89.0
MLI,2005,77.0
EGY,2016,95.0
GAB,2013,79.0
RWA,2021,88.0
LBY,2002,93.0
SYC,2017,97.0
GIN,2014,52.0
CPV,2009,99.0
NER,2007,58.0
CPV,2024,93.0
BFA,2019,91.0
ETH,2019,61.0
BDI,2000,80.0
LBY,2018,73.0
NAM,2003,79.0
CMR,2021,71.0
COD,2018,71.0
MWI,2009,93.0
CIV,2008,74.0
GIN,2023,60.0
CIV,2019,79.0
DZA,2018,91.0
EGY,2023,96.0
COD,2017,71.0
BEN,2023,69.0
SWZ,2015,90.0
SWZ,2008,88.0
CMR,2008,84.0
TGO,2017,84.0
MRT,2020,81.0
ZWE,2006,70.0
TGO,2023,90.0
KEN,2016,88.0
BEN,2008,75.0
CAF,2013,23.0
GIN,2024,63.0
CMR,2015,76.0
TZA,2010,91.0
SYC,2018,99.0
KEN,2019,93.0
GHA,2018,97.0
UGA,2015,89.0
SEN,2002,60.0
ETH,2008,54.0
ZWE,2019,90.0
MUS,2013,98.0
BFA,2011,91.0
CAF,2001,40.0
GHA,2007,94.0
SDN,2004,74.0
MDG,2000,57.0
ERI,2020,95.0
MRT,2003,76.0
BWA,2016,95.0
RWA,2010,97.0
SEN,2011,92.0
GNB,2005,68.0
DJI,2003,68.0
NER,2018,79.0
BFA,2000,45.0
SOM,2010,45.0
GNQ,2005,44.0
COM,2000,70.0
COD,2024,65.0
LBY,2013,96.0
SDN,2012,92.0
BFA,2015,91.0
ETH,2000,30.0
ZWE,2004,65.0
MDG,2008,77.0
CAF,2015,43.0
TGO,2021,87.0
TUN,2019,98.0
MRT,2007,75.0
CIV,2010,78.0
GAB,2000,45.0
COG,2021,77.0
COM,2017,79.0
CPV,2010,99.0
UGA,2008,71.0
ZAF,2012,71.0
COD,2007,65.0
NGA,2023,67.0
BFA,2001,62.0
KEN,2003,73.0
GNB,2003,60.0
SOM,2024,70.0
UGA,2002,57.0
MUS,2002,88.0
BWA,2024,95.0
BDI,2007,99.0
MAR,2011,99.0
SDN,2020,90.0
NAM,2006,86.0
NER,2001,36.0
SSD,2022,73.0
SLE,2015,86.0
GNQ,2004,43.0
ERI,2023,95.0
BWA,2007,96.0
TZA,2009,85.0
MDG,2020,67.0
KEN,2001,80.0
TCD,2015,42.0
SEN,2019,91.0
STP,2021,97.0
MUS,2003,99.0
ZMB,2009,94.0
CAF,2020,37.0
NGA,2005,36.0
CPV,2005,95.0
NER,2015,84.0
DZA,2007,95.0
TUN,2023,97.0
ERI,2024,95.0
MOZ,2024,70.0
MLI,2008,74.0
COM,2014,80.0
MWI,2003,84.0
BEN,2021,70.0
SYC,2001,96.0
SYC,2005,99.0
ERI,2007,95.0
TGO,2018,82.0
COM,2003,80.0
ZWE,2022,90.0
NER,2009,71.0
BDI,2006,92.0
CPV,2018,98.0
EGY,2021,96.0
EGY,2020,94.0
MDG,2011,73.0
NAM,2024,74.0
BWA,2005,96.0
SWZ,2014,98.0
SWZ,2020,83.0
GMB,2017,92.0
BDI,2022,91.0
BFA,2022,91.0
SOM,2023,69.0
DZA,2015,95.0
SYC,2015,97.0
GNB,2015,86.0
TGO,2011,85.0
SOM,2018,53.0
MOZ,2018,85.0
ERI,2002,90.0
DJI,2016,68.0
GAB,2008,82.0
BEN,2016,78.0
ZWE,2001,75.0
DZA,2021,81.0
LSO,2010,93.0
BEN,2015,74.0
ZWE,2007,73.0
MAR,2004,97.0
ERI,2018,95.0
SWZ,2003,85.0
MRT,2009,64.0
MUS,2001,92.0
EGY,2008,97.0
GHA,2021,98.0
MLI,2014,66.0
TCD,2010,40.0
NAM,2001,78.0
ZAF,2024,74.0
MRT,2021,77.0
COG,2005,63.0
COM,2007,75.0
SEN,2001,52.0
MAR,2002,94.0
GAB,2012,82.0
ERI,2017,95.0
ZWE,2014,91.0
SWZ,2021,77.0
MDG,2002,62.0
ETH,2017,65.0
LBR,2016,73.0
GMB,2004,87.0
SEN,2012,91.0
CMR,2024,77.0
GMB,2002,87.0
LBR,2005,60.0
STP,2005,97.0
DZA,2003,87.0
COM,2019,78.0
STP,2014,95.0
KEN,2021,95.0
MAR,2008,99.0
CMR,2016,78.0
ZMB,2020,84.0
NAM,2011,82.0
SDN,2002,60.0
EGY,2012,93.0
SLE,2023,91.0
DZA,2005,88.0
BFA,2020,91.0
CMR,2001,63.0
TCD,2012,40.0
GMB,2021,82.0
MLI,2019,77.0
SYC,2021,94.0
SYC,2010,99.0
LSO,2008,88.0
DZA,2009,95.0
GIN,2008,60.0
EGY,2018,95.0
MLI,2000,43.0
TZA,2018,89.0
LSO,2018,90.0
TZA,2016,92.0
CIV,2022,73.0
GAB,2023,70.0
MOZ,2013,82.0
GHA,2010,94.0
GNQ,2010,54.0
NAM,2015,92.0
GNB,2020,74.0
STP,2024,87.0
CAF,2023,40.0
CMR,2002,66.0
MOZ,2002,76.0
CAF,2016,42.0
SLE,2000,44.0
MWI,2000,75.0
MRT,2005,71.0
SEN,2005,84.0
LSO,2001,79.0
GNB,2009,80.0
CPV,2022,93.0
DZA,2014,95.0
ETH,2012,61.0
CIV,2023,79.0
COM,2022,78.0
ZAF,2010,77.0
AGO,2001,42.0
SWZ,2013,98.0
BEN,2022,69.0
ZMB,2011,81.0
ZMB,2015,90.0
LSO,2022,92.0
STP,2012,96.0
NGA,2022,59.0
DZA,2013,95.0
DJI,2008,89.0
TUN,2008,99.0
STP,2001,92.0
MOZ,2008,75.0
MOZ,2023,70.0
TZA,2005,90.0
BWA,2023,95.0
BEN,2019,72.0
GNB,2011,86.0
GHA,2023,95.0
RWA,2001,77.0
MWI,2007,87.0
UGA,2001,55.0
GNB,2018,82.0
NER,2013,75.0
CAF,2005,54.0
GHA,2000,88.0
MOZ,2017,85.0
CMR,2023,75.0
STP,2019,95.0
GAB,2014,70.0
EGY,2003,98.0
EGY,2024,97.0
MUS,2008,99.0
CMR,2007,82.0
LSO,2012,95.0
TUN,2009,99.0
CPV,2019,96.0
MOZ,2015,85.0
ZWE,2012,95.0
KEN,2014,92.0
ZWE,2011,93.0
CIV,2015,79.0
ZMB,2023,90.0
GIN,2002,53.0
AGO,2010,49.0
NGA,2004,33.0
DZA,2020,84.0
RWA,2020,91.0
GNQ,2002,39.0
GNQ,2021,67.0
CAF,2019,38.0
BDI,2003,82.0
LBR,2017,80.0
DJI,2010,88.0
GAB,2024,61.0
TGO,2024,90.0
GIN,2012,59.0
DJI,2022,59.0
COG,2002,41.0
NAM,2016,85.0
COD,2013,71.0
LSO,2005,89.0
SEN,2007,94.0
TCD,2022,66.0
GMB,2015,97.0
MRT,2012,80.0
NER,2020,81.0
TGO,2010,83.0
GNQ,2019,62.0
ZAF,2016,85.0
CIV,2007,76.0
BWA,2013,95.0
NGA,2008,53.0
SWZ,2000,84.0
GAB,2002,45.0
TCD,2005,26.0
MDG,2019,69.0
DJI,2001,53.0
LBY,2008,98.0
UGA,2005,64.0
MWI,2013,89.0
COD,2008,68.0
DJI,2005,71.0
COG,2024,78.0
