iso3,year,diabetes
SOM,1983,3.4
RWA,1987,1.4
MOZ,1981,2.3
MLI,1986,3.6
MUS,2008,12.4
SLE,2002,5.3
ERI,1986,2.6
NER,2002,4.4
CPV,1999,6.4
ZAF,1987,5.3
UGA,1984,1.9
COM,2012,7.5
LBR,2011,7.1
CMR,1986,3.4
MAR,1981,5.3
GNB,2012,6.6
SYC,2012,10.2
AGO,1988,3.6
MDG,1995,3.5
LBR,1993,5.2
TUN,2008,10.4
GMB,1991,4.4
RWA,2011,4.3
COD,1998,4.0
ETH,1985,2.5
MOZ,2005,5.3
SSD,1986,
ZAF,1986,8.0
STP,2014,8.3
GMB,1993,4.7
STP,1995,6.1
STP,2000,6.9
CAF,1992,4.0
LSO,1990,3.1
TCD,1997,4.2
TCD,2009,6.1
LBR,1998,5.5
SOM,1998,4.7
NAM,2010,7.1
NAM,2011,6.8
COM,2006,6.6
MWI,1981,2.6
MWI,1993,3.6
STP,2002,7.4
NAM,2010,6.7
BFA,1983,2.5
MAR,2001,9.4
GHA,2011,6.2
GNB,2010,6.6
STP,1993,5.8
ZAF,1998,6.8
BDI,1994,2.0
TGO,2006,6.0
BFA,1983,2.4
RWA,1992,2.4
DJI,2008,8.6
GIN,1990,3.3
MAR,1994,7.5
NAM,2013,7.3
SDN,2008,
NGA,1991,4.1
KEN,1993,3.8
EGY,1997,12.2
STP,2001,6.7
SYC,1991,7.1
RWA,1988,1.8
CIV,1993,4.7
KEN,1991,3.1
SDN,2009,
GHA,2009,6.0
CIV,1982,3.5
ZMB,2005,5.4
LSO,1990,5.9
BWA,1994,6.6
BDI,2000,2.5
DJI,1980,5.7
NER,1993,3.3
RWA,2009,3.7
CAF,1986,3.3
ZAF,1990,8.4
SOM,1986,3.6
NER,1987,2.8
MWI,1997,4.2
MRT,1988,4.9
NER,2000,4.2
SLE,1981,3.6
COD,1992,3.4
ZMB,2009,6.0
TGO,2014,7.1
GNB,2011,6.7
ZWE,2009,7.2
MOZ,1988,3.3
LBR,2000,5.3
BWA,2007,8.4
GIN,1986,2.9
GMB,2003,6.4
DJI,2007,8.0
GNB,1990,3.6
MAR,2005,10.6
CMR,1992,4.1
GNB,1992,3.9
CAF,1994,4.2
TZA,2006,5.2
NGA,1983,2.9
MOZ,2000,4.8
DZA,2012,12.1
GMB,1980,3.3
CPV,2005,7.8
SLE,2009,6.1
TGO,1996,4.5
NAM,2010,6.9
ERI,1980,2.3
MAR,1990,6.8
SSD,1991,
SLE,2005,5.7
CMR,2014,6.9
DJI,1982,5.9
UGA,1982,1.5
BWA,1995,4.7
RWA,1984,1.2
NGA,2013,6.1
CAF,1993,4.0
COD,1998,3.9
MOZ,1995,4.2
MUS,1985,9.5
CPV,1998,5.9
SSD,2003,
TUN,1984,5.3
COG,2012,7.3
BWA,1983,4.2
TUN,1993,8.3
BWA,1984,3.5
SWZ,2005,9.4
TUN,1991,6.4
COG,1998,5.5
SSD,1985,
LBY,2010,14.7
ZMB,2006,5.7
NGA,2000,4.6
KEN,1982,2.2
GNQ,1980,2.9
SSD,1989,
NER,2004,4.9
MUS,1999,11.5
TUN,1989,6.7
KEN,1986,3.1
COD,1990,3.2
ETH,1988,2.8
LBY,2005,13.7
CMR,1995,4.3
LSO,1992,3.4
GNQ,1987,3.5
DJI,1994,7.5
ZMB,2014,6.5
GIN,1997,4.2
UGA,2001,3.1
AGO,1998,4.9
MAR,1986,5.8
GHA,2010,6.1
MOZ,1981,2.5
CPV,1994,5.0
NER,1989,2.9
UGA,2000,3.3
LBR,1992,5.2
NER,1988,2.9
RWA,1996,2.8
BWA,1998,6.3
CAF,2008,6.6
SEN,2014,7.5
GHA,2009,6.0
COM,1984,3.5
BDI,1991,2.1
MOZ,2003,5.1
SSD,2003,
MRT,2006,7.8
GNB,1986,3.2
GMB,1983,3.4
SYC,1988,6.7
STP,1984,4.5
EGY,1992,10.7
MOZ,1997,4.4
TZA,2002,4.9
NAM,1982,3.3
SEN,1983,3.9
GIN,1995,3.9
MWI,1983,2.9
LBR,1981,3.8
LBY,1998,11.8
MWI,1991,3.3
DJI,2014,7.6
MUS,1997,11.0
NAM,2002,6.1
MAR,1996,8.0
TUN,2012,12.3
BWA,2005,7.2
BEN,2009,6.2
KEN,1983,2.3
SDN,1985,
LBY,1986,9.2
DJI,2003,7.8
LSO,1980,3.7
CIV,2006,5.9
KEN,1994,3.9
BFA,1991,3.2
MOZ,1992,3.8
LBY,2012,15.3
ERI,1988,2.7
MWI,1990,3.4
ZAF,1999,9.7
LSO,1985,2.6
SWZ,1989,6.5
ZAF,2000,7.2
MAR,2007,11.3
NGA,1993,4.1
SSD,1993,
GIN,1980,2.5
SWZ,2013,9.5
SDN,1994,
DZA,1999,8.3
NER,2005,5.0
ZMB,2006,5.5
MDG,1997,4.0
BFA,2004,4.4
ZMB,1998,4.7
UGA,1992,2.3
CMR,2011,6.3
MOZ,1983,2.9
COG,2001,5.8
MLI,1988,3.4
CPV,1991,4.6
ZMB,1985,3.6
CMR,2002,5.3
BEN,1994,4.4
MWI,1987,3.2
LBR,2013,7.5
SOM,2012,6.0
MLI,2011,7.7
MAR,1980,5.2
CMR,1986,3.4
CIV,1989,4.0
STP,1988,4.9
CAF,2000,5.1
ZAF,2001,10.1
MUS,1980,7.1
ZAF,2006,8.3
MLI,1981,2.6
ZMB,1993,4.9
AGO,2000,5.2
BFA,2012,5.2
BWA,1980,2.0
MOZ,2008,5.7
MWI,2014,6.3
GMB,2005,6.8
GMB,2006,7.0
GAB,1987,5.0
MAR,1998,8.5
NER,2006,5.1
MWI,2006,5.1
BDI,2008,3.5
LBY,2002,12.0
GMB,2005,7.2
BDI,1991,1.7
GHA,2013,6.4
TZA,2001,4.8
MUS,1986,9.6
GNQ,1991,3.7
GAB,1993,6.2
TGO,2012,7.0
CIV,1988,4.1
GHA,1997,4.9
BDI,1989,1.5
SLE,1991,4.2
LBY,2011,15.6
MUS,2012,12.6
EGY,1989,9.1
TUN,2000,9.7
CIV,2001,5.4
DJI,1998,8.0
TCD,2001,4.8
COM,2014,8.0
MWI,2007,5.3
GIN,1989,3.2
GNB,1998,4.7
SDN,1996,
NAM,1980,3.2
BEN,1992,3.9
SSD,1988,
MWI,2008,5.3
SOM,1999,5.4
ZMB,1989,4.6
SSD,2000,
MUS,1983,7.6
MWI,1990,3.3
CMR,1993,4.1
STP,1995,6.3
UGA,2011,4.3
SOM,1991,4.2
TUN,2009,11.6
SDN,1998,
MWI,2009,5.6
GIN,2007,5.7
SDN,1993,
TUN,1992,7.3
CAF,1988,3.6
BEN,1987,3.8
ZAF,2001,7.3
SEN,2003,6.2
UGA,1988,2.1
KEN,2011,5.6
SEN,1981,3.9
MWI,1988,3.1
CIV,1981,3.4
KEN,2002,4.5
GNQ,2009,8.1
TGO,1991,4.1
RWA,2000,3.0
MLI,2008,5.5
MRT,1995,5.7
GIN,1992,3.5
ZWE,1981,5.2
CAF,2010,7.1
SLE,2005,5.5
ZAF,1996,6.5
MRT,1995,6.2
MAR,1999,8.8
GNB,1983,2.9
KEN,1998,3.9
GAB,1995,6.3
CPV,2006,8.0
SLE,2007,5.9
COM,2005,6.4
ZMB,2013,6.3
SDN,2007,
AGO,1988,3.5
COG,2012,7.4
BDI,1987,1.8
STP,1994,6.2
LBY,2000,12.2
BEN,2001,5.4
UGA,2013,4.6
UGA,1989,1.8
ZMB,1982,4.1
BDI,1984,1.7
NGA,1997,4.3
GNB,2003,5.5
TGO,1983,3.0
TCD,2007,6.6
MWI,1980,2.3
LSO,1999,4.5
EGY,2004,14.8
AGO,1985,3.3
MOZ,2010,5.8
CPV,2010,8.1
SDN,2010,
MUS,1998,11.4
ZMB,1981,3.3
LBR,1993,4.8
DZA,1996,8.0
TZA,2014,6.0
DZA,1980,4.7
BEN,1997,5.2
NER,1981,2.5
GAB,1982,4.1
ERI,2000,3.8
COG,1997,5.5
COD,1986,2.9
GHA,2007,5.9
GAB,2002,7.8
SDN,1982,
ZWE,1992,5.9
LBY,1996,9.9
TCD,1980,2.8
MDG,2012,6.1
ETH,2000,4.0
ETH,1998,4.0
CMR,2012,6.5
KEN,2005,4.9
NER,1989,3.0
MUS,2006,12.1
GMB,2004,6.3
UGA,1999,2.6
UGA,2011,3.9
DJI,1986,6.2
SDN,2000,
SLE,2013,6.5
SDN,1995,
SYC,1993,7.3
COG,1985,4.0
BFA,1987,2.7
AGO,2000,5.3
LBR,1985,4.6
TCD,1981,2.5
MAR,2004,10.3
GMB,1990,4.2
TZA,1990,3.3
TUN,2007,10.2
UGA,1991,2.6
BDI,1991,1.9
MDG,2001,3.9
UGA,1990,1.9
BEN,2008,6.8
EGY,2001,12.4
MDG,2014,5.5
TCD,1989,3.2
MAR,2007,11.1
TGO,2009,6.6
COG,1987,4.2
GNQ,2008,7.9
SOM,1980,3.1
SWZ,2002,7.5
ERI,2000,4.0
MDG,1986,2.9
ETH,2007,5.0
COM,2007,6.7
LBY,2007,12.9
GMB,2009,7.6
DJI,1991,6.8
MOZ,1980,2.6
STP,2003,7.1
EGY,2014,17.9
AGO,1988,3.6
MUS,2001,11.2
BFA,2005,5.1
GNB,1987,3.3
RWA,1984,1.8
ZWE,1991,4.9
NAM,1984,3.5
LSO,2008,6.1
SDN,1997,
ETH,1982,2.4
MRT,2008,8.1
BWA,1981,3.2
BDI,1995,2.1
TGO,2007,5.9
NER,1984,2.6
BDI,2006,3.3
LSO,2001,4.8
COD,2002,4.4
TCD,2005,5.5
ERI,2011,4.7
MOZ,1985,3.0
NER,1980,2.5
TUN,2006,10.4
LSO,1991,4.8
GHA,2004,5.6
NER,1999,4.3
LBY,1994,10.2
GNB,2002,5.2
SEN,1999,5.7
ZWE,1987,5.5
GNQ,1993,4.1
SDN,2003,
BEN,2005,6.4
CPV,1995,5.2
NGA,1981,3.0
CMR,2004,5.4
ZAF,1989,5.5
LBY,1993,10.8
GNQ,1980,2.7
SWZ,2002,8.9
COD,2000,4.2
CPV,1987,4.0
SSD,2008,
MOZ,1984,2.6
MRT,1990,5.6
CPV,2009,8.0
BEN,1994,4.1
COG,2004,6.2
SLE,2003,5.6
GIN,1994,3.8
SLE,2004,5.7
MAR,1983,5.6
ETH,2010,5.3
GNQ,2004,6.8
EGY,1986,7.6
BEN,1996,4.7
SSD,1983,
BFA,2002,4.6
GAB,1990,5.5
BEN,2004,6.2
BFA,1994,3.5
KEN,2000,4.3
COD,1997,3.9
CPV,1980,3.1
CAF,1980,2.9
ETH,2014,5.8
CMR,1988,3.6
ERI,2011,5.1
SYC,1998,8.1
SOM,2013,7.3
BFA,2005,4.5
CAF,1988,3.5
ETH,1985,2.7
TGO,2003,5.8
LSO,1993,3.5
CMR,1980,3.1
EGY,1983,7.8
MUS,1995,10.7
COM,1999,5.6
COD,2008,5.2
DZA,1990,7.1
ZAF,1994,6.2
CAF,2013,7.4
CIV,1983,3.5
GNQ,1982,2.9
BWA,1981,2.1
LSO,2005,8.5
SSD,1992,
GIN,1980,2.4
DJI,1994,7.2
LBY,1991,9.8
BWA,2002,5.8
NAM,1984,2.8
TCD,2006,5.7
CIV,2014,6.3
SSD,1986,
DZA,2010,11.2
GNB,1988,3.4
DZA,1990,6.7
SDN,2001,
STP,1996,6.2
EGY,1996,10.8
CMR,2013,6.7
EGY,1995,11.5
NER,2000,4.0
COM,1998,5.3
TUN,1984,5.9
TUN,1995,7.9
STP,1993,6.3
SEN,1997,5.5
ETH,2004,4.1
AGO,2004,6.0
GMB,1999,5.5
GNQ,2002,6.1
COD,2007,5.0
MRT,1996,5.9
TZA,2008,5.5
ZWE,1987,4.6
BFA,1980,2.3
LSO,1985,4.1
ZWE,1989,4.7
GHA,2003,5.4
COM,1980,3.2
BDI,2010,3.7
NER,2010,5.5
NAM,1982,2.7
ERI,1996,3.6
MDG,1991,3.4
ETH,2001,4.1
AGO,2014,8.2
ZMB,1999,5.3
ZWE,2003,6.9
SOM,2005,5.8
BFA,1996,4.1
BWA,2006,6.2
NGA,2010,5.8
SDN,1996,
BFA,1989,3.2
TZA,1993,3.8
CPV,1994,5.1
SSD,2008,
NGA,1998,4.5
COD,1990,3.2
COG,1980,3.3
SLE,2004,5.4
GIN,2014,6.8
GNB,2009,6.4
GNB,1982,2.8
GHA,1983,3.2
GIN,1987,3.0
MRT,1989,5.1
TGO,1981,3.2
SLE,1998,4.8
GHA,1985,3.4
MRT,1993,6.1
ZMB,2002,5.1
MLI,1987,3.7
NGA,1999,4.5
TGO,1986,3.6
AGO,1994,4.4
MRT,1998,7.0
COM,1980,3.2
MDG,2010,4.5
CAF,1987,3.4
GIN,2001,4.8
NAM,1991,4.1
MOZ,1989,3.2
BWA,2011,7.0
SSD,1990,
LSO,1988,2.9
ZMB,2002,5.5
NGA,2001,4.9
SSD,2005,
BFA,1982,2.5
TCD,1999,4.0
AGO,1995,4.6
SLE,1980,3.5
GNB,1999,4.9
SEN,1990,4.6
BFA,1990,3.1
COG,1988,4.4
UGA,1992,2.0
COM,1983,3.4
TZA,1983,2.7
NER,1998,4.2
LSO,2000,7.7
TUN,1991,7.9
SDN,2004,
CAF,2010,6.9
BEN,2010,7.0
MAR,1997,8.3
GMB,1982,3.4
SDN,1991,
COD,2011,5.6
ZWE,1995,6.2
ZMB,1989,4.0
KEN,2008,5.2
DZA,2013,12.2
CAF,1996,4.4
CAF,1991,3.8
CIV,1994,4.3
MWI,1989,3.3
EGY,1995,10.6
ZMB,1984,3.6
NGA,1990,4.0
ERI,2003,4.3
SWZ,1997,4.9
BEN,2005,5.7
ETH,1986,2.7
CMR,1988,3.6
COD,2005,4.8
BEN,1982,2.9
SOM,1995,4.8
MAR,1989,6.6
COM,1995,4.9
CIV,1980,3.3
AGO,1990,3.9
TGO,1987,3.3
SYC,2009,9.9
BDI,2007,3.3
TUN,1993,6.8
TGO,1993,4.4
MOZ,1988,3.1
AGO,2012,8.1
CIV,2004,6.0
SWZ,2008,6.7
GNB,1999,5.0
KEN,2005,4.7
ERI,2010,5.0
CPV,2004,7.6
NAM,1980,3.8
BDI,1980,1.3
UGA,2006,3.2
GIN,1993,3.6
ZWE,2012,7.4
AGO,2009,6.9
RWA,2006,3.6
NAM,1996,4.8
LSO,1980,2.3
CMR,2002,5.2
ERI,1983,2.4
DZA,1999,8.6
GHA,1991,4.1
SDN,1987,
LSO,2014,8.8
DJI,1988,6.2
COM,2012,7.6
ETH,2002,4.2
UGA,2008,3.7
STP,1998,7.1
UGA,1992,2.7
SWZ,2009,10.1
ZAF,2013,12.4
CIV,2010,6.8
CAF,2001,5.1
KEN,2011,5.4
ETH,1997,3.7
DZA,2012,11.7
BFA,1982,2.4
GHA,2004,5.6
DZA,2007,10.7
NGA,2006,5.3
LSO,2013,8.6
CMR,2009,6.1
GHA,1980,3.0
COD,1983,2.6
LBY,1982,8.6
GNQ,1993,4.2
SEN,1982,4.0
STP,1983,4.3
DJI,1992,6.7
ZMB,2005,5.8
BFA,2011,6.9
SOM,2006,5.5
MDG,1990,3.5
MUS,2003,11.7
LSO,1998,7.3
BEN,1988,3.6
MDG,1987,3.0
SSD,1992,
GNQ,1982,3.0
MDG,2013,6.2
BFA,1991,3.4
TUN,2006,11.0
MRT,2002,7.6
GNQ,1992,3.8
RWA,2011,3.9
STP,2005,7.0
COM,2009,7.0
TUN,1991,7.1
CAF,1980,2.9
MOZ,2005,5.6
SDN,1985,
EGY,1997,10.0
NAM,2011,7.0
NAM,2014,7.5
EGY,1996,9.8
AGO,1987,3.5
DJI,1980,5.7
UGA,2007,3.3
LSO,1989,3.0
BWA,2013,7.4
TGO,1982,3.0
MUS,1999,11.3
TGO,1997,5.0
COD,2012,5.8
CIV,2013,6.2
DJI,2013,7.6
UGA,1984,1.6
MUS,2008,12.1
LBY,2001,11.0
BFA,1981,2.3
GMB,1987,3.8
ZWE,2014,7.1
BDI,2002,2.8
COG,1994,5.1
CPV,1980,3.2
SLE,1988,3.9
LBR,1981,3.6
COG,1983,3.8
SWZ,1983,3.0
CMR,1992,4.0
MLI,1988,3.1
COM,1992,4.4
CMR,2009,6.1
ZMB,2013,6.4
TZA,2010,5.7
NAM,1986,3.6
EGY,1982,7.6
NER,1983,2.6
SOM,1981,3.1
ZAF,2010,9.0
GNB,1997,4.6
GNB,1995,4.3
STP,1992,5.9
LSO,1992,6.2
GAB,2010,9.4
ZAF,2008,11.5
TCD,2014,7.0
TGO,1983,3.3
AGO,2007,6.5
DJI,2003,7.4
SLE,1991,4.2
BFA,1998,3.6
ZWE,2014,6.5
COG,1993,5.0
GNB,1981,2.8
GNB,1999,4.8
SSD,1988,
SDN,2011,
BEN,2003,6.1
BEN,2007,5.9
STP,1990,5.3
CAF,2011,7.3
MLI,1994,4.1
BFA,1984,2.5
NGA,1982,3.3
DJI,2007,7.5
STP,2009,8.0
SDN,1984,
UGA,1985,1.6
UGA,2004,3.0
NGA,1984,3.2
TGO,1984,3.2
NAM,2014,7.4
ERI,1998,3.6
GAB,1996,6.8
KEN,2013,5.7
GIN,1982,2.6
NAM,2002,5.7
SSD,2011,
BEN,1993,4.3
EGY,2004,13.5
GMB,2012,7.6
CPV,2013,9.0
CMR,2013,6.5
MLI,2000,5.4
MOZ,2002,5.1
SDN,1988,
ZMB,2008,5.7
COM,1996,5.0
SEN,2014,7.4
DJI,1985,6.0
CMR,1985,3.4
NAM,2009,6.5
UGA,1980,1.8
LBY,1984,8.3
DJI,1989,6.3
BDI,1983,1.4
SLE,1990,4.1
TGO,1995,4.2
DJI,2001,7.3
SWZ,2005,8.0
MWI,2013,5.9
NER,2014,5.3
ZWE,2003,5.6
SWZ,1988,3.6
DJI,2011,8.1
GIN,2010,6.1
ZAF,1993,6.0
SYC,1983,6.1
LBR,1982,4.2
COG,1994,5.2
ZAF,2009,11.7
COD,1987,2.9
GAB,2006,8.7
CPV,2002,6.8
SOM,2004,5.7
LBR,2002,5.2
CMR,1996,4.6
DZA,2002,9.7
GAB,1983,4.3
TZA,2014,6.1
GIN,2008,5.8
AGO,1982,2.9
BEN,2002,6.0
ETH,1993,3.3
CMR,2010,6.2
GNB,1994,4.1
MUS,1992,10.6
LSO,1998,6.0
CAF,1981,3.0
MAR,1992,7.1
COM,1987,3.8
GNQ,2000,5.8
BEN,2010,6.4
CIV,1985,3.7
GMB,1980,3.2
ERI,2014,5.0
ZMB,1990,4.4
GIN,1988,3.1
COG,2009,6.8
SSD,1981,
COG,2012,7.3
GHA,1980,3.0
TGO,2002,5.4
MOZ,2014,6.2
LBY,2005,12.9
MUS,1984,9.3
COG,1995,5.2
MUS,2013,12.9
MWI,2005,5.0
NER,2005,4.7
LBR,2010,6.7
SEN,1996,5.4
SWZ,2004,7.8
BFA,2002,4.1
MLI,2007,6.8
SSD,2011,
LBY,1981,7.7
BFA,1980,2.3
ZMB,1995,4.5
COG,2000,5.7
UGA,1988,2.4
AGO,2014,8.5
TGO,2004,5.4
ERI,1998,4.1
ETH,1999,3.7
BWA,1990,3.6
GMB,2014,9.4
BEN,1981,3.0
LBR,1991,4.7
CAF,2005,6.0
BEN,1990,3.6
COD,2008,5.1
LBR,1997,4.7
ERI,2001,4.4
SLE,1994,4.5
ZMB,1994,4.7
UGA,1995,2.6
NAM,2000,5.8
GMB,2005,6.4
MOZ,2003,5.3
NAM,2004,6.0
ZWE,1988,3.6
TCD,1992,3.2
MWI,2004,5.0
DJI,1997,7.1
LSO,2004,8.3
LBY,1983,8.1
SEN,2010,7.0
MDG,2011,5.2
SYC,2009,9.5
LSO,2006,5.7
TGO,2010,6.3
DZA,1992,7.5
CIV,1982,3.4
EGY,1991,9.6
SOM,1994,4.4
AGO,1986,3.3
COM,1981,3.3
UGA,1994,2.8
GHA,1998,4.9
GIN,1986,2.9
TZA,1980,2.7
SSD,1986,
UGA,2013,4.4
AGO,2002,5.6
BWA,2007,6.4
CPV,1998,5.7
UGA,2010,3.7
GAB,1999,7.3
UGA,1996,2.7
GHA,1980,3.0
CIV,2007,5.5
LBY,1981,8.4
ZWE,1984,3.3
DJI,1983,6.0
ETH,1989,2.9
NGA,1988,3.4
ERI,1992,3.2
MAR,2014,14.0
SEN,1994,5.1
ZWE,2010,7.2
ZWE,2014,7.6
SSD,1985,
MRT,2012,8.7
DZA,2003,9.9
AGO,2008,6.7
SEN,2006,6.5
SOM,2002,5.1
MUS,2007,12.3
CPV,1990,4.5
SOM,1985,3.5
DJI,2006,7.5
SYC,1981,6.5
MLI,1990,3.7
CMR,2010,6.2
BFA,1992,3.1
SYC,1993,6.8
MRT,2003,6.9
ERI,1981,2.3
MRT,1993,5.4
AGO,1993,4.3
SLE,1994,4.5
SEN,1991,4.8
MDG,1998,4.5
MDG,1996,4.2
UGA,1994,2.5
TUN,2003,10.3
DJI,2014,8.6
MAR,1991,6.7
SEN,1996,5.4
MRT,1980,3.7
GAB,1990,5.4
DJI,1983,5.9
SEN,2004,6.4
TZA,1982,2.5
CPV,2009,8.5
ZWE,1988,4.6
SSD,2001,
BWA,1982,3.3
SOM,2011,6.5
SYC,1987,5.9
BFA,1992,3.6
SSD,1998,
GHA,2010,6.1
MAR,2002,9.7
GHA,1987,3.6
BDI,1986,1.3
GHA,1981,3.1
ETH,2006,4.8
LBR,1987,4.3
NAM,1995,4.6
COG,1991,4.8
DZA,2009,11.4
NAM,2007,6.5
AGO,1994,4.4
KEN,1997,4.2
GAB,2006,8.8
LSO,2008,8.9
SWZ,1994,6.0
SWZ,2006,8.1
GNQ,1988,3.6
ETH,2009,4.5
AGO,1997,4.8
GMB,1992,4.5
DZA,2004,9.9
EGY,2006,15.7
BWA,2011,8.1
TGO,2013,6.8
CIV,1996,4.5
GHA,1989,3.8
BFA,1998,4.0
MAR,1992,7.3
COM,1996,5.2
SOM,2012,6.6
NAM,1983,4.0
MWI,1993,3.7
GMB,1989,4.1
COD,1980,2.3
SOM,2003,5.2
SLE,2006,5.9
MLI,2014,8.4
SSD,1984,
NAM,2014,7.3
ZMB,1984,4.3
GNQ,1995,4.3
MOZ,1997,4.4
SLE,1983,3.6
NGA,1990,3.6
SYC,1982,5.3
GHA,1982,3.2
ZMB,1980,3.2
NAM,1994,3.9
SDN,1991,
SOM,1984,3.5
EGY,1980,6.5
NAM,1990,4.0
SEN,2003,6.1
GIN,2001,4.6
NER,1994,3.7
GAB,2001,7.6
DZA,1995,7.4
BFA,1992,3.3
GHA,2011,6.2
KEN,1988,3.3
ZMB,2000,4.9
BFA,1989,3.0
EGY,1997,11.1
NER,1983,2.6
LSO,2009,9.1
SEN,2005,6.3
DJI,2011,8.6
NER,1991,3.2
BWA,2003,7.9
BDI,1999,2.6
ERI,1993,3.2
LBY,2000,11.4
MDG,2007,4.9
SEN,2006,6.6
CMR,1996,4.3
MLI,1982,2.7
MWI,2011,5.6
ETH,1984,2.5
CMR,1985,3.3
SSD,2006,
CPV,2007,7.7
MRT,1994,6.0
GNB,1980,2.8
LBR,2007,6.1
SWZ,2009,8.7
CAF,1981,3.0
COM,1985,3.6
MAR,2002,9.7
TCD,1989,3.0
SOM,2014,6.8
DZA,1996,7.6
GMB,1987,3.8
EGY,1985,7.4
LBY,1999,11.2
ZMB,1987,3.8
GMB,2000,5.6
SEN,2002,6.0
GAB,1994,6.1
LSO,2005,7.2
GNB,1994,4.1
LBY,2007,13.6
ZWE,2001,6.8
GNB,1996,4.5
SDN,1999,
ZWE,1986,3.4
ZWE,1999,5.9
CPV,2011,8.2
DZA,1987,5.7
TGO,2005,6.1
CAF,1989,3.6
MWI,1998,4.3
KEN,1996,4.1
EGY,1992,8.8
TUN,1986,5.5
GNQ,2005,7.1
MWI,1986,2.8
TZA,2012,5.8
TUN,1994,7.7
TGO,2001,5.0
SYC,1995,8.1
ETH,1998,3.6
MLI,2003,4.8
BWA,1980,3.1
KEN,2002,4.7
GNB,2013,6.7
SOM,1981,3.3
SEN,1990,4.8
SSD,1993,
GNQ,1988,3.3
SYC,1981,5.2
TZA,1990,3.4
NGA,2009,5.6
MOZ,2011,5.9
LBY,1995,11.2
MLI,1980,2.6
LSO,1997,4.2
NER,1990,3.2
TUN,1987,6.4
SSD,1994,
GNQ,1987,3.3
ETH,1989,2.9
LSO,1987,2.8
SDN,2014,
EGY,2003,11.7
TGO,1996,4.8
CAF,1987,3.4
EGY,2004,12.0
ZWE,2004,6.4
CAF,1997,4.6
RWA,1987,1.7
ETH,1997,3.5
LBR,1984,4.2
ZMB,1984,3.9
MUS,1987,8.3
SYC,2004,9.0
TUN,1983,5.1
UGA,1983,2.2
AGO,1985,3.1
COG,1990,4.6
SDN,1980,
MUS,2000,11.7
SLE,1990,4.1
TGO,1994,4.5
MOZ,1986,3.0
SOM,1994,4.7
TZA,1990,3.5
CAF,1988,3.5
GMB,2002,6.5
GNB,2004,5.5
GIN,2004,4.8
NAM,1981,3.8
BEN,1982,3.3
COD,2012,5.7
COM,1998,5.4
GMB,2007,6.7
GAB,1981,3.8
TGO,2005,5.8
SYC,1988,6.0
DZA,1984,6.1
GNQ,1996,4.6
COD,2009,5.4
MDG,1983,2.7
LBR,1991,5.7
GMB,1999,5.7
STP,2008,7.2
GNQ,1991,3.8
MUS,2005,12.0
SDN,2000,
SOM,2003,5.6
TGO,1990,3.6
SYC,2013,10.1
CMR,1991,3.9
MAR,2011,12.8
DZA,1996,8.3
CAF,1986,3.3
MOZ,1981,2.7
LSO,2012,9.5
BDI,1998,2.3
MDG,1987,3.0
GNB,1989,3.5
AGO,1984,3.0
MAR,1989,6.3
NAM,1986,4.2
GMB,1997,5.1
BDI,2004,3.1
LSO,1982,3.9
ZWE,2009,6.6
TCD,2008,6.8
LSO,1994,3.7
TUN,2012,11.5
MRT,2014,8.5
CIV,2003,5.9
MUS,1997,10.6
LBY,1990,10.4
MWI,2008,5.6
DZA,1985,6.3
COM,1995,5.0
COD,1980,2.5
MUS,1985,7.9
SDN,1990,
UGA,2000,2.7
GIN,1989,3.2
CIV,1999,4.8
SYC,1992,7.2
BDI,1987,1.6
SLE,1988,4.0
LBY,1985,9.9
GIN,1999,4.3
CPV,1986,3.9
GAB,1991,5.8
GMB,1994,5.0
TGO,2001,5.6
ETH,1996,3.6
AGO,1996,4.6
COG,2013,7.5
STP,1999,6.5
GHA,1996,4.6
BFA,2000,4.8
NGA,1995,4.4
BWA,2001,5.6
BWA,2009,6.7
GNQ,2003,6.5
MWI,1999,4.4
STP,2012,7.6
MOZ,1998,4.5
RWA,2002,3.5
ZWE,1993,6.0
ZWE,2012,6.3
COG,1984,3.8
GNQ,1996,4.5
MRT,2012,9.1
MDG,2013,4.7
DJI,1995,7.3
ERI,1991,3.1
SDN,1988,
ERI,1999,4.2
GNQ,1983,2.9
NGA,1982,3.1
GMB,1995,5.0
GNQ,1981,3.0
SEN,1993,5.0
TZA,1984,2.9
CIV,1996,4.8
ZAF,1980,4.8
SSD,1997,
COD,1987,2.9
LBR,1988,4.8
NGA,2006,5.3
SLE,1996,4.8
TGO,1991,3.9
ETH,2010,4.9
NAM,1996,4.2
SWZ,2000,8.6
SDN,2002,
COD,2013,6.0
LSO,2001,6.6
SSD,1989,
SDN,2010,
AGO,2008,6.9
DZA,2000,8.6
GAB,2013,9.8
GMB,1986,3.8
GNB,1986,3.2
MRT,1988,5.2
MAR,1998,8.7
AGO,1984,3.2
ZWE,2011,6.2
CIV,1990,4.0
LBY,1989,10.3
SLE,1980,3.2
GAB,1998,7.3
RWA,2012,4.1
CAF,1997,4.7
UGA,1986,2.0
GMB,1995,5.1
COD,1986,2.8
CMR,1994,4.1
BEN,1996,4.4
SEN,2007,6.8
MRT,2001,7.1
GIN,2004,5.3
NAM,1984,4.0
SLE,1993,4.4
COD,2011,5.7
TUN,1995,8.7
DZA,2007,10.4
GIN,2012,6.4
TZA,2000,4.6
LBY,1982,7.9
KEN,1980,2.7
MLI,1983,3.2
MOZ,1991,3.6
GAB,2001,7.9
TCD,2006,4.9
TUN,2007,11.2
UGA,2004,3.6
RWA,2011,4.1
CAF,2004,5.5
TGO,1982,3.3
BDI,1985,1.2
LBY,1998,10.3
EGY,2013,15.5
CPV,1985,3.8
ETH,1999,4.1
TCD,2000,5.3
BWA,1992,4.0
EGY,2008,15.0
ZWE,2008,7.1
ERI,1992,3.1
TZA,2001,4.7
MOZ,1990,3.5
ETH,2003,4.3
GHA,1999,5.1
DZA,2002,9.1
CMR,1993,4.3
BFA,2007,5.4
LBR,1981,4.1
NAM,1995,4.0
TGO,1983,3.2
COD,2007,5.0
DZA,2003,9.3
AGO,2002,5.7
CIV,1981,3.4
TCD,2002,4.4
GNQ,1996,4.8
DZA,1983,6.0
ERI,1985,2.5
CMR,2003,5.2
ZAF,1985,6.6
SSD,2010,
MUS,2001,11.8
NAM,1997,4.9
BDI,1983,1.1
MDG,2005,4.2
SWZ,1982,5.4
SWZ,1994,4.4
GIN,1987,3.0
ZMB,2008,6.0
SLE,2001,5.1
LBR,1998,5.1
RWA,2008,3.8
COG,1990,4.6
BEN,2006,5.8
NER,1992,3.3
TUN,2013,12.2
SSD,1981,
MLI,1990,3.3
LBR,2002,5.6
SYC,1983,5.5
SLE,1984,3.5
ETH,2013,5.3
GMB,2006,7.4
TUN,1982,5.0
ZMB,1996,4.6
LBR,1990,4.7
GAB,2010,9.2
BFA,2006,5.2
MRT,2010,8.0
MOZ,2003,5.2
ETH,2004,4.6
CIV,1999,5.2
MLI,1991,3.8
NAM,1995,5.1
SLE,2007,6.1
DZA,2006,10.1
GHA,2007,5.9
COG,1990,4.7
MUS,1986,8.1
GNB,2009,6.7
BDI,2014,4.2
MRT,1983,4.4
UGA,1994,2.1
ETH,1992,3.1
STP,2009,7.3
DZA,2007,10.9
TUN,2001,9.9
LSO,1996,7.0
SWZ,1985,3.3
SWZ,1990,6.7
BDI,1993,2.1
NER,1996,3.6
SDN,2004,
GMB,1996,5.3
COM,1983,3.4
STP,2013,7.7
EGY,1988,8.0
GNB,1992,3.9
STP,1996,6.8
LBY,2006,13.3
LSO,2013,7.1
DJI,1992,6.9
GAB,2003,8.0
STP,2000,7.3
COD,1998,4.0
NGA,1985,3.5
LBR,1997,5.5
SSD,2009,
MOZ,2006,5.7
LSO,1988,4.4
MOZ,2005,5.4
MLI,1992,3.5
SSD,1987,
ETH,1987,2.7
BWA,1997,6.1
SDN,2001,
UGA,1991,1.9
TZA,2009,5.6
LBR,1982,3.7
KEN,2014,5.8
SDN,2013,
LSO,1992,5.0
LSO,1984,4.0
AGO,1999,5.2
STP,1987,4.9
CIV,1997,5.0
GNB,2000,4.9
GHA,1985,3.4
MDG,2010,5.8
LBY,1988,9.4
MRT,1989,5.4
MLI,1995,4.2
AGO,1983,3.0
CAF,1997,4.5
ETH,1993,3.4
SYC,1983,6.8
KEN,1994,3.5
GHA,1997,4.8
MUS,1998,10.8
COD,2004,4.6
STP,2007,7.8
GIN,1983,2.7
LBR,2010,7.2
MLI,2008,6.2
CPV,2002,6.4
RWA,1981,1.7
BDI,2009,3.6
NGA,1986,3.6
MLI,1994,3.7
DZA,1981,5.3
MAR,1993,7.1
ZAF,1991,7.2
MDG,1986,2.9
BDI,2014,4.1
COG,2001,5.9
GMB,1982,3.3
ZWE,2001,5.3
BWA,1992,5.2
CMR,2005,5.5
SDN,1989,
COM,1994,4.7
RWA,2002,3.2
GMB,2004,7.0
NER,2007,4.9
COM,1999,5.5
ERI,1999,3.7
TZA,2014,6.1
ERI,1980,2.1
BFA,2008,5.5
ERI,2008,4.8
SOM,1988,3.8
BEN,1982,3.0
ZWE,2004,7.0
KEN,1986,2.6
ZMB,2010,5.9
SYC,1996,7.3
CMR,1995,4.2
CMR,1985,3.4
COM,2013,7.7
TUN,1980,6.0
COD,2009,5.3
LBY,2003,13.0
BEN,1985,3.1
GAB,1992,5.7
ERI,2009,4.9
EGY,1993,10.9
SWZ,1995,6.2
TUN,2010,11.4
GHA,1988,3.6
SSD,1999,
GNB,2001,5.3
TGO,2002,5.7
COM,1993,4.6
CPV,1985,3.8
NER,1982,2.5
SEN,1982,3.8
CPV,2012,8.9
ZMB,1982,3.8
ERI,2006,4.6
LBY,1996,11.4
BFA,1999,4.1
LSO,2006,8.6
MOZ,2006,5.5
MRT,2014,9.4
GAB,1987,4.9
GNB,1993,4.0
EGY,1990,9.3
AGO,1991,4.0
SOM,2000,4.9
GNB,1991,3.7
SSD,1991,
TGO,1988,3.6
COG,2013,7.4
TCD,1990,3.0
MRT,1998,6.2
CMR,2007,5.9
MAR,1985,5.9
MLI,1987,3.0
TUN,2009,10.7
ZWE,2009,6.0
AGO,1995,4.5
ERI,1983,2.3
GIN,1990,3.3
SYC,2004,8.6
GNQ,1997,4.7
TCD,1999,5.1
BFA,2010,6.7
ERI,2007,5.1
ZMB,1986,3.7
KEN,2000,4.1
CAF,1984,3.2
DZA,1998,8.7
MWI,1989,3.1
MLI,1995,4.7
GAB,2004,8.3
MWI,2002,4.7
MAR,1981,5.6
DZA,2010,11.6
DZA,2011,11.5
ZWE,1984,4.3
RWA,2010,4.2
GIN,1995,3.8
ERI,1994,3.5
SSD,2010,
MDG,1983,2.7
SEN,1982,4.1
BEN,1992,4.2
CMR,2001,4.9
GIN,2003,5.1
SLE,2010,6.1
LBY,1986,10.0
AGO,2002,5.5
CAF,2012,7.6
LSO,2000,4.7
COG,1995,5.2
CPV,2000,6.3
GHA,1994,4.5
MOZ,1984,2.8
DZA,1982,4.9
EGY,2014,19.8
BFA,2006,6.0
EGY,2000,10.8
CAF,1999,4.8
BDI,2006,3.3
COD,1992,3.4
CAF,1994,4.3
ETH,1986,2.6
GNQ,1995,4.6
SWZ,1982,4.3
ERI,2008,5.2
GIN,1998,4.1
MLI,2011,6.8
TGO,2006,5.7
TCD,2007,5.1
MAR,1995,7.6
ZAF,2012,12.2
CAF,1990,3.8
GNQ,1984,2.9
BEN,2010,6.7
SEN,2005,6.5
GAB,2008,8.9
MAR,1981,5.0
MLI,1993,3.6
COG,1986,4.1
GMB,1997,5.5
STP,1981,4.3
GIN,1992,3.5
TUN,1999,9.5
MRT,2008,7.7
MUS,2004,12.1
MUS,1987,9.8
GMB,1980,3.2
LBY,2006,14.0
KEN,1982,2.8
CPV,2011,8.8
EGY,2005,15.3
BWA,2002,6.9
SDN,2001,
MDG,1990,3.3
TZA,1999,4.5
DZA,1992,7.1
GMB,1988,3.9
ETH,2002,3.9
BWA,2004,7.1
BDI,1993,2.3
MDG,2003,4.0
CIV,2004,5.3
GNB,1991,3.7
SOM,1985,3.5
GNB,1985,3.0
COM,2001,5.8
LBY,2004,11.9
COD,2006,4.8
GNB,1980,2.7
SWZ,2006,9.6
BFA,2005,5.8
SSD,2012,
LBR,1997,5.1
LBY,1980,8.2
SYC,2011,10.1
BEN,1981,3.2
CPV,1983,3.5
ZWE,1998,5.8
DJI,1981,5.8
COM,2000,5.7
SWZ,2006,6.4
EGY,2009,15.5
CIV,1995,5.0
CIV,2011,6.9
BDI,1996,2.5
ZWE,2002,5.5
NAM,2009,6.8
CAF,1995,4.3
LSO,2006,7.4
BEN,1988,3.9
LSO,2003,6.9
STP,2012,8.2
SEN,1994,5.2
BFA,2002,5.2
MLI,1992,3.9
ERI,1987,2.7
GAB,2007,8.7
COD,2000,4.1
NAM,1994,5.0
LSO,2000,6.4
GAB,2012,9.6
ZMB,2004,5.7
STP,1982,4.2
MWI,1998,4.3
GMB,2012,8.2
COD,2013,6.0
SDN,2014,
MLI,1985,3.2
GNQ,2013,9.2
BDI,2004,3.0
LSO,2010,6.5
LBR,1995,5.1
TZA,1996,4.2
UGA,1985,2.3
TGO,2000,4.9
SEN,2002,6.0
SWZ,1995,4.6
STP,2006,7.4
GNB,1988,3.4
LBR,1998,4.7
MUS,1995,10.2
COG,2008,6.7
MRT,2011,8.1
TZA,1993,3.9
ZAF,2004,9.4
NGA,1980,2.6
MWI,2000,4.6
MDG,2001,4.8
GNQ,1985,2.9
LBR,1989,5.0
MUS,2001,11.5
NER,1996,3.9
SOM,2005,5.4
SOM,1993,4.4
SEN,2010,7.1
CIV,2000,5.3
LSO,2002,6.7
GMB,1998,5.3
CPV,1997,5.9
ZMB,2008,5.9
DJI,2006,8.0
SWZ,2010,10.4
MAR,2008,11.4
ETH,1989,2.9
CPV,1984,3.6
ZWE,2000,5.2
CIV,1988,3.9
SLE,2011,6.2
COG,1995,5.3
GMB,1981,3.4
ZWE,1995,4.5
ETH,2011,5.0
MWI,1989,3.2
LSO,1982,2.4
ZWE,2006,6.5
SYC,2001,8.1
BWA,1985,4.5
ZMB,2011,6.0
MOZ,1986,3.1
UGA,2005,3.7
MDG,1999,4.2
TCD,1992,3.6
KEN,2001,4.6
SLE,1986,3.7
ZMB,2002,5.3
GNQ,1994,4.4
NGA,1996,4.2
SDN,1988,
EGY,1998,11.4
CMR,1994,4.4
COG,2014,7.7
BFA,1985,2.7
COD,1999,4.1
MOZ,1985,2.7
MUS,1983,8.5
LBR,1984,4.5
GMB,1991,4.3
DZA,2000,9.2
UGA,2010,4.0
CPV,1981,3.2
LSO,1994,5.3
EGY,2001,13.7
CMR,1990,3.8
SSD,2009,
MOZ,1980,2.3
UGA,2014,4.7
BWA,2003,7.0
MRT,2005,7.7
ERI,1988,2.7
KEN,1983,2.6
ETH,1981,2.4
KEN,1983,2.9
SWZ,2001,7.3
ETH,1986,2.7
GMB,1988,4.0
CIV,2008,6.1
MRT,2013,9.2
TCD,2013,6.8
MWI,1994,3.8
SDN,1986,
DZA,1980,5.6
GIN,2009,5.4
UGA,2011,4.1
GAB,1998,7.1
ERI,1985,2.5
BWA,2008,8.5
SWZ,1999,8.4
SDN,1995,
MWI,1987,3.0
BDI,2002,2.9
RWA,1984,1.5
EGY,1987,8.7
TCD,2012,7.5
NAM,2001,5.0
MWI,1995,3.9
GNB,2014,7.4
GIN,1991,3.4
TGO,1987,3.5
GAB,2006,8.5
SYC,1986,7.0
RWA,1983,1.8
CPV,1992,4.8
MWI,2003,5.0
SSD,1991,
SYC,2003,8.5
GIN,1998,4.3
MAR,1984,5.5
CPV,1981,3.2
GNB,2010,6.8
TZA,1993,3.7
CAF,1989,3.7
LBY,2008,14.7
SEN,1999,5.7
DZA,1985,5.8
TGO,1986,3.2
ZAF,2011,10.8
GNB,2012,6.8
COD,2004,4.6
BFA,1988,3.1
MDG,2009,5.7
BWA,1991,5.0
ZWE,1993,5.1
CMR,1987,3.5
DJI,2008,7.5
COD,1986,2.9
BEN,1983,2.9
COG,2001,5.8
NGA,2005,5.2
MUS,1991,10.4
NAM,1982,3.9
TZA,2003,5.0
LBY,2004,12.6
SSD,2013,
STP,1983,4.5
CAF,2005,5.7
NAM,2012,7.2
BEN,2013,6.8
NAM,2007,6.8
DZA,1985,5.4
MDG,1992,3.3
SOM,1991,4.3
LBR,1980,3.5
UGA,2008,3.5
LBR,2008,6.5
TZA,1988,3.0
ZMB,2005,5.6
GAB,2014,10.0
SWZ,2007,6.5
TGO,1996,4.3
TUN,2011,11.3
ERI,2012,5.2
KEN,2008,5.4
GNQ,2003,6.4
MLI,2010,7.5
LBY,2012,15.9
TZA,2005,5.2
NER,1993,3.5
BEN,1985,3.6
DJI,1994,6.9
CPV,1988,4.2
DJI,2009,7.5
MAR,1987,6.0
LBY,2014,15.2
CAF,1992,4.0
NER,1995,3.8
MUS,1988,8.6
ZWE,1988,5.6
GNB,1995,4.2
CAF,1983,3.1
NGA,2001,4.7
SSD,1982,
COD,2007,5.1
COM,1996,5.1
CPV,2008,8.4
SDN,2003,
MLI,1998,5.1
SLE,1996,4.6
ZAF,1982,7.8
ERI,2005,4.5
KEN,1998,4.3
AGO,1990,3.9
COD,2010,5.4
LBR,1985,4.3
BWA,1988,5.2
CPV,1987,4.1
BDI,1985,1.7
UGA,2007,3.9
LBY,2005,12.2
MWI,1982,2.6
LBR,1992,4.8
ZWE,2007,5.9
GAB,2011,9.5
MWI,1980,2.5
MOZ,1985,2.9
ERI,2007,4.3
NGA,2003,5.1
ZMB,1991,4.2
TUN,2009,11.2
STP,1989,5.5
SYC,2005,9.4
SOM,2006,6.4
ZAF,2010,11.8
COG,2014,7.6
ERI,2000,4.3
TCD,1995,4.4
SYC,2002,9.0
TCD,2009,7.0
LSO,2012,6.9
CAF,1981,3.0
COD,1990,3.2
ERI,2011,5.6
RWA,2010,4.0
CPV,2003,7.4
CIV,1988,3.8
STP,2013,8.3
LSO,1988,5.6
DJI,1999,8.1
ZWE,1990,4.8
GNB,1981,2.7
SWZ,2007,9.7
NGA,2000,4.7
BDI,1988,1.7
STP,1980,4.2
BEN,2014,7.2
CMR,1996,4.4
RWA,2001,3.1
SEN,1998,5.6
LBR,2011,7.3
MAR,2009,12.1
TZA,2002,4.9
SWZ,2000,7.1
EGY,1987,7.8
STP,2005,7.3
MRT,1992,6.0
GHA,2013,6.5
SLE,1982,3.6
MRT,2001,6.7
MOZ,1990,3.3
NER,1984,2.6
SYC,2000,8.8
ZMB,1980,3.6
MLI,1987,3.3
LBY,1991,9.2
BEN,1998,4.7
RWA,2009,4.1
SWZ,2011,10.6
MOZ,2002,5.2
TCD,1994,3.4
DZA,1988,6.4
DJI,1985,6.2
NER,1997,3.7
LBY,1986,8.6
MUS,2010,12.5
GHA,1991,4.0
COM,2001,5.7
COG,1998,5.6
SYC,1989,7.4
GMB,1985,3.6
TCD,2002,5.7
NGA,1980,2.9
SSD,1985,
MWI,1992,3.6
DZA,1997,8.5
ZWE,1990,3.9
GNB,1988,3.4
GNQ,2013,9.0
RWA,2005,3.3
SOM,2011,5.9
GNQ,1980,2.6
TGO,1989,3.5
MDG,2006,4.2
SWZ,2001,8.7
GHA,1990,3.9
BFA,1987,3.0
GNQ,1992,4.1
LBR,1996,4.6
TCD,2001,4.2
GAB,1982,4.2
BDI,2010,3.6
GNB,1995,4.3
SEN,2007,6.6
SYC,2001,8.6
TUN,2012,12.0
SDN,1984,
GMB,2013,7.7
GNQ,2010,8.3
CMR,2008,6.0
KEN,1982,2.5
MWI,2010,5.9
BDI,1990,2.1
CMR,1995,4.5
ERI,2012,4.8
ZWE,1985,3.4
DJI,1987,6.3
GAB,1993,5.9
MWI,1985,2.7
ZMB,2009,6.1
BFA,2001,4.4
DJI,2010,7.5
CPV,2000,6.1
MRT,1994,6.3
EGY,2006,14.2
BDI,1998,2.6
TUN,2005,9.6
GIN,1996,3.9
SEN,2013,7.2
MOZ,1995,4.1
SSD,2004,
MWI,2000,4.6
DJI,2004,7.4
CMR,2014,6.7
NAM,2009,7.0
CPV,1986,3.9
TZA,2010,5.7
RWA,2013,4.2
BEN,1986,3.7
NER,2003,4.8
GIN,2005,5.2
TUN,2007,10.7
BDI,2003,3.0
MOZ,1980,2.5
BEN,2000,5.0
KEN,2003,4.4
CPV,2012,8.3
TZA,1999,4.5
MDG,2001,4.4
BWA,2000,6.6
TZA,1982,2.8
ZWE,2000,6.0
NER,1997,3.9
BWA,2007,7.4
NGA,1980,3.2
SDN,2008,
LBY,1990,9.0
SOM,1987,3.7
NGA,2013,6.2
SLE,2006,5.6
MOZ,1992,3.7
SLE,2012,6.8
SEN,2008,6.9
TZA,1982,2.6
MAR,2000,9.0
GMB,1995,4.8
MAR,2006,10.9
NGA,1992,4.2
ZWE,1994,4.4
BWA,1995,5.8
NER,1983,2.6
LSO,2011,6.7
TZA,1983,2.9
DJI,2009,8.1
TUN,1990,6.9
EGY,1980,7.3
SWZ,2011,9.1
GMB,2009,8.1
MAR,1995,7.9
COM,1984,3.5
LSO,1984,5.1
SDN,2002,
NER,2006,4.5
DJI,2000,7.3
GHA,2005,5.6
BWA,1983,2.3
LSO,2013,9.7
GAB,1992,5.8
DZA,2012,11.9
MUS,1994,10.9
BDI,2003,3.0
GHA,2001,5.1
SDN,1989,
SEN,1995,5.3
SYC,1992,6.6
GAB,2005,8.6
BDI,1984,1.5
ERI,2013,5.3
NGA,2002,5.0
BEN,2001,5.1
CPV,1993,4.9
GAB,1980,3.9
CMR,2006,5.8
TCD,1982,2.9
MOZ,2000,4.8
LBR,1990,5.1
LBY,2008,14.0
GMB,2011,7.4
NAM,2013,7.4
COD,2010,5.5
TGO,1980,3.1
UGA,1984,2.2
NER,2014,5.6
UGA,1993,2.1
ERI,2010,4.6
SSD,1997,
ZWE,2008,6.6
BWA,1980,3.8
GNQ,1993,4.0
BEN,2003,5.7
ERI,1999,3.9
LBR,2007,6.4
COD,1983,2.7
CMR,2008,6.0
MAR,2001,9.3
GHA,2006,5.8
GIN,1981,2.5
SSD,1982,
DJI,2005,7.9
MAR,1980,4.9
DZA,1989,6.9
SLE,2009,6.0
KEN,2009,5.5
MUS,1992,9.5
DJI,2005,8.4
COG,1987,4.2
COM,2002,5.9
MLI,1988,3.8
RWA,1993,1.9
SEN,1993,5.1
CIV,1983,3.6
MOZ,1994,4.0
ETH,2001,4.3
ZWE,1983,5.3
COM,2008,6.9
AGO,2001,5.5
RWA,1982,1.5
TCD,2003,5.1
COG,2011,7.1
DZA,1994,7.5
LSO,1984,2.5
CIV,1980,3.3
MLI,1989,3.5
SDN,1994,
TGO,2014,7.3
MAR,1980,5.4
TGO,1998,5.1
MRT,1998,6.6
AGO,2006,6.6
LBY,1997,11.6
RWA,1988,2.0
BEN,1995,4.6
MAR,2012,12.7
ZAF,1982,6.4
ERI,1990,2.9
COM,1992,4.5
TZA,1998,4.5
TCD,2011,6.5
SSD,1984,
UGA,1986,2.3
BFA,2007,6.2
GHA,1990,3.8
SDN,2009,
GMB,2002,5.9
MAR,2005,10.6
GMB,1992,4.4
SEN,1980,4.0
TGO,2013,7.1
MRT,1999,6.4
DZA,1986,6.0
MLI,2013,6.2
RWA,1986,1.3
SWZ,1994,7.4
MWI,2012,5.7
UGA,1995,2.9
CAF,2009,6.5
DZA,1998,8.1
MRT,1999,6.8
GHA,2002,5.2
NER,2004,4.6
ZAF,2012,10.9
SDN,2011,
LBR,2009,7.0
GIN,1986,2.9
SEN,2001,6.0
MRT,1990,5.3
NGA,1999,4.6
MDG,1988,3.0
GMB,2008,7.9
LBR,2003,5.4
GIN,2001,4.4
LBY,1983,9.6
SOM,1986,3.6
BFA,2001,5.0
CPV,2004,7.2
SLE,1983,3.7
TZA,2007,5.3
TCD,1998,4.4
MOZ,2010,5.9
ZWE,1999,6.6
SOM,1983,3.3
GNQ,1995,4.4
NAM,1991,4.6
ZAF,1989,7.0
ZAF,2009,8.8
MRT,2009,8.3
GMB,1996,5.0
COM,1982,3.4
SSD,1996,
MDG,1981,2.7
SWZ,2003,9.1
EGY,1999,11.8
BWA,1986,3.9
COD,2003,4.5
MLI,1997,4.9
NAM,1993,4.4
ZWE,2005,6.4
EGY,1998,12.5
NER,1989,3.0
MOZ,1998,4.5
BWA,2012,7.2
COG,2003,6.1
COD,1981,2.5
SDN,2006,
TCD,1982,2.5
MAR,2005,10.7
LBR,2005,6.4
SDN,1983,
SLE,1987,3.9
UGA,1999,3.2
SEN,1986,4.5
STP,2004,6.9
BEN,2014,7.0
SSD,1992,
LBR,1986,4.4
MLI,1994,4.5
SYC,1981,5.9
SWZ,1981,5.3
GIN,2007,5.1
ETH,1995,3.4
BEN,1998,5.4
DJI,2003,8.3
MDG,1993,3.6
BEN,2013,7.0
NER,2010,5.2
MDG,2000,3.9
CMR,2002,5.1
GAB,1994,6.4
LBY,2009,15.1
NER,2003,4.5
TZA,2001,4.8
SOM,1986,3.6
SWZ,2012,9.3
GIN,2009,6.0
NGA,2002,4.8
GIN,2008,5.3
RWA,1986,1.9
EGY,1981,6.6
ETH,2007,4.6
COG,1991,4.8
UGA,2003,3.2
CMR,1993,4.0
ERI,2002,4.0
BFA,1988,2.9
DZA,1993,6.9
LBY,1987,9.3
ZAF,1988,5.4
CPV,1993,4.9
ZAF,2002,7.5
SLE,1989,4.0
ZWE,2005,5.7
TCD,1995,3.5
MUS,2014,13.0
CMR,1987,3.5
MRT,2009,7.8
MOZ,1999,4.6
MRT,2007,8.0
SSD,2012,
SWZ,1982,2.9
ZAF,2000,8.6
TUN,1998,8.6
EGY,1984,8.8
LSO,1998,4.3
SEN,1980,3.6
GMB,1981,3.3
SEN,2005,6.4
TZA,2011,5.7
SYC,2002,8.3
ZWE,1989,3.7
MRT,2014,9.0
STP,2011,7.5
GNQ,1998,5.3
STP,1982,4.3
STP,1983,4.4
COM,1981,3.3
SSD,2000,
COD,1995,3.7
MRT,2002,6.8
SLE,1989,4.1
TGO,1980,2.8
EGY,1990,10.2
SYC,1998,7.6
MRT,1986,4.5
COG,1994,5.0
SLE,1983,3.5
MDG,2013,5.4
GNQ,1986,3.3
GMB,1993,4.6
RWA,1983,1.2
COD,1993,3.5
SEN,1981,4.0
STP,1981,4.2
SDN,2006,
BFA,2007,4.7
STP,1986,4.9
GMB,2013,9.2
ZAF,1982,4.9
MUS,2003,11.5
GHA,1998,4.8
ZMB,2003,5.4
SDN,1990,
CPV,1996,5.7
GMB,1994,4.8
COM,1988,4.0
SDN,1995,
TZA,1981,2.6
GAB,1986,4.8
UGA,1998,3.1
BEN,2002,5.3
ZWE,2013,7.5
NER,1982,2.5
MDG,1999,3.8
CIV,1986,3.8
NAM,2008,6.7
NGA,1998,4.7
LBR,2001,5.4
MRT,2006,7.4
LBY,1997,10.1
NGA,1994,4.0
TZA,2009,5.5
MOZ,1993,3.9
ZWE,2001,6.1
SSD,1995,
CPV,2000,6.7
COD,2001,4.3
SWZ,2000,5.4
GNQ,2007,7.7
LBR,2005,5.7
SSD,1987,
CAF,1990,3.7
SOM,2004,6.2
NER,2011,5.6
GNQ,2001,5.8
GNQ,1998,5.1
TUN,2000,8.3
GMB,2004,6.6
ETH,1988,2.8
COD,1997,3.9
ETH,2000,3.8
ETH,1984,2.4
MRT,1987,4.3
EGY,1990,8.4
GNQ,2011,8.7
SSD,2004,
SYC,2007,9.4
DJI,1988,6.5
CPV,2001,6.3
LBR,2014,7.7
CPV,1986,3.9
MDG,2008,4.4
CIV,1987,3.8
RWA,2008,3.6
KEN,2009,5.4
SLE,2003,5.4
GNQ,1983,3.1
TCD,2011,7.3
MDG,1997,4.3
CIV,2011,6.0
NAM,2005,6.5
MAR,2010,12.1
NER,2012,5.4
TZA,1989,3.3
SYC,1987,6.6
MAR,2006,11.0
COD,2006,4.9
TGO,1985,3.1
ZWE,1994,6.1
MRT,1983,4.1
ZAF,2009,10.4
STP,1986,4.8
ETH,2003,4.0
MUS,1990,9.0
MAR,2007,11.4
ZMB,2004,5.3
LBY,1993,9.5
ERI,1988,2.7
LBY,2001,11.7
RWA,1986,1.6
CIV,1987,3.9
STP,1992,5.6
UGA,2002,3.2
COG,1986,4.1
SOM,2010,6.9
MOZ,2012,6.1
BDI,1981,1.0
GHA,1989,3.8
SDN,2014,
MRT,2000,7.3
ZAF,2004,7.9
NAM,1988,4.3
MLI,2009,6.4
TUN,2008,11.4
BEN,2003,5.4
COG,2008,6.7
TZA,1997,4.2
ERI,2001,4.1
TGO,1998,4.6
BDI,2009,3.6
BDI,1994,2.2
TUN,1996,8.9
SWZ,1990,3.9
ZMB,1995,4.8
SLE,2006,5.8
COG,2010,7.0
UGA,1981,1.8
MOZ,1983,2.7
GAB,1986,4.8
NER,1981,2.5
TGO,1994,4.0
BWA,1989,3.4
MLI,2002,5.8
BFA,1999,3.8
SSD,2009,
COM,2010,7.2
CAF,1996,4.5
DZA,1989,6.5
LBY,1987,8.7
MOZ,1989,3.4
LBR,1994,5.7
BFA,1997,3.5
LBY,1999,12.0
BEN,1985,3.3
NAM,1985,2.9
COM,1991,4.3
AGO,2003,5.8
LBR,1984,3.9
COM,2006,6.5
ZWE,1983,3.2
DJI,1983,5.9
MLI,1999,4.3
CIV,1989,4.2
ETH,2007,4.3
BDI,1997,2.5
SYC,2010,9.6
MDG,1981,2.5
CMR,1983,3.3
NER,1992,3.2
MRT,1980,4.0
CAF,1983,3.1
MWI,2010,5.7
AGO,2010,7.3
TZA,1991,3.4
COG,1980,3.5
CPV,1990,4.4
EGY,1985,8.2
COD,1982,2.7
GIN,1999,4.5
MWI,1994,3.8
EGY,1998,10.3
SWZ,2013,7.7
GNB,1992,3.9
MDG,2011,4.6
MUS,1989,8.8
NAM,2003,5.4
COM,2003,6.2
BDI,1994,2.3
CMR,1988,3.6
COG,2002,6.0
TCD,1991,3.4
NAM,1989,3.3
NAM,2013,7.2
COD,1983,2.5
GHA,2006,5.7
TGO,1989,3.7
RWA,2003,3.3
ETH,1980,2.2
MOZ,1982,2.4
GAB,1997,6.7
ZAF,1996,9.2
GNQ,1981,2.8
GNQ,1998,5.0
ETH,2005,4.4
CPV,2010,7.6
SDN,1994,
MLI,1990,4.0
TZA,1985,2.7
SWZ,1992,7.0
TGO,2014,7.0
STP,2003,6.8
DJI,2005,7.4
SLE,2013,6.7
SLE,1992,4.3
SOM,1996,5.0
ZWE,2006,5.8
KEN,1988,3.0
MWI,1984,2.6
TGO,2008,6.3
SWZ,1984,5.7
COG,2002,5.9
GHA,1988,3.7
NGA,1989,3.9
TCD,1996,3.6
SSD,1990,
RWA,1997,2.3
SOM,1989,3.9
SYC,1986,5.8
TUN,2014,12.5
COD,1993,3.5
MWI,1982,2.4
MOZ,2007,5.8
GAB,1983,4.3
RWA,2004,3.7
COG,1981,3.4
ERI,1981,2.4
LSO,1983,5.0
CIV,2000,5.6
MDG,2009,4.4
NER,2009,5.4
GNB,2009,6.2
MWI,2003,4.9
GHA,1992,4.1
BFA,1990,2.9
AGO,1982,3.0
MDG,1982,2.7
BEN,2004,5.9
TCD,1988,3.1
NAM,1993,3.8
ZMB,2009,5.8
TCD,1988,2.9
NAM,2003,6.2
GAB,2005,8.3
TZA,1997,4.3
TZA,2000,4.7
SOM,1996,4.8
DZA,1995,8.1
SLE,1993,4.4
BEN,1984,3.5
MWI,2001,4.7
MWI,2003,4.8
STP,1980,4.1
BWA,2001,7.7
SWZ,1987,6.2
SWZ,1980,2.7
GMB,1990,4.3
UGA,1997,2.4
SYC,2002,8.7
ETH,2013,5.7
SDN,1983,
SWZ,1991,5.6
CMR,1994,4.2
MOZ,2004,5.3
COM,2004,6.3
DJI,1999,7.6
ZAF,2012,9.3
SDN,1997,
COM,2013,7.8
NER,2007,5.2
SYC,2012,9.9
CIV,1991,4.0
MAR,1984,5.8
MWI,1997,4.2
TCD,1986,2.7
TGO,1991,3.7
EGY,1981,8.2
GAB,1999,7.5
SOM,1995,4.7
SWZ,2010,7.1
SEN,1984,4.0
SWZ,2009,6.9
SSD,1989,
RWA,2006,3.4
KEN,1990,3.2
SYC,1980,6.4
SLE,1995,4.6
BEN,1990,4.2
GHA,1998,5.0
GAB,1985,4.7
BWA,1994,5.6
MUS,1983,9.2
MDG,2006,4.8
ERI,2004,4.1
BFA,1981,2.4
SOM,1995,4.5
SDN,1997,
MOZ,1995,4.1
UGA,1987,2.0
ZMB,2014,6.6
NGA,1983,3.1
GAB,2014,10.0
GIN,1981,2.6
GAB,1984,4.5
MDG,1994,3.7
SOM,2000,5.6
ZWE,1997,5.6
LBR,2014,7.8
COD,1999,4.0
MWI,1998,4.3
MUS,2007,12.0
STP,1993,6.0
CPV,1988,4.2
EGY,2014,16.0
LBY,2009,14.4
TZA,1987,3.2
TGO,2003,5.3
CAF,1993,4.2
MDG,1980,2.5
NAM,1998,5.5
ZMB,1989,4.3
AGO,1991,4.0
GAB,1981,4.1
ZMB,1987,4.5
TCD,1988,3.4
NAM,1993,4.9
MLI,2011,5.9
GMB,1998,5.5
SWZ,2008,9.9
ZAF,2003,10.4
SLE,2010,6.3
SWZ,2004,6.0
LBR,1982,3.9
SEN,1994,5.2
AGO,2005,6.2
COG,1982,3.6
MUS,1993,10.8
MLI,2005,6.4
MDG,1996,3.6
LBR,1988,4.4
ZMB,1985,4.0
KEN,2013,5.9
NGA,2003,5.0
ERI,1990,3.0
SEN,2000,5.8
KEN,2011,5.8
CMR,1992,3.9
GAB,1999,7.2
MWI,2005,5.2
SLE,2013,6.9
SDN,2006,
DJI,1996,7.1
GNQ,2010,8.4
STP,1989,5.1
RWA,2013,4.5
ZAF,1983,6.5
AGO,1997,4.8
LBY,1992,9.9
NER,1996,3.7
DJI,2002,7.8
GIN,1991,3.4
NGA,2011,5.9
TUN,1992,6.6
COG,1996,5.3
SYC,2014,10.4
SWZ,1984,4.6
SSD,1990,
SWZ,1987,5.0
UGA,2012,4.1
RWA,1988,1.4
TCD,1997,3.7
BEN,2014,7.4
GNQ,1997,5.0
DJI,1982,5.8
SLE,2014,6.6
GAB,1997,6.9
GHA,1996,4.7
LBY,2004,13.3
COM,1993,4.6
ETH,2011,5.4
SEN,1980,3.8
TGO,2000,5.1
ETH,1982,2.3
COM,2003,6.1
UGA,1990,2.2
CIV,2011,6.5
MUS,2007,12.2
SWZ,1988,6.4
ZAF,2007,10.0
ETH,2011,4.7
EGY,2011,14.6
DZA,2001,9.1
EGY,1987,9.4
TCD,1990,3.3
SOM,1997,4.6
CIV,1994,4.6
UGA,1981,1.5
SLE,1982,3.4
DJI,1996,7.8
ZMB,1998,5.2
LBR,1999,4.8
ZAF,1996,7.9
TUN,1983,5.8
GIN,1994,3.7
MUS,1994,10.5
ZMB,2007,5.6
MAR,2000,9.1
LBR,2008,6.2
DJI,1982,5.9
AGO,2005,6.1
GIN,2000,4.5
MLI,1984,3.1
KEN,1997,3.8
SYC,1982,6.6
SEN,2011,7.0
RWA,2012,4.2
CIV,2006,6.3
DZA,2011,11.7
CAF,1991,3.9
SDN,2013,
GHA,1981,3.1
MAR,1983,5.3
TCD,2005,6.3
ZMB,1986,4.4
RWA,1994,2.3
BDI,1989,1.8
ZWE,1997,6.4
SOM,1990,4.1
NAM,2006,6.4
COD,1991,3.3
GMB,2007,7.7
MAR,2004,10.3
SOM,1987,3.7
ERI,1989,2.8
CIV,1984,3.5
RWA,1998,2.8
MUS,1993,9.8
GIN,1981,2.5
EGY,2003,14.4
BWA,1997,5.0
SOM,2005,6.3
BEN,1988,3.4
CAF,1998,4.7
MAR,2012,13.2
ZWE,2006,7.1
SYC,1995,7.6
MOZ,2008,5.6
SYC,2014,10.4
DZA,1999,9.0
DJI,2009,8.6
SLE,1982,3.5
KEN,1985,2.5
CMR,1998,4.5
MWI,2002,4.9
GNB,2001,5.1
MUS,1980,8.1
ZWE,1995,5.4
TGO,1989,3.9
MLI,1986,3.2
COM,1989,4.1
GMB,1985,3.7
CAF,2007,6.0
TGO,2004,5.7
LSO,2011,8.2
SYC,2011,9.8
NER,1982,2.5
GMB,2013,8.4
SWZ,2007,8.3
GNQ,1985,3.3
GNQ,2011,8.7
GAB,1988,5.1
EGY,1995,9.5
BFA,2013,7.2
MWI,1996,4.0
SOM,1989,3.9
NAM,1981,3.3
SWZ,1981,2.8
LSO,2002,5.0
GHA,1992,4.1
MDG,1999,4.6
GIN,2014,6.4
MUS,1995,11.0
GIN,2003,4.9
BDI,1993,1.9
SOM,2014,6.2
TCD,1992,3.9
NER,2001,4.3
MLI,2000,4.9
COG,1981,3.5
GAB,2007,8.8
DZA,1988,6.7
BEN,2002,5.6
LBY,1992,10.7
DZA,2008,11.2
CIV,1985,3.5
CPV,1987,4.1
TUN,2002,9.5
BFA,1987,2.8
BEN,2012,7.2
ZAF,1985,8.0
RWA,1980,1.6
SEN,2011,7.2
STP,2007,7.4
SDN,2009,
MOZ,1982,2.8
RWA,1985,1.6
NER,1987,2.8
TGO,1993,3.9
SEN,2013,7.3
TUN,1994,6.9
GNB,1996,4.4
GAB,2002,8.1
SYC,2007,9.7
MAR,1987,6.2
CAF,2011,7.1
LBY,1983,8.8
BWA,1982,4.1
MOZ,1993,3.9
COM,2011,7.4
SSD,2004,
NER,1987,2.8
TUN,1988,6.6
KEN,2007,5.1
CIV,2004,5.7
GHA,1991,3.9
SSD,1996,
EGY,2001,11.1
ZMB,1994,4.4
TGO,2010,6.5
RWA,1982,1.1
TCD,1985,2.7
CIV,2008,5.6
MOZ,2011,6.0
SEN,2009,6.8
MLI,2002,5.2
GHA,2011,6.2
COD,1997,3.8
SEN,2012,7.1
ZMB,1983,3.9
KEN,2004,4.8
ZMB,1986,4.1
BDI,2005,3.1
SEN,2000,5.8
TCD,2010,7.2
NGA,2007,5.4
COM,2004,6.3
AGO,1980,2.9
MRT,1981,3.8
LBY,2006,12.6
ZAF,2004,10.6
CMR,1989,3.8
SYC,1994,7.5
GNQ,2010,8.5
SOM,1984,3.4
CAF,2008,6.3
NER,2001,4.1
GNB,2010,6.3
GHA,2001,5.2
SLE,1999,5.1
SDN,2005,
SSD,2012,
GAB,1980,3.8
DZA,1982,5.4
LSO,1983,2.4
NER,1991,3.3
ZAF,1989,8.3
SLE,2002,5.2
DZA,1994,7.2
GMB,2003,6.1
SOM,1993,4.6
LBR,2003,5.7
ZMB,2010,6.2
AGO,1990,3.9
LBR,2002,6.0
MLI,2012,6.1
ERI,1993,3.4
TCD,2001,5.5
ERI,2002,4.2
CPV,2001,6.9
ZAF,2013,11.1
GNB,2005,5.7
COM,1991,4.3
GNQ,2007,7.7
TUN,1989,7.5
SLE,1993,4.4
MDG,1983,2.7
TUN,1999,8.0
ZWE,1992,5.0
EGY,1999,10.5
CMR,2001,5.1
LSO,1995,6.8
CAF,1983,3.1
COD,2005,4.7
MLI,1997,4.5
SLE,2011,6.4
RWA,1989,1.8
GHA,1989,3.7
BFA,2006,4.6
BFA,1994,3.8
CAF,1995,4.2
UGA,1996,3.0
AGO,2000,5.2
MLI,1984,2.8
GHA,2000,5.2
DZA,1991,6.5
UGA,1995,2.2
MOZ,2010,6.1
NER,2000,4.5
KEN,1985,2.8
BDI,2006,3.2
NER,2004,4.3
MAR,1982,5.5
BDI,1983,1.6
BEN,1995,4.3
NER,2001,4.6
SDN,1983,
GIN,2002,4.8
BDI,2010,3.7
ERI,2006,5.0
ZAF,1983,5.0
LBY,1997,10.8
TZA,1999,4.6
BWA,1989,4.5
GHA,1999,5.0
BFA,1998,4.5
CIV,1991,4.4
KEN,2013,6.0
GNB,2006,6.0
DZA,1994,7.9
ZMB,1995,5.0
RWA,1980,1.4
ERI,1994,3.2
UGA,1988,1.7
EGY,1980,8.0
GNB,2006,6.2
TZA,2011,5.8
ZWE,2010,6.1
LBR,2007,6.7
SEN,2008,6.7
ZMB,2007,5.9
RWA,1995,2.4
DJI,2002,8.3
DZA,2004,9.6
ETH,1980,2.5
GIN,2013,6.2
MDG,1995,4.1
SSD,1993,
KEN,2012,5.7
SEN,1981,3.7
NAM,2006,6.0
MWI,2010,5.5
BFA,1989,2.8
MDG,2012,4.6
NAM,1990,4.5
COG,2007,6.6
SWZ,1992,5.8
EGY,2008,13.4
BDI,1997,2.2
TCD,2008,6.0
EGY,1993,10.1
GNB,1980,2.6
NAM,1998,4.5
TUN,1987,7.1
MWI,1995,3.9
BDI,2011,3.8
MRT,2000,6.9
SDN,1985,
SWZ,1980,4.1
CPV,1992,4.9
ETH,1987,2.7
ETH,1988,2.9
BEN,2007,6.3
BFA,1985,2.6
SOM,2013,6.1
BEN,1980,2.9
CPV,1981,3.3
EGY,2011,18.2
DZA,1983,5.5
BFA,2000,4.3
NGA,1995,4.1
ETH,2009,4.8
GMB,2001,5.8
COG,1991,4.7
RWA,1981,1.1
KEN,2005,5.0
KEN,2006,4.8
ZAF,1992,5.9
ZWE,1983,4.3
ZAF,2002,9.0
ETH,2006,4.5
COG,1982,3.5
GHA,1993,4.2
GHA,2012,6.3
MOZ,2004,5.2
LBR,2009,6.7
UGA,1989,2.5
GNQ,2004,6.9
GAB,2000,7.7
CMR,1984,3.2
SDN,1986,
ZWE,2011,6.8
SOM,1992,4.2
MRT,1992,5.2
CAF,2013,7.8
ERI,1990,2.9
MDG,2008,5.6
SSD,1983,
RWA,2004,3.2
CMR,2006,5.7
ZAF,1995,9.0
SWZ,2011,7.3
DZA,2001,8.8
CMR,1983,3.2
STP,1990,5.7
TZA,1988,3.2
DZA,1989,6.1
COM,2010,7.2
SYC,1999,7.8
TCD,1987,2.8
TZA,2002,4.8
NAM,1999,5.7
MLI,2006,5.9
BDI,1986,1.8
RWA,2014,4.5
NER,2007,4.6
SWZ,1986,3.4
BWA,1998,5.2
TZA,1995,4.1
CMR,1998,4.7
ZMB,1997,5.2
DJI,1989,6.7
TUN,2003,9.1
CMR,2000,4.9
EGY,2010,17.6
MWI,1996,4.0
BWA,1993,5.4
GIN,2011,6.3
CPV,2008,7.8
GIN,2006,5.3
SWZ,1997,8.0
MOZ,2001,5.0
BEN,1994,4.8
BDI,1989,2.0
GIN,2009,5.7
SLE,2003,5.3
NGA,2014,6.2
NGA,1984,3.0
SEN,2006,6.4
CIV,2009,5.7
ZWE,1996,4.6
GMB,2012,8.9
GHA,1984,3.3
NER,1993,3.4
GNB,2011,7.0
RWA,2009,3.9
ZWE,1996,6.3
BFA,2003,4.7
MWI,2011,6.1
CPV,1988,4.2
CIV,1991,4.3
GIN,1995,3.8
COD,2010,5.5
MRT,1987,5.0
CMR,2012,6.5
CMR,2009,6.1
GNB,2004,5.9
ZMB,1981,3.7
COG,2013,7.5
STP,1985,4.8
TZA,1992,3.7
NER,2013,5.8
NGA,2012,5.8
SSD,2013,
NGA,1997,4.5
MOZ,1987,3.1
SYC,1994,6.9
LBY,1991,10.5
COD,1999,4.1
SSD,1996,
COM,2007,6.7
DJI,1992,7.2
SWZ,1992,4.2
DZA,1988,5.9
SYC,1985,6.4
GIN,1992,3.5
GNQ,2003,6.6
SDN,1998,
BEN,2000,5.3
TCD,1991,3.1
LSO,1986,2.7
ZAF,2011,9.2
MAR,1988,6.1
SDN,2004,
SOM,1982,3.2
MOZ,2004,5.4
EGY,1986,9.2
MLI,1995,3.8
COG,2003,6.0
GHA,2005,5.7
CAF,1995,4.4
SSD,2013,
TZA,2010,5.6
GNB,1989,3.5
BFA,2000,3.9
SSD,1980,
GAB,1984,4.5
LBY,1994,9.6
KEN,1988,2.8
ZAF,2014,9.7
MDG,1994,3.5
TZA,1985,3.0
CAF,2002,5.3
SDN,1981,
ETH,2003,4.5
SYC,1982,6.0
LBR,1987,5.0
STP,1981,4.2
LBR,1986,4.1
MWI,2012,6.0
LSO,1997,7.1
EGY,2012,18.7
ZWE,1990,5.7
CIV,2014,7.3
BDI,1998,2.5
MRT,2002,7.2
TUN,1997,8.3
SOM,2011,7.0
BEN,1992,4.5
SOM,2003,6.0
MWI,1983,2.5
NGA,1992,4.0
CMR,1981,3.0
RWA,1985,1.3
LSO,2003,8.2
STP,1996,6.5
ZMB,1992,4.6
DJI,2007,8.5
TZA,1986,3.0
TUN,2004,9.3
KEN,1999,4.2
GHA,1995,4.5
EGY,1984,8.0
GAB,1988,5.1
BDI,2005,3.2
MWI,1995,4.0
TUN,2013,12.6
MDG,2002,4.4
MUS,2013,13.0
LBY,2013,15.6
NER,1985,2.7
TUN,2008,10.9
KEN,1996,3.9
MLI,2001,4.5
SYC,1986,6.5
BFA,1993,3.4
SSD,2007,
ZAF,2001,8.8
SDN,1992,
SSD,1998,
GAB,1998,6.9
BFA,2011,5.9
DZA,1981,4.8
MUS,1984,8.6
GNQ,2002,6.3
TZA,1986,2.8
TZA,1996,4.2
SWZ,1986,6.0
ZMB,1988,4.6
SLE,1985,3.7
MUS,1985,8.8
SLE,1984,3.6
TGO,1994,4.3
MWI,1988,3.2
COG,2010,7.0
MUS,2009,12.5
SYC,1999,8.7
MAR,2003,10.0
NAM,1985,3.6
GHA,1995,4.6
SEN,1997,5.5
MRT,1988,4.5
MAR,1986,6.1
MUS,2000,11.4
NAM,1983,2.8
BWA,1982,2.2
EGY,2003,13.1
DJI,1990,6.9
BEN,2012,6.7
KEN,1990,3.0
SWZ,2014,11.3
GIN,2012,5.8
NGA,1989,3.7
LBR,2003,6.1
SYC,1985,7.0
ZMB,1999,4.8
SOM,1981,3.2
SEN,1984,4.2
AGO,2013,8.3
MAR,1984,6.0
GNQ,2006,7.4
SWZ,1991,6.9
CAF,1982,3.0
GNB,2006,5.8
ZMB,2012,6.3
COD,1989,3.1
STP,2004,7.6
TZA,1989,3.2
SLE,1998,5.0
BWA,1999,5.4
GMB,1999,5.9
TUN,2001,8.5
ZWE,2007,7.1
MWI,2002,4.8
KEN,2003,4.8
ZAF,2007,8.5
BFA,2008,4.8
ERI,1986,2.6
BFA,1986,2.9
GHA,1999,4.9
EGY,1992,9.8
RWA,2014,4.4
CPV,1989,4.3
DZA,2008,10.7
CMR,1981,3.1
GMB,1985,3.6
SYC,2013,10.2
TZA,2007,5.4
GIN,2012,6.1
CAF,1999,5.0
MLI,2010,6.6
NGA,2013,5.9
COG,1998,5.5
LSO,1996,5.7
EGY,1988,8.9
STP,1997,6.6
MOZ,1992,3.6
ZWE,2003,6.3
COM,2000,5.6
ZAF,1980,6.3
STP,2002,6.8
COG,1981,3.5
SDN,1982,
SEN,1993,5.1
TUN,1985,6.8
BEN,1984,3.0
MWI,1983,2.7
NAM,1980,2.6
TUN,2002,10.1
TUN,2010,11.0
NGA,2003,4.9
SDN,2007,
LBR,2004,5.5
SLE,2008,6.2
TGO,2005,5.6
MRT,2012,8.2
SYC,2006,9.5
MRT,2007,7.6
CMR,2000,4.8
ETH,1994,3.4
GNQ,1983,2.8
NGA,2005,5.2
UGA,1983,1.5
CMR,2011,6.3
DZA,1991,7.3
TGO,2008,6.5
BFA,2012,6.0
GMB,1986,3.7
STP,2010,8.0
AGO,1981,2.7
DJI,1981,5.8
GHA,2001,5.3
CPV,1985,3.7
STP,2014,7.8
NER,1981,2.5
MLI,2014,6.4
SYC,1992,7.7
MWI,2009,5.8
MRT,2010,8.4
COG,1988,4.4
CAF,2006,6.0
LBY,2011,14.9
BEN,2005,6.0
MUS,1988,9.3
NGA,1986,3.4
COG,1999,5.6
SDN,2013,
MWI,1996,4.1
TZA,1998,4.4
GNB,1987,3.3
MDG,1995,3.8
GMB,1992,4.6
STP,1985,4.6
COM,2006,6.6
BFA,2013,5.3
ZMB,2003,5.6
UGA,1998,2.5
UGA,2006,3.8
MDG,1990,3.2
MRT,1997,6.1
GAB,1984,4.5
TUN,1998,7.8
STP,2001,7.3
DZA,1993,7.3
NGA,1984,3.4
BDI,2009,3.6
ETH,1990,3.0
COM,2002,6.0
ERI,1987,2.7
TGO,2013,7.0
GAB,1997,7.1
RWA,1989,2.1
GNB,2001,5.2
BFA,1996,3.4
EGY,2009,13.8
KEN,1980,2.1
COM,2010,7.2
GHA,2003,5.5
BFA,1981,2.4
NAM,2004,5.6
CIV,1997,4.6
TCD,2012,5.8
MRT,1982,3.9
ETH,1990,3.0
LBY,2002,12.7
ERI,2004,4.4
MOZ,2013,6.2
GIN,1998,4.2
COD,1995,3.7
NER,2014,5.9
SYC,2012,10.1
EGY,1983,7.0
BDI,1981,1.3
MLI,2007,6.0
SSD,1984,
SWZ,1993,7.2
CAF,1985,3.2
TGO,1992,3.8
KEN,2012,5.5
UGA,1982,1.8
DZA,1995,7.7
COG,2010,7.0
MLI,1982,3.2
SLE,1990,4.1
MDG,2007,5.5
MAR,2000,9.2
SLE,1995,4.7
NER,2008,5.3
GNB,2002,5.5
GIN,1984,2.8
BWA,1987,2.9
ZAF,1993,8.7
RWA,1993,2.2
UGA,2001,3.4
NAM,1983,3.4
SDN,1992,
SOM,1996,4.6
SEN,2007,6.6
SEN,1983,4.2
SWZ,2001,5.6
LBR,1987,4.6
SLE,2005,5.8
ZWE,2012,6.9
CIV,2001,5.7
GHA,1992,4.2
LSO,1980,4.8
SEN,2010,6.9
UGA,2009,4.1
MLI,1984,3.3
NER,1997,4.1
CMR,1990,3.9
EGY,1988,9.7
ETH,1992,3.2
LBY,2001,12.5
NGA,1986,3.2
MAR,2011,12.6
LBR,2010,6.9
STP,2011,8.1
MOZ,1990,3.6
CPV,1995,5.4
COM,1986,3.7
SLE,1989,4.0
RWA,1992,1.8
ETH,2008,5.1
MRT,1991,5.4
GHA,2008,6.0
CAF,2006,6.2
NGA,1988,3.8
ETH,1999,3.9
MOZ,2011,6.2
COD,1980,2.6
CAF,1999,4.7
MUS,2005,11.7
MUS,2011,12.6
EGY,2002,12.8
ERI,2013,4.9
STP,1998,6.7
EGY,2012,15.1
COM,1997,5.1
GIN,1997,4.1
ZAF,2007,11.3
MRT,1990,4.9
ZAF,1984,5.0
SLE,2009,6.3
BDI,1990,1.6
SWZ,1981,4.2
COM,1994,4.8
COM,1988,4.0
NER,2002,4.7
CAF,1998,4.8
MUS,2004,11.9
GNB,2003,5.4
MRT,2011,8.5
BWA,2008,6.5
CMR,2006,5.7
UGA,2001,2.7
ZMB,2010,6.1
BWA,2004,8.0
SEN,1989,4.6
GHA,1986,3.5
SDN,1999,
SOM,2009,5.7
NGA,1987,3.5
GAB,1982,4.1
BEN,1986,3.4
SEN,1992,5.0
LBY,2008,13.3
MWI,1997,4.2
DJI,1980,5.7
NGA,2014,6.3
MAR,2003,10.0
CIV,1987,3.7
ERI,1992,3.0
BEN,2001,5.8
RWA,2005,3.5
GMB,2009,7.0
AGO,1980,2.6
TCD,2012,6.6
MAR,1996,7.8
MAR,2002,9.6
SYC,2008,9.6
TGO,2004,6.0
ZAF,1986,6.7
ZWE,2002,6.2
BFA,1993,3.2
ZWE,1982,3.1
TUN,1992,8.1
GAB,1990,5.6
COD,1994,3.6
UGA,1981,2.1
ZMB,1996,4.8
LSO,1985,5.2
MLI,1999,5.2
SOM,2007,6.6
SSD,2003,
CPV,2003,7.0
BWA,2000,7.5
CIV,2002,5.5
MLI,2008,7.1
MRT,2010,8.8
COM,1995,4.8
ERI,2006,4.3
MRT,1997,6.8
SOM,2001,5.3
GIN,1982,2.6
SYC,1999,8.3
MUS,1984,7.7
UGA,2014,4.6
CMR,2004,5.4
CIV,2001,5.0
NAM,1987,4.3
STP,1999,6.8
GNQ,2004,6.8
BWA,1990,5.7
MUS,2004,11.6
CAF,2012,7.2
COG,2002,5.9
CMR,1984,3.3
TGO,1993,4.1
SEN,1988,4.5
SDN,1982,
MAR,2004,10.3
GHA,1994,4.4
COM,1984,3.5
MWI,1981,2.4
KEN,1989,2.9
NAM,2000,5.4
COD,1991,3.3
LSO,2010,8.1
BWA,2014,8.6
TCD,2014,7.9
TUN,1996,8.1
BDI,1987,1.4
ETH,1983,2.6
KEN,1999,4.0
BFA,2003,5.4
CAF,2002,5.2
MWI,1990,3.2
CIV,2012,7.0
NAM,2012,7.0
NGA,1993,4.2
NER,2012,5.7
MWI,1991,3.5
TZA,1989,3.4
ETH,2008,4.7
ERI,2007,4.7
RWA,1996,2.5
MLI,1982,2.9
SDN,2002,
SDN,2000,
CPV,2013,8.4
ZAF,1987,6.8
RWA,2000,3.2
DJI,1993,7.1
SOM,2007,5.6
SSD,2005,
COG,2000,5.7
CAF,2007,6.2
TCD,2013,7.7
ETH,1984,2.6
SEN,1987,4.4
ZAF,1999,7.0
COD,1985,2.7
BFA,1995,4.0
MUS,2006,12.2
TUN,2005,10.2
CAF,2002,5.4
CIV,1995,4.7
LBY,1980,9.1
MAR,2009,11.8
CMR,1991,3.9
TZA,1986,3.1
ERI,1983,2.5
GAB,1986,4.8
NAM,1999,5.2
SYC,1996,7.8
GMB,2003,6.8
LBR,2012,7.3
DZA,1986,5.6
BEN,1980,2.7
NAM,2001,6.0
GHA,1982,3.2
DZA,1982,5.8
TUN,2014,12.9
LBR,1983,4.3
GNB,1983,2.9
DJI,1981,5.8
TUN,1986,6.2
SYC,1991,7.6
LBR,2011,6.9
AGO,2005,6.4
CPV,1989,4.4
TCD,1987,3.3
BEN,2007,6.6
COM,2008,6.8
ZWE,2004,5.6
BDI,2013,4.0
ZWE,2013,7.0
TCD,2003,5.8
COM,2005,6.3
GHA,1986,3.5
MRT,1982,4.3
MWI,2001,4.7
MLI,2004,5.5
SYC,2001,8.9
CAF,2003,5.6
GNQ,1999,5.5
CPV,1991,4.6
GNQ,2014,9.2
MAR,1988,6.4
GIN,2006,5.5
COG,1993,4.9
RWA,2001,2.8
MLI,2012,7.9
BWA,2014,7.6
CAF,2006,5.8
TGO,1981,2.9
TGO,1992,4.3
CPV,1990,4.5
GNB,2014,6.8
KEN,1998,4.1
GAB,2012,9.7
GHA,1984,3.3
DZA,2006,10.4
AGO,1992,4.2
TCD,1985,3.1
MUS,1992,10.1
TCD,1998,4.9
CIV,1985,3.7
GHA,2003,5.4
CAF,2003,5.3
SLE,2014,7.1
BFA,2004,5.6
TZA,2007,5.4
SLE,1981,3.4
MRT,2000,6.5
MRT,2003,7.8
LSO,1986,4.2
GAB,2003,8.1
GAB,2007,9.0
COG,2004,6.2
RWA,1991,2.3
SDN,2012,
CPV,2007,8.2
BWA,1984,4.4
ERI,2010,5.4
TUN,1995,7.2
ETH,1981,2.5
GNB,2011,6.5
MDG,2012,5.3
COG,2006,6.4
GAB,1985,4.7
ETH,1995,3.5
LSO,1982,5.0
TCD,1986,3.2
SSD,1999,
MUS,2010,12.3
MLI,2005,5.7
MLI,2013,8.1
BDI,2012,3.9
MWI,1984,2.8
GMB,1988,4.0
SDN,2005,
SOM,1987,3.7
TCD,1981,2.8
SYC,1996,8.3
COG,2014,7.7
MRT,2008,8.5
CMR,1982,3.2
AGO,1996,4.7
NER,1986,2.7
BFA,1985,2.5
GNB,1990,3.6
SYC,1997,8.4
MUS,1990,9.7
LSO,2011,9.4
BEN,2011,6.5
SSD,2011,
ETH,1994,3.3
DZA,2005,10.4
GHA,1984,3.3
COD,1996,3.8
MWI,2004,4.9
BEN,1983,3.4
BEN,1987,3.5
SWZ,1989,5.3
MDG,2005,5.3
BFA,1980,2.3
SWZ,2003,7.6
ZWE,1998,4.9
ZAF,2005,9.6
ERI,1994,3.4
SYC,2005,8.8
MWI,1986,3.1
MWI,2014,6.6
GNB,1990,3.6
STP,1998,6.4
CMR,1989,3.7
CIV,1986,3.6
ETH,1987,2.8
TZA,2003,5.0
CMR,2001,5.0
AGO,2003,5.7
MUS,2014,12.9
TZA,1997,4.3
BDI,1996,2.2
SLE,1988,3.9
UGA,1985,1.9
NAM,2006,6.6
BWA,2009,8.6
MWI,1992,3.5
SLE,1986,3.9
TZA,1980,2.3
SSD,2008,
AGO,1981,2.8
ZMB,2000,5.4
GHA,2014,6.4
CMR,1980,2.9
LSO,1995,3.8
ERI,1981,2.2
NER,2003,4.3
BDI,1981,1.6
AGO,1998,4.9
ERI,1987,2.6
CPV,2014,8.0
AGO,1993,4.3
MRT,2004,7.5
COG,1985,4.0
TCD,1984,3.0
DZA,2005,10.2
LSO,1981,4.9
CPV,1984,3.6
TUN,2011,11.7
SWZ,2013,11.0
MAR,1995,7.8
MRT,1980,3.3
MRT,1985,4.4
COM,1987,3.9
CIV,1995,4.4
SSD,1997,
COD,2009,5.2
SDN,1987,
UGA,2013,4.2
TGO,1997,4.4
EGY,2007,16.1
COM,2007,6.8
NAM,2011,7.2
ZAF,1994,8.9
TZA,2004,5.1
DJI,1991,6.6
SEN,1985,4.4
MRT,1991,5.1
MLI,2001,5.0
ZMB,1991,4.8
MUS,2005,12.1
MAR,1997,8.4
GIN,1996,4.0
GHA,2013,6.3
MDG,2004,5.2
MRT,2013,8.3
GHA,1986,3.4
MDG,1993,3.4
EGY,2013,19.3
GIN,1993,3.6
ZWE,1986,4.5
GMB,2010,8.4
MWI,2001,4.6
GMB,2006,6.5
MWI,2006,5.4
MRT,1981,3.4
SWZ,2012,7.4
MDG,2002,4.0
BDI,2001,2.6
MRT,1995,6.5
COG,1997,5.4
SWZ,2014,9.7
ZWE,1984,5.3
ZMB,2013,6.6
CIV,1981,3.3
COM,1999,5.4
BEN,1999,5.2
COD,1989,3.2
BEN,2009,6.9
LSO,2004,7.0
MOZ,1991,3.7
SEN,2009,6.9
BFA,1999,4.6
STP,2014,8.0
SEN,1985,4.1
KEN,2002,4.3
MLI,1989,3.9
SLE,1985,3.8
MLI,1996,4.8
DJI,1990,6.4
LBY,2003,11.6
NER,1994,3.5
DZA,1997,7.8
TUN,1987,5.7
ZAF,1997,6.6
KEN,1995,3.6
TCD,1998,3.9
SWZ,1998,5.1
SLE,2001,5.3
TCD,2010,5.5
ZWE,1986,5.4
COG,1987,4.2
MOZ,1983,2.5
BEN,1983,3.1
GHA,2002,5.3
AGO,2007,6.7
MLI,1981,2.8
GNB,1984,3.0
CPV,2014,8.5
MOZ,1999,4.7
CIV,1980,3.3
STP,1991,5.7
TCD,2008,5.2
CIV,1997,5.2
MRT,1994,5.6
MAR,2013,13.3
SEN,2013,7.4
GHA,1996,4.5
SLE,1987,3.9
COD,2014,6.1
TCD,1997,4.8
SEN,2011,7.1
MOZ,2013,6.1
COD,2011,5.5
TZA,2005,5.2
DJI,1993,6.8
SEN,2002,6.1
SOM,1988,3.8
ERI,2003,4.0
ETH,2000,4.2
TZA,2013,6.0
RWA,1990,1.6
BEN,1998,5.0
TGO,2011,6.9
TCD,1993,3.7
STP,2004,7.2
MLI,2002,4.7
GIN,2006,5.0
SYC,2004,9.3
TGO,2011,6.7
NGA,2009,5.7
AGO,2012,7.7
MAR,1994,7.7
GIN,2002,4.6
NGA,1989,3.5
BDI,1995,2.4
BWA,1993,6.4
CIV,2005,6.2
MUS,2006,11.9
LBY,1989,8.9
MOZ,1982,2.6
CPV,2006,7.5
DJI,2012,7.6
DJI,1999,7.2
KEN,2009,5.2
GNQ,1988,3.4
KEN,1987,2.7
SWZ,1984,3.1
COG,2005,6.3
STP,1985,4.5
COM,1997,5.4
SYC,2013,10.3
DJI,2008,8.0
COD,1996,3.8
CAF,1986,3.3
SEN,1996,5.4
SDN,1980,
ZAF,1988,6.9
LBR,2008,6.9
KEN,2006,5.2
CPV,1995,5.3
SOM,2014,7.4
GAB,1981,4.0
SDN,2007,
ERI,2001,3.9
BFA,2009,4.9
KEN,1996,3.7
BFA,2009,5.6
CIV,1998,5.1
CPV,1992,4.7
UGA,2002,3.5
GHA,2004,5.5
EGY,2005,12.3
TUN,2011,12.1
TCD,1982,2.7
TUN,2014,12.1
ZWE,1985,4.4
TCD,2004,6.0
SEN,2012,7.3
MDG,1985,2.9
SOM,1991,4.1
LBY,1995,10.4
GMB,1991,4.5
DZA,2001,9.4
TZA,1991,3.6
SOM,2004,5.3
MLI,2003,5.3
RWA,1997,2.7
GAB,2004,8.5
CMR,2010,6.2
MAR,2010,12.5
ZAF,2003,9.2
SLE,1999,5.0
AGO,2011,7.5
LBY,1999,10.5
SEN,1991,4.9
GIN,2004,5.0
MLI,2001,5.6
TZA,1984,2.8
NGA,1981,2.7
TZA,2008,5.4
ZMB,1997,4.9
DJI,1984,6.0
TUN,2002,8.8
SEN,1999,5.7
ZMB,2001,5.4
BDI,2005,3.2
SWZ,2014,7.9
MAR,1997,8.1
MOZ,1998,4.5
AGO,2013,7.6
MWI,1988,3.0
STP,2001,7.0
LBY,2010,15.4
GNQ,2013,9.1
LBR,1986,4.8
MUS,1986,8.9
CIV,1999,5.5
SOM,1992,4.3
TGO,2003,5.5
NAM,1989,4.4
MLI,2004,4.9
BWA,2006,8.2
CIV,2006,5.5
COD,1981,2.4
UGA,1991,2.3
SOM,2009,6.3
SSD,1994,
CPV,2009,7.5
GMB,2014,7.9
BEN,1980,3.1
BEN,1993,4.0
BEN,2013,7.3
TZA,2004,5.1
SYC,2008,9.3
UGA,2000,3.0
NER,2013,5.2
SWZ,1985,4.7
KEN,2010,5.5
RWA,1995,2.7
GNB,2014,7.1
COD,1981,2.6
DJI,1997,7.9
COD,1992,3.4
ZMB,1993,4.3
GMB,1998,5.7
GIN,2007,5.4
TGO,2006,6.3
LBY,1982,9.4
CMR,2003,5.3
NAM,1989,3.9
RWA,1991,1.7
CIV,1998,4.7
CMR,1982,3.1
COM,1980,3.2
MRT,2009,8.7
TGO,2008,6.0
SYC,2008,9.8
AGO,1980,2.7
TZA,2006,5.3
CPV,1994,5.2
GMB,2011,8.0
AGO,1998,5.0
ZAF,1990,7.1
LBR,1983,4.0
DJI,2001,8.2
MAR,1985,5.6
TGO,1987,3.7
ETH,1983,2.4
GMB,1981,3.2
GAB,1988,5.2
COD,1988,3.1
EGY,2005,13.8
MUS,1998,11.1
GMB,2010,7.8
ZAF,2011,12.0
GIN,1999,4.2
LBR,1980,3.7
RWA,1999,2.6
NAM,1991,3.5
SLE,1987,3.8
STP,1995,6.7
SOM,1982,3.3
SLE,1997,4.7
MWI,1991,3.4
GAB,1991,5.5
SLE,1985,3.6
COM,1986,3.7
GHA,2007,5.8
MLI,2007,5.3
MRT,2005,7.2
AGO,2011,7.8
SEN,2009,7.0
CMR,2005,5.6
MAR,1992,6.9
NGA,1997,4.6
EGY,2006,12.7
TZA,2012,5.9
NER,1986,2.7
TCD,1990,3.7
MWI,1999,4.5
LBY,1995,9.8
NER,2012,5.1
KEN,2001,4.4
GMB,2010,7.2
ZMB,1991,4.5
SSD,1981,
GNB,1986,3.1
SEN,1989,4.7
COG,1997,5.4
TZA,1994,4.0
TGO,2009,6.4
CIV,2000,4.9
MAR,1991,6.9
LBR,2005,6.0
TGO,1984,3.4
MRT,2007,8.4
ZMB,2011,6.2
ZMB,2004,5.5
ZMB,2000,5.1
ZMB,1990,4.7
DZA,1992,6.7
BFA,2011,5.1
CIV,2010,5.9
GNQ,1986,3.0
BEN,1995,4.9
STP,1992,6.2
BEN,1991,4.0
CPV,2002,7.2
MOZ,2008,5.9
NER,1995,3.6
COM,1993,4.7
NAM,1987,3.7
MLI,2009,5.6
GNQ,1990,3.7
AGO,2001,5.3
SSD,2002,
GNQ,1986,3.2
BDI,1999,2.7
NER,1990,3.1
SOM,1999,5.1
BWA,1996,4.8
NGA,2000,4.8
SWZ,1985,5.9
SYC,1980,5.0
MLI,1983,2.7
CMR,1984,3.3
COG,1992,4.9
ZMB,2003,5.2
KEN,1995,3.8
BDI,1986,1.6
MAR,1993,7.3
TGO,2009,6.2
BWA,2000,5.5
SOM,1999,4.8
ZAF,1998,9.5
UGA,1997,2.7
NER,1995,3.5
TCD,1996,4.6
MWI,1999,4.4
MUS,1989,9.5
BEN,1999,4.8
TZA,1994,3.9
STP,2010,7.4
MLI,1998,4.6
KEN,1984,2.7
RWA,1982,1.7
ZAF,1980,7.7
COD,1988,3.0
ERI,1995,3.6
MDG,2000,4.7
GHA,1994,4.3
BEN,1991,3.8
ETH,1998,3.8
GNQ,1982,2.7
KEN,2008,5.0
ZMB,1988,3.9
GNQ,1984,3.2
ZAF,2008,10.2
ZWE,1980,2.9
GAB,2012,9.6
SLE,2012,6.5
DJI,1993,7.4
COD,1984,2.6
MUS,1999,10.9
BWA,2005,6.1
GAB,2011,9.5
SYC,2000,8.4
MLI,1985,3.4
SWZ,1983,5.5
MDG,1982,2.6
MRT,1986,4.1
SOM,1984,3.4
SYC,1984,6.3
BWA,2005,8.1
TZA,1992,3.8
BWA,2003,5.9
ZWE,1996,5.5
NAM,1994,4.5
NAM,1987,3.1
MUS,1990,10.3
GNQ,1987,3.2
UGA,1989,2.1
MOZ,2012,6.0
LSO,2014,9.9
ERI,2014,5.5
GHA,1981,3.1
MWI,1984,2.9
SSD,2014,
UGA,2005,3.4
EGY,1982,6.8
MOZ,2009,6.0
MDG,1984,2.8
ERI,1991,3.0
GMB,1982,3.4
SOM,1994,4.5
RWA,2002,2.9
BFA,2012,7.0
ETH,1990,3.0
SYC,2003,9.2
SYC,1984,6.9
SSD,1995,
BFA,1995,3.6
ZWE,1987,3.5
SLE,2000,5.0
LSO,2009,7.9
SWZ,2012,10.8
SOM,1982,3.3
ETH,1994,3.5
TGO,1980,3.0
ERI,2009,5.3
LBR,2014,7.6
SOM,1980,3.2
CIV,1984,3.6
BDI,2013,4.1
TUN,1980,5.4
BFA,1986,2.7
TCD,1983,2.6
ZMB,2001,5.2
MLI,2010,5.8
COM,2000,5.8
LBR,1980,4.0
MWI,2009,5.4
BWA,1987,5.0
NAM,1988,3.8
COM,2011,7.4
EGY,2009,17.1
TZA,1987,2.9
SYC,2009,9.7
ZMB,1992,4.8
ZWE,2000,6.7
ZMB,1992,4.2
MRT,1989,4.7
MUS,1980,8.9
LSO,1981,2.3
MLI,2013,7.1
STP,1989,5.3
MLI,1980,2.8
SLE,1997,4.9
BFA,1997,3.9
BWA,2002,7.8
DJI,2004,7.9
MOZ,2012,6.3
CMR,1999,4.6
AGO,2001,5.4
TCD,1980,2.6
BWA,1985,3.7
SYC,1989,6.1
ZWE,1993,4.2
UGA,2002,2.8
BFA,1994,3.3
EGY,2010,14.2
MDG,1988,3.1
CMR,2004,5.5
ZMB,1993,4.6
SSD,1998,
GMB,2002,6.3
AGO,1992,4.2
MWI,2004,5.1
LSO,1983,3.9
UGA,2012,4.3
CIV,2002,5.1
GHA,1983,3.2
TZA,1991,3.5
TUN,1981,6.1
BDI,2004,3.1
MLI,1983,3.0
SYC,1984,5.6
GAB,1996,6.5
GNQ,1989,3.4
SWZ,1999,5.2
CIV,2007,6.4
DJI,1989,6.5
LBR,2006,6.6
DZA,1993,7.7
SYC,2003,8.9
BDI,1988,1.5
ETH,1991,3.1
NGA,1991,3.9
GAB,1992,6.0
KEN,1994,3.7
MOZ,2001,5.0
MUS,1991,9.9
TUN,2003,9.7
SLE,1980,3.4
MRT,2004,7.9
NER,2008,5.0
SYC,1989,6.8
GNQ,1992,4.0
LBR,2004,6.3
CIV,2013,7.2
SSD,2002,
STP,2002,7.1
KEN,1991,3.4
LBR,1983,3.8
SSD,1995,
MRT,1986,4.9
LSO,2007,8.8
CIV,2014,6.9
NAM,2008,6.9
GMB,1983,3.5
CMR,1980,3.0
CMR,2013,6.6
KEN,2006,5.0
CPV,1984,3.6
LSO,2001,7.8
BEN,1997,4.6
MRT,1997,6.5
GIN,1991,3.4
ERI,1986,2.5
TGO,2007,6.1
ZMB,1983,3.5
LSO,1993,5.1
GNB,2004,5.7
TUN,1997,9.1
BEN,2006,6.5
GNB,1998,4.7
COM,1997,5.2
CIV,1990,4.3
GIN,2011,6.0
ERI,2008,4.4
COD,1985,2.8
MDG,1998,4.1
BFA,2010,5.8
TUN,2010,11.9
MLI,2000,4.4
TCD,2005,4.8
MAR,2014,13.4
CMR,1983,3.1
ETH,2005,4.2
ZWE,2007,6.5
SOM,1989,4.0
STP,2010,7.7
SYC,1980,5.8
GMB,2008,6.9
BEN,2009,6.5
CAF,1982,3.0
BEN,1989,3.5
GMB,1984,3.5
MLI,1996,3.9
TGO,2012,6.7
GIN,1996,3.9
GHA,2010,6.1
GHA,2000,5.0
ERI,2002,4.6
BFA,2014,6.3
SWZ,1988,5.2
BWA,1986,2.8
NGA,2014,6.0
GHA,2006,5.8
GNB,2007,6.2
MDG,2014,4.8
KEN,1991,3.6
SYC,2014,10.3
SDN,2005,
KEN,1989,3.4
EGY,1982,8.4
SSD,2006,
CAF,2014,8.0
SYC,1991,6.4
UGA,1993,2.7
GAB,2008,9.0
AGO,1982,2.7
GAB,1991,5.7
MOZ,1994,4.0
TGO,1988,3.8
CMR,1981,3.2
ERI,1984,2.4
NAM,1992,4.2
MAR,2012,13.0
BWA,1990,4.8
GNQ,2001,5.9
MUS,1991,9.3
GMB,1983,3.4
BDI,2008,3.4
SSD,2014,
ZWE,1998,6.5
STP,2008,7.5
TCD,1983,2.8
TCD,2010,6.3
GIN,1985,2.9
NER,1999,3.9
SDN,1990,
DZA,2005,9.9
MDG,1987,3.1
RWA,1996,2.2
MWI,1987,2.9
SWZ,1998,8.2
CMR,1986,3.5
CPV,1989,4.3
SYC,2010,10.0
SDN,1993,
NAM,1997,5.4
COG,1989,4.5
TUN,1989,6.0
MAR,1999,8.9
TGO,1986,3.4
AGO,1981,2.9
CMR,1997,4.4
STP,1997,6.9
CAF,1991,3.9
EGY,2011,16.5
ZAF,1995,7.8
COG,2005,6.3
ETH,2013,4.9
NER,2010,4.9
CAF,1993,4.1
MLI,1992,4.3
CPV,2005,7.3
EGY,1981,7.5
LBY,1981,9.2
SYC,1993,7.9
SOM,2006,5.9
LSO,1991,6.0
SEN,1987,4.3
SOM,2002,5.5
SLE,2000,5.2
SSD,2014,
COM,1981,3.3
ERI,2004,4.8
ERI,1995,3.3
SYC,2005,9.1
GNQ,1984,3.0
AGO,1999,5.1
MOZ,2013,6.4
NER,2006,4.8
MDG,1984,2.8
BDI,2000,2.8
GNQ,2012,8.9
LBY,1993,10.1
AGO,2010,7.6
MDG,1980,2.4
ERI,2003,4.7
BDI,2000,2.7
TCD,2007,5.8
CAF,1985,3.2
BFA,2013,6.2
NAM,1992,4.7
ZAF,1993,7.5
MUS,2002,11.9
ZAF,2006,9.8
CAF,2014,7.6
TGO,1999,5.0
CAF,1994,4.1
COG,1992,4.8
ERI,1984,2.5
DZA,1998,8.4
GNQ,1997,4.9
STP,1994,5.9
SWZ,2010,8.9
UGA,2005,3.1
TCD,1987,3.1
SWZ,1987,3.5
GAB,2010,9.3
CAF,1984,3.2
CIV,2013,6.7
SOM,1990,4.0
SWZ,2005,6.2
GIN,1985,2.8
COM,2011,7.3
DJI,1998,7.6
CMR,1989,3.7
GHA,1987,3.6
SSD,2000,
TZA,1992,3.6
ERI,1985,2.4
CIV,1994,4.8
NGA,2008,5.6
STP,1990,5.5
DJI,1988,6.4
BDI,1992,1.8
ERI,1989,2.8
SOM,2007,6.0
KEN,1981,2.2
ZAF,2013,9.5
BDI,2013,4.0
CPV,1993,5.0
COM,1991,4.4
ETH,2009,5.2
COG,2004,6.2
TGO,1995,4.7
GNB,2008,6.5
SWZ,1991,4.0
NGA,2010,5.7
TGO,1999,5.3
MWI,2008,5.4
ZMB,2001,5.0
LBY,2011,14.2
KEN,1999,4.4
TCD,1983,3.0
EGY,2002,14.0
CMR,1999,4.9
AGO,2004,5.9
MDG,1989,3.3
CIV,1992,4.4
CMR,1982,3.2
LBR,2000,4.9
SEN,1983,4.1
NGA,2007,5.5
LSO,2014,7.3
DJI,2012,8.6
UGA,1986,1.6
COD,1982,2.6
SOM,1990,4.1
MLI,1997,4.0
MDG,2003,4.5
SOM,2013,6.7
SYC,2006,9.0
CAF,2001,5.0
CIV,2009,6.2
ZWE,1982,4.2
UGA,1987,2.3
COG,2011,7.2
SSD,1999,
GAB,2003,8.3
SOM,2001,5.7
TZA,1985,2.9
TZA,1998,4.4
DJI,1985,6.1
CMR,2000,5.0
BDI,2007,3.4
BFA,1988,2.8
DJI,1991,7.0
ZMB,2011,6.3
MUS,1982,8.3
SSD,2001,
MLI,1991,4.2
ERI,2014,6.0
BEN,1989,4.1
GNB,1981,2.8
GNQ,2008,8.0
NGA,1982,2.8
COM,1982,3.4
ERI,1995,3.5
MWI,1981,2.8
GNB,1997,4.5
SEN,2001,5.9
MUS,1996,10.4
STP,1994,6.5
LSO,1997,5.9
SSD,2005,
DJI,1995,7.7
LBR,1989,4.6
ZMB,2014,6.7
SEN,2014,7.3
RWA,1994,2.6
BWA,1987,4.1
NGA,2008,5.5
GNB,2013,7.2
GIN,2010,5.5
UGA,2009,3.9
ERI,2005,4.2
ERI,1997,3.7
SYC,1990,6.9
COD,1993,3.5
BEN,1991,4.3
COD,1994,3.6
COD,1991,3.3
MAR,2009,11.9
COD,2001,4.2
TUN,1998,9.3
SOM,1980,3.0
TZA,2013,6.0
LSO,1999,7.5
EGY,1994,9.3
ZAF,1984,6.6
RWA,1989,1.5
COM,2002,6.0
DZA,2013,12.3
COG,1982,3.6
MDG,2008,5.0
KEN,2004,4.6
COM,2013,7.8
GNB,2002,5.4
ERI,1993,3.1
MAR,2008,11.7
NGA,1985,3.1
LBY,1996,10.6
NAM,2000,4.9
NER,1990,3.0
BFA,2010,5.0
NGA,1988,3.6
EGY,1994,10.3
SDN,1996,
AGO,1995,4.5
BDI,1985,1.5
DJI,2004,8.4
DZA,1981,5.7
GMB,1989,4.0
MLI,1999,4.7
SDN,1991,
ZMB,1988,4.3
LSO,1991,3.2
ZAF,1988,8.2
TGO,1988,3.4
SDN,1992,
COG,2006,6.4
BEN,2011,7.1
GIN,2010,5.8
BEN,1993,4.6
NAM,1992,3.6
CMR,2007,5.8
AGO,2006,6.4
SWZ,1997,6.6
CIV,2012,6.6
LBR,1990,5.6
COD,2003,4.4
NGA,1985,3.3
COG,2009,6.9
ETH,2010,4.6
MOZ,1999,4.7
SYC,1988,7.3
COM,2005,6.5
ZMB,1994,5.0
BEN,1990,3.9
BWA,1992,6.2
LSO,2009,6.3
GAB,2000,7.5
SYC,1997,7.4
SLE,1986,3.8
CAF,2000,5.0
SEN,2004,6.2
SWZ,1996,6.4
COM,2009,7.0
MRT,1985,4.7
GAB,2002,7.9
ETH,1996,3.7
AGO,2011,7.3
KEN,1995,4.0
SYC,1985,5.7
GNQ,1989,3.7
TUN,1988,7.3
TUN,2001,9.2
MDG,1988,3.2
BDI,1995,2.3
NGA,2006,5.3
DJI,2011,7.5
NAM,2007,6.2
ETH,1991,3.1
COD,2002,4.3
COD,2012,5.8
DZA,1987,6.2
STP,1991,5.4
BWA,2010,6.8
EGY,1991,8.6
NER,1998,3.8
BDI,2002,2.9
SEN,1988,4.6
KEN,1990,3.5
MAR,1982,5.2
TUN,1980,4.8
SOM,2010,6.4
CIV,2003,5.2
SLE,2008,6.0
ZAF,1997,9.3
TZA,2000,4.6
MAR,2013,13.1
TCD,2004,4.6
NER,1998,4.0
MUS,1981,8.2
MUS,1996,11.2
BDI,1980,1.5
GHA,1993,4.3
SYC,2007,9.2
NAM,2005,5.8
ERI,2009,4.5
NAM,1988,3.2
CMR,1999,4.8
DJI,1986,6.3
TZA,2013,5.9
BFA,1984,2.6
CAF,2004,5.8
CPV,2003,6.6
TCD,2011,5.7
GNQ,1991,3.9
COG,2009,6.8
SSD,2007,
BFA,2003,4.2
LBY,2000,10.7
DZA,2013,12.0
COG,2000,5.8
COM,1985,3.6
ETH,2014,5.0
MAR,2001,9.4
NAM,2002,5.2
MLI,2005,5.1
MAR,1990,6.5
ZMB,1985,4.4
SOM,2008,6.7
BDI,1982,1.1
TCD,1989,3.5
NER,1984,2.6
SOM,1997,5.1
GNB,1993,4.0
DZA,2008,10.9
SWZ,2002,5.7
STP,1991,6.0
SDN,1999,
NGA,2009,5.7
MLI,2003,6.0
SSD,1980,
BDI,2003,2.9
GNB,1994,4.1
BWA,1981,3.9
LBR,1988,5.2
TGO,1995,4.4
COG,2003,6.1
MLI,2006,6.6
TGO,2002,5.1
RWA,1999,3.1
KEN,1992,3.3
MDG,1986,3.0
ZAF,1981,7.7
SWZ,1993,4.3
TCD,2002,5.0
CIV,2012,6.1
DJI,1984,6.1
TZA,1995,4.0
GHA,2008,6.0
CAF,2001,5.3
KEN,1987,3.2
CAF,1990,3.7
CAF,2003,5.5
LBR,1996,5.5
TUN,1994,8.4
MWI,1993,3.7
RWA,1994,2.0
COM,1983,3.5
AGO,1996,4.7
CIV,1993,4.5
SOM,2010,5.8
MOZ,1996,4.3
TZA,2012,5.9
LSO,1996,4.0
TGO,2007,6.4
BDI,2007,3.4
BFA,2004,4.9
RWA,1993,2.5
SEN,1989,4.5
GIN,1983,2.7
SEN,2012,7.2
STP,1987,5.1
CAF,1996,4.5
UGA,2004,3.3
MUS,1982,9.1
TGO,1999,4.7
EGY,1999,12.9
MUS,1996,10.8
BWA,1993,4.3
BEN,2008,6.4
DZA,2014,12.6
NGA,2011,5.8
MOZ,2002,5.0
NER,1991,3.1
CMR,1987,3.5
ZWE,1999,5.1
AGO,2007,6.9
UGA,1997,3.1
ZMB,1997,4.6
TCD,1996,4.1
SDN,2010,
MDG,2002,4.9
ERI,1982,2.2
MUS,2010,12.6
LSO,2012,8.4
TUN,2004,10.0
EGY,1984,7.2
MOZ,2007,5.6
CIV,1990,4.2
LBR,1995,5.6
RWA,2000,2.7
SDN,1989,
GNB,2013,7.0
TUN,1996,7.4
CIV,2003,5.6
TUN,1999,8.8
COM,1994,4.9
BFA,1991,3.0
LBY,1998,11.0
COM,1988,3.9
DJI,2010,8.1
SYC,1990,6.3
ZWE,1981,4.1
ZAF,1987,8.1
NAM,2004,6.4
ZAF,2010,10.6
KEN,1981,2.8
CPV,2007,7.2
MUS,1989,10.1
COG,2007,6.6
SOM,2002,5.9
MOZ,2009,5.8
BFA,1993,3.7
TZA,1984,2.6
RWA,2007,3.7
BEN,1984,3.2
DZA,2004,10.2
AGO,1987,3.4
BWA,1997,7.1
DJI,2000,7.7
MUS,1987,9.1
SLE,1992,4.3
ETH,2012,5.5
SLE,1999,4.9
GNQ,2005,7.2
RWA,1990,2.2
MAR,2013,13.6
AGO,2003,5.9
MRT,2004,7.1
BWA,2001,6.7
AGO,1989,3.8
DJI,1990,6.6
TCD,1984,2.8
GHA,1988,3.7
CPV,1982,3.3
COD,1995,3.7
GMB,1987,3.9
TGO,2001,5.3
GNB,2000,5.1
LBY,2010,14.0
AGO,2010,7.1
MLI,1985,2.9
NGA,1994,4.2
MAR,1987,6.5
GIN,1994,3.7
CAF,2013,7.6
MAR,2014,13.7
ETH,2001,3.9
COD,1996,3.7
COD,1989,3.1
AGO,1986,3.4
SSD,2002,
AGO,1983,2.8
MUS,2009,12.4
ZMB,2012,6.4
ZMB,1987,4.2
COM,1989,4.1
GAB,1995,6.6
SOM,2008,6.1
GIN,2013,5.9
BEN,1987,3.3
GMB,2000,6.1
SLE,1994,4.5
SLE,1981,3.3
ZWE,1981,3.0
GNQ,2014,9.5
CIV,1982,3.4
CIV,1992,4.6
GNQ,1981,2.6
MLI,1998,4.1
NGA,1999,4.7
NAM,1990,3.4
GNQ,2005,7.1
STP,2006,7.1
GNB,2008,6.3
MAR,1994,7.3
KEN,1992,3.5
BWA,1995,6.7
TCD,2003,4.5
UGA,2012,4.5
CAF,2008,6.4
GHA,1983,3.2
RWA,1985,1.9
CIV,2005,5.8
MLI,1989,3.2
TGO,1992,4.0
BWA,2012,9.1
LBY,1994,11.0
LBR,1999,5.6
TGO,1998,4.8
RWA,2008,4.0
SDN,2008,
BWA,2014,9.5
MDG,1985,2.9
CMR,1991,4.0
LBY,2014,16.6
BWA,2009,7.7
GIN,1988,3.1
GIN,1985,2.8
EGY,2007,14.6
TCD,2006,6.4
STP,1982,4.4
CPV,1991,4.7
MOZ,1997,4.4
NGA,1981,3.2
TUN,1985,5.4
RWA,1983,1.5
LBR,2000,5.7
STP,2011,7.8
LSO,1987,5.5
KEN,2004,4.9
MAR,2006,10.9
GMB,1989,4.2
SLE,2002,5.4
TZA,1987,3.1
MDG,1980,2.6
COD,2005,4.7
BEN,2006,6.1
ZMB,1998,5.0
COG,2007,6.5
GMB,1996,5.2
COG,2008,6.7
CPV,1996,5.5
COM,1990,4.2
DZA,1983,5.1
LSO,2003,5.2
COM,1998,5.5
RWA,2005,3.8
MDG,1997,3.7
SLE,1991,4.2
MRT,1992,5.6
ZAF,1991,8.5
LBY,1987,10.1
GNB,2008,6.1
GAB,2009,9.2
MRT,1981,4.2
BFA,1996,3.7
GHA,2000,5.1
RWA,2012,4.4
MDG,1989,3.2
LBY,1989,9.5
LBY,2012,14.6
MDG,2011,6.0
CAF,2004,5.6
LBR,2006,6.2
MRT,1985,4.0
DZA,2002,9.4
TZA,1981,2.7
ETH,2012,5.2
BWA,1985,2.6
BWA,2010,8.8
NAM,1997,4.4
RWA,2014,4.3
MOZ,1988,3.2
MWI,2007,5.2
GIN,2000,4.3
GIN,1983,2.6
COM,1986,3.7
KEN,1993,3.4
EGY,2000,12.1
LBR,2004,5.9
NAM,1996,5.3
GNB,2012,7.1
DZA,2014,12.4
SSD,1982,
ERI,2013,5.8
CMR,2012,6.4
NER,1988,2.8
SEN,2004,6.3
ERI,1996,3.4
NGA,2002,4.9
COM,1987,3.8
DZA,2006,10.7
KEN,1993,3.6
MDG,2014,6.3
NER,1999,4.1
STP,1984,4.6
DZA,1987,6.6
NGA,1996,4.4
BDI,2011,3.8
ERI,1998,3.8
MOZ,2007,5.5
SYC,1998,8.5
EGY,2007,13.0
KEN,1987,2.9
GAB,1989,5.4
LBR,1996,5.1
MDG,1989,3.1
COM,2001,5.9
NGA,1998,4.4
CAF,1985,3.2
DJI,1984,6.0
BFA,2001,4.0
RWA,2007,3.5
DJI,2006,8.5
GNB,1983,3.0
MUS,2002,11.6
ZAF,1981,6.4
MWI,1985,2.9
GIN,2011,5.6
SLE,2010,6.5
TUN,1981,4.9
GNQ,2014,9.4
BWA,1994,4.5
BDI,1992,2.0
GAB,1983,4.4
GMB,1984,3.5
BEN,2012,6.9
NGA,2001,4.8
MUS,2011,12.7
TGO,2012,6.8
UGA,2007,3.6
ERI,1997,3.9
ZAF,2002,10.3
GNQ,1999,5.3
EGY,1989,8.2
BWA,1998,7.2
SLE,1998,4.9
GNQ,1985,3.1
MLI,1991,3.4
LBY,2009,13.7
BWA,1988,4.3
TUN,2005,10.7
GAB,2000,7.4
NER,1986,2.8
GAB,1993,6.0
SOM,1985,3.5
ERI,1997,3.5
TGO,1985,3.3
SYC,2006,9.3
MRT,1987,4.7
NGA,2007,5.4
CAF,2011,6.9
SSD,1994,
DZA,2003,9.6
TZA,2003,4.9
AGO,2008,7.1
UGA,1993,2.4
SLE,2014,6.9
DJI,1986,6.1
TCD,2013,6.0
DZA,2009,11.2
TGO,2000,5.4
LBR,2013,7.6
TCD,1993,4.1
TCD,1999,4.5
BFA,1983,2.6
ERI,1982,2.4
LSO,1994,6.6
TZA,2004,5.0
TCD,2009,5.3
ZWE,1985,5.4
BEN,2011,6.8
GAB,2004,8.2
RWA,1980,1.1
UGA,2014,4.4
GHA,2012,6.4
COG,1999,5.7
TGO,1997,4.7
GMB,1990,4.1
KEN,1984,2.4
CMR,2011,6.4
CIV,1986,3.7
SDN,1981,
TUN,1983,6.4
TUN,1982,6.3
NAM,2005,6.2
DZA,1980,5.2
COM,1985,3.6
ZAF,2000,9.9
MUS,2013,12.7
BDI,1992,2.2
CPV,1997,5.5
BFA,1990,3.3
TCD,1986,3.0
BWA,1996,6.9
KEN,2007,5.3
GNB,1987,3.2
DZA,1991,6.9
ETH,1993,3.2
LBY,2002,11.3
TZA,2006,5.3
COG,1983,3.7
ETH,1980,2.3
TCD,1984,2.6
GAB,2013,9.8
AGO,1997,4.7
TZA,1995,4.1
SEN,1986,4.2
GIN,1987,3.0
LBY,2013,14.9
MLI,2006,5.2
DJI,2013,8.1
UGA,2003,3.5
COD,2003,4.5
GNB,1997,4.6
MAR,1982,5.7
TCD,2000,4.7
COG,1984,3.8
CIV,2010,6.4
STP,1984,4.4
RWA,1981,1.4
BWA,1983,3.4
GNB,1985,3.1
MRT,1996,6.7
MDG,1982,2.6
COG,1985,4.0
LSO,1995,5.5
NGA,2011,6.0
LBR,1989,5.4
LSO,1987,4.3
MAR,1988,6.6
NAM,1999,4.7
MRT,2006,8.2
RWA,1992,2.1
MAR,1998,8.4
MUS,2008,12.3
SYC,1987,7.1
COM,2012,7.6
BEN,1999,5.5
COG,1992,4.9
UGA,2006,3.5
AGO,1984,3.1
LSO,2004,5.4
GHA,1987,3.5
BDI,1990,1.9
MDG,1996,3.9
MWI,1994,3.7
LBY,1984,9.7
GIN,1997,4.0
GNB,1993,4.0
BEN,2004,5.5
GNQ,1994,4.1
ETH,2008,4.4
GMB,2000,5.9
ZMB,2006,5.8
COM,1992,4.5
GNB,1985,3.1
ERI,1980,2.4
DZA,1986,6.4
GNB,1989,3.5
CIV,1983,3.4
BWA,1999,7.4
ZMB,1981,4.1
ETH,1997,3.9
UGA,2003,2.9
LSO,1989,4.5
NGA,2012,6.0
MUS,2002,11.4
UGA,1999,2.9
DJI,2001,7.7
GMB,1997,5.3
SWZ,1989,3.8
CAF,1987,3.4
BDI,2001,2.8
LBR,2001,5.8
BFA,2014,5.5
MRT,1984,4.2
TUN,2000,9.0
ZAF,2014,12.6
RWA,1998,2.5
SWZ,1986,4.9
TUN,1985,6.1
SLE,2004,5.5
GIN,2005,4.9
COD,2001,4.3
MDG,1991,3.6
SOM,2009,6.8
BEN,2008,6.1
LSO,1990,4.7
MWI,1986,2.9
MDG,2004,4.6
KEN,1989,3.1
BWA,1991,3.8
BWA,1996,6.0
TZA,1994,3.8
COD,1988,3.0
COD,2013,5.9
LBY,2003,12.3
MUS,2003,12.0
ZAF,2014,11.3
COG,1989,4.5
SSD,2007,
GHA,2014,6.6
LBY,1985,9.1
LSO,1993,6.4
BFA,1995,3.3
RWA,1987,2.0
CIV,2002,5.8
KEN,2012,5.9
NER,1992,3.4
BWA,2011,9.0
MDG,2000,4.3
UGA,1998,2.8
GNB,1984,3.0
LBY,1992,9.3
UGA,1982,2.1
MUS,2014,13.1
SEN,1992,5.0
LSO,2008,7.7
KEN,1986,2.9
RWA,1990,1.9
NAM,2012,7.3
ERI,1982,2.4
MDG,2006,5.4
TGO,2010,6.8
UGA,2008,4.0
BEN,1981,2.8
ETH,2006,4.3
BFA,2008,6.4
COG,1988,4.4
CPV,1982,3.4
TGO,1990,3.8
GAB,1994,6.2
TUN,1997,7.6
AGO,1999,5.0
ZMB,1996,5.1
ERI,2005,4.9
ZWE,2002,6.9
COG,1989,4.5
CPV,2012,7.8
BWA,2010,7.9
CPV,2013,7.9
COG,1980,3.4
DJI,1997,7.5
EGY,1991,10.4
GIN,1980,2.4
CMR,2007,5.9
GNQ,2006,7.4
ZWE,1991,4.0
GIN,1982,2.5
NGA,1995,4.3
UGA,2010,4.2
MLI,1993,4.4
CIV,2005,5.4
GAB,1985,4.6
COM,1989,4.0
COD,2014,6.2
ZAF,1992,8.6
SEN,2001,5.9
ZMB,1980,4.0
LBY,1984,8.9
MUS,1982,7.4
BEN,1996,5.1
SEN,1991,4.9
STP,1980,4.3
RWA,2007,3.9
MOZ,1991,3.5
LBR,1992,5.7
GIN,1984,2.7
GNQ,2000,5.7
NER,1985,2.7
SOM,1993,4.3
LBY,1985,8.5
NER,2013,5.5
GHA,2002,5.4
MOZ,1987,2.9
MDG,1994,4.0
LBR,1999,5.2
MAR,1991,7.2
GIN,2008,5.5
STP,2007,7.1
BEN,1997,4.9
CPV,1983,3.5
NER,1994,3.4
GIN,1993,3.6
SWZ,1995,7.6
COM,2009,7.0
DJI,1998,7.2
MDG,1993,3.8
GMB,2011,8.7
LSO,2010,9.2
KEN,1984,3.0
COM,2004,6.2
COM,2008,6.9
TCD,1981,2.7
AGO,1991,4.0
CPV,1999,6.1
ZAF,1994,7.6
BDI,1996,2.3
BFA,2014,7.4
CIV,1989,3.9
BFA,1984,2.6
BWA,2004,6.0
SEN,1998,5.6
RWA,2004,3.4
RWA,1991,2.0
MWI,1985,3.0
CMR,1997,4.7
CPV,1980,3.1
GNQ,2009,8.2
COD,1994,3.6
GAB,1980,3.6
DZA,1990,6.3
GHA,1982,3.2
LBY,1988,10.2
GIN,2003,4.7
MWI,2005,5.1
GMB,1994,4.7
GIN,2002,5.0
NER,1988,2.9
LBR,2006,5.9
ZMB,1999,5.1
GIN,1988,3.1
LBR,2012,7.1
TZA,2011,5.8
TCD,2000,4.1
GNB,1991,3.7
BDI,1988,1.9
BDI,1999,2.4
TCD,1980,2.5
NGA,2004,5.2
EGY,2008,16.6
MLI,1993,4.0
TCD,1993,3.3
NGA,1983,3.4
SLE,1995,4.5
RWA,1999,2.9
MLI,2014,7.3
GNQ,1989,3.5
NER,2008,4.7
ETH,2004,4.4
MDG,1998,3.7
GNB,1982,2.9
MOZ,2014,6.6
CAF,2009,6.8
CAF,1992,3.9
STP,2008,7.9
ZAF,2003,7.7
RWA,2006,3.8
LSO,2002,8.0
AGO,1986,3.2
LBR,2012,7.5
SEN,1995,5.3
NGA,1990,3.8
COM,1990,4.2
MUS,1988,9.9
DZA,1997,8.2
SWZ,2004,9.3
TUN,1986,6.9
CIV,1996,5.1
NGA,1996,4.5
ETH,1992,3.3
SEN,2008,6.8
SWZ,1996,7.8
COD,1987,3.0
KEN,1985,3.0
MLI,2009,7.3
SLE,2008,5.9
COM,2014,7.9
SOM,2001,5.0
DZA,1984,5.7
BWA,2008,7.6
TZA,2008,5.5
GHA,2012,6.3
TGO,2011,6.5
AGO,1993,4.2
DJI,2002,7.3
MRT,1984,3.8
MOZ,1994,3.9
UGA,1987,1.7
TUN,1990,6.2
KEN,2007,4.9
TCD,1994,3.8
COD,2006,4.9
CIV,1992,4.1
NGA,1994,4.3
ETH,2014,5.4
NGA,2005,5.2
CPV,1997,5.7
AGO,2013,7.9
GAB,2005,8.5
TUN,2006,9.9
LBR,1995,4.7
SYC,2010,9.8
BEN,1986,3.2
CMR,1997,4.6
MWI,2013,6.4
TUN,2013,11.8
LSO,2007,7.6
GMB,2014,8.7
GHA,1995,4.4
BFA,1997,4.3
BDI,2014,4.2
SEN,1988,4.4
GNQ,2001,6.1
SEN,1986,4.3
GIN,1989,3.2
KEN,2014,6.0
CPV,1982,3.3
STP,1986,4.6
STP,1997,6.3
SWZ,1999,6.9
ZWE,2010,6.7
BWA,1984,2.5
MDG,2007,4.3
MDG,1991,3.3
GHA,1993,4.3
ETH,2002,4.4
EGY,2012,16.9
GHA,2014,6.5
NER,2002,4.2
COG,2005,6.3
DZA,2000,8.9
ZWE,1980,4.1
SOM,1998,5.3
ZAF,1992,7.3
GNB,2000,5.0
SDN,1980,
MOZ,1996,4.2
CMR,1990,3.8
EGY,2013,17.4
BWA,1999,6.5
GMB,1986,3.7
SDN,2003,
COD,2000,4.2
BWA,2012,8.2
AGO,2009,7.1
SOM,2012,7.2
ZWE,1980,5.1
NGA,2010,5.8
ZWE,2008,6.0
COD,2008,5.2
SEN,1998,5.6
MRT,2013,8.8
SSD,1988,
UGA,1996,2.3
EGY,2002,11.4
GNB,2003,5.7
CMR,2014,6.5
ZWE,1997,4.8
COG,1983,3.7
UGA,2009,3.6
GNQ,2002,6.2
ZAF,2008,8.7
SSD,2001,
GHA,1985,3.4
DZA,2010,11.4
SLE,2012,6.3
MDG,2003,5.0
BFA,2009,6.5
SOM,1983,3.4
GHA,2005,5.7
LBR,2009,6.4
MOZ,1993,3.8
TZA,2005,5.1
SWZ,2008,8.5
MAR,1996,8.2
ZMB,1983,4.2
TGO,1985,3.5
ERI,2012,5.7
SLE,2001,5.2
COG,2011,7.2
BWA,2013,8.4
GNB,2005,6.0
ZWE,2011,7.3
GMB,1984,3.6
ZMB,2012,6.2
MWI,2007,5.5
DZA,2009,11.0
MUS,2000,11.1
GIN,2005,5.4
AGO,1987,3.4
CPV,1999,5.9
RWA,2003,3.1
GNQ,2009,8.2
SEN,1985,4.2
BDI,1980,1.0
BDI,2008,3.5
GAB,2013,9.8
MAR,2008,11.6
UGA,1980,2.1
CPV,2014,9.1
BDI,2001,2.9
BEN,2000,5.7
SDN,2011,
SSD,2006,
MWI,1980,2.7
MRT,1991,5.8
TUN,1982,5.6
COD,2014,6.2
LSO,1989,5.7
MRT,2001,7.5
ZAF,1997,8.1
CAF,2000,4.9
DJI,2013,8.6
ETH,1996,3.5
SWZ,1993,5.9
LSO,1999,6.2
LSO,1981,3.8
AGO,2014,7.8
ZAF,1984,7.9
EGY,2000,13.3
NGA,2012,6.1
MAR,2003,10.0
BWA,1988,3.1
COG,1999,5.6
SWZ,2003,5.9
MWI,2006,5.2
ZWE,1991,5.8
COD,1982,2.5
NER,2009,4.8
STP,2006,7.7
TZA,1980,2.5
NGA,1993,3.9
CPV,2001,6.5
GAB,2011,9.4
COG,1996,5.4
GNB,1996,4.4
SOM,1988,3.9
BWA,2006,7.3
SYC,1995,7.1
ZAF,1986,5.2
MDG,1985,2.8
MRT,1983,3.7
GHA,1990,3.9
CPV,1983,3.5
UGA,1983,1.9
SDN,2012,
GHA,2009,6.1
GNQ,1994,4.3
STP,2003,7.5
SEN,1990,4.7
KEN,2001,4.2
STP,1987,4.8
DJI,1996,7.4
ZMB,1990,4.1
EGY,1994,11.2
ZMB,1982,3.4
MOZ,2009,5.7
SYC,2000,8.0
TCD,1991,3.8
ZWE,1982,5.2
TUN,1988,5.8
MDG,2005,4.7
CAF,1980,2.9
COG,1984,3.9
MOZ,1989,3.3
TUN,1981,5.5
GIN,1984,2.7
SYC,2011,9.9
GNQ,2008,7.9
AGO,1989,3.7
TCD,2004,5.3
CPV,1998,6.2
CAF,1998,4.6
NER,1985,2.6
MAR,1990,7.0
CMR,1998,4.8
EGY,1993,9.1
SSD,1983,
BDI,1982,1.4
MAR,2010,12.3
COG,1986,4.1
GIN,2013,6.6
NER,1980,2.5
SDN,1993,
STP,1988,5.3
MAR,1983,5.8
MAR,1985,6.1
TGO,1984,3.1
MDG,2004,4.1
GIN,2014,6.1
SYC,1990,7.5
TGO,1990,4.0
CPV,2006,7.1
MDG,2010,5.2
NAM,2001,5.5
AGO,1985,3.2
MOZ,2006,5.4
GMB,1993,4.8
KEN,1997,4.0
NGA,2004,5.1
NGA,2004,5.1
COD,1984,2.8
DZA,2014,12.3
MOZ,1987,3.2
MLI,1986,3.0
ZMB,2007,5.8
DJI,2012,8.1
MDG,2009,5.1
GNB,2005,5.9
SDN,1987,
MLI,2012,7.0
GNQ,2012,9.0
MRT,2003,7.4
MWI,1982,2.8
NGA,1992,3.8
GAB,2014,10.0
MWI,2000,4.5
ETH,2005,4.7
DJI,2014,8.1
GAB,2001,7.7
GNB,1984,3.0
SSD,1987,
SEN,1995,5.3
TZA,2009,5.6
LBY,1990,9.7
GNQ,1999,5.4
MOZ,2001,4.9
STP,2013,8.0
ETH,1991,3.1
MWI,2011,5.8
MUS,1981,7.2
ETH,1995,3.6
CMR,2008,6.0
RWA,2013,4.3
NAM,1985,4.1
ZWE,1989,5.6
ZAF,1981,4.8
EGY,1983,8.6
COM,1990,4.2
DZA,2011,11.9
SLE,2011,6.6
SDN,1981,
AGO,2009,7.4
MUS,2011,12.5
CIV,1998,5.3
CIV,1993,4.2
ZAF,2006,11.0
STP,2009,7.6
EGY,1986,8.4
GHA,2008,5.9
CAF,2010,6.7
MUS,2009,12.2
KEN,2010,5.3
TZA,1983,2.5
KEN,2014,6.2
SLE,2000,5.1
COG,2006,6.4
GNQ,2006,7.4
ERI,1984,2.5
BWA,1989,5.4
ZAF,1983,7.8
CIV,2009,6.7
BWA,1986,4.7
MUS,1997,11.3
CAF,2005,5.8
GAB,1996,6.7
RWA,1997,2.9
SLE,2007,5.7
CPV,2011,7.7
MUS,1993,10.3
CAF,1989,3.6
AGO,1989,3.7
CAF,2009,6.6
MRT,1996,6.3
MDG,1992,3.5
SOM,1997,4.9
NAM,1998,5.1
MLI,1996,4.3
CAF,2012,7.4
SLE,1992,4.3
AGO,2012,7.4
STP,2012,7.9
KEN,1980,2.4
GIN,1990,3.3
ERI,1996,3.8
NER,2005,4.4
TCD,1985,2.9
DJI,1987,6.4
BWA,1991,5.9
ZAF,2005,10.8
ETH,1983,2.5
NER,1980,2.5
LBR,1985,4.0
STP,2005,7.7
SLE,1984,3.7
COM,1982,3.4
GAB,2009,9.1
GNB,2007,5.9
LSO,2007,5.9
SLE,1997,4.8
BDI,1982,1.6
GNB,1982,2.8
GHA,1997,4.7
ZWE,1994,5.3
COG,1993,5.0
BEN,1989,3.8
MOZ,2000,4.9
GAB,1987,5.0
TGO,1981,3.0
MUS,1981,9.0
GMB,2007,7.2
BFA,1986,2.6
LBY,1988,8.8
ETH,1985,2.6
LBR,2001,5.0
CMR,2003,5.4
SOM,2008,5.6
ETH,1981,2.2
CAF,2014,7.8
RWA,2001,3.3
AGO,1994,4.4
MAR,1999,8.7
NGA,1991,3.7
ZAF,1985,5.1
RWA,2003,3.6
ETH,2012,4.8
MOZ,1996,4.3
GNQ,1990,3.8
CPV,2005,6.9
ZAF,1995,6.3
GNQ,2000,5.5
NGA,1987,3.3
NER,2011,5.3
NAM,2003,5.9
MRT,2011,9.0
CIV,1984,3.6
NGA,2008,5.5
CIV,2007,6.0
MUS,1994,10.0
MWI,2013,6.1
CIV,2008,6.5
MWI,1992,3.6
LSO,1986,5.3
MAR,1993,7.5
MOZ,1984,2.9
BDI,2011,3.8
COD,2002,4.4
ZAF,1998,8.3
MLI,2004,6.2
AGO,2006,6.3
MDG,1992,3.7
STP,2000,6.6
EGY,2010,16.0
LBR,1993,5.7
GIN,2000,4.6
SWZ,1996,4.7
GNQ,2007,7.7
LBY,2013,16.3
DJI,1995,7.0
ZAF,1991,5.8
ETH,1982,2.5
ZWE,1992,4.1
MDG,1981,2.6
RWA,1995,2.1
TCD,1994,4.2
GNQ,2011,8.5
COD,1985,2.8
EGY,1989,9.9
UGA,1980,1.4
LSO,2005,5.5
CPV,2004,6.8
GAB,2008,9.1
ZAF,1990,5.6
STP,1999,7.2
LBR,2013,7.3
COD,1984,2.7
STP,1988,5.1
MLI,1981,3.1
NER,2011,5.0
SDN,1984,
GMB,2001,6.1
MRT,1993,5.8
COM,2003,6.0
MUS,2012,12.8
LBR,1994,5.2
TGO,1982,3.1
GMB,2001,6.3
EGY,1985,9.0
DJI,1987,6.1
SOM,1998,5.0
SOM,1992,4.4
CPV,2010,8.7
SDN,1986,
GAB,1989,5.2
GAB,1995,6.4
KEN,2000,4.5
COM,2014,8.0
ZWE,2005,7.0
BDI,1997,2.4
SOM,2000,5.2
BDI,1984,1.2
MWI,2012,6.3
MDG,1984,2.8
CMR,2005,5.7
AGO,1992,4.1
SWZ,1990,5.5
LBR,1994,4.7
BDI,2012,3.9
LBR,1991,5.2
SYC,1997,7.9
MWI,2014,6.0
SEN,1992,4.9
COD,2004,4.6
BFA,1982,2.4
KEN,2003,4.6
NGA,1987,3.7
NAM,1986,3.0
TUN,1993,7.5
AGO,1983,3.1
LBY,2014,15.9
BWA,2013,9.3
CPV,2008,7.4
GNQ,2012,8.8
LBY,1980,7.5
ERI,1989,2.8
KEN,2010,5.6
DJI,2010,8.6
SWZ,1980,5.1
MAR,2011,12.4
LBY,2007,14.4
SWZ,1998,6.7
UGA,1990,2.5
SEN,1984,4.3
SDN,1998,
SDN,2012,
CAF,2007,6.4
SWZ,1983,4.4
KEN,1981,2.5
GAB,2009,9.3
SEN,2000,5.8
MRT,2005,8.1
TCD,1995,3.9
ZWE,2013,6.4
ERI,1991,3.0
AGO,2004,6.1
EGY,1996,11.8
MUS,2012,12.7
MLI,1980,3.0
NER,2009,5.1
RWA,2010,3.8
MAR,1989,6.8
CAF,1984,3.1
RWA,1998,3.0
SSD,1980,
SEN,2003,6.2
NAM,2008,6.4
SSD,2010,
MAR,1986,6.3
TCD,2014,6.2
MOZ,2014,6.4
NAM,1981,2.6
ZAF,2005,8.1
SEN,1997,5.5
MRT,1984,4.5
TZA,1996,4.1
TZA,1988,3.3
GNQ,1990,3.5
MOZ,1986,2.8
GMB,2008,7.4
SYC,1994,8.0
DJI,2000,8.1
GNB,1998,4.8
TUN,2004,10.5
SEN,1987,4.5
ZAF,1999,8.5
TZA,1981,2.4
SLE,1996,4.7
COG,1996,5.3
CPV,1996,5.3
GNB,2007,6.4
GAB,1989,5.3
MRT,1999,7.2
MRT,1982,3.6
BDI,2012,3.9
DZA,1984,5.2
TUN,1984,6.6
KEN,1992,3.7
CAF,1982,3.0
TUN,1990,7.7
