iso3,year,gghe
NER,2008,1.55048525
BDI,2001,1.69244206
CMR,2006,0.64810383
MRT,2021,1.49700129
SLE,2016,0.66393304
TCD,2006,0.76379508
CMR,2015,0.36383638
CIV,2004,0.5599317
SEN,2011,1.30861914
EGY,2005,1.5893116
BDI,2019,2.27763605
COM,2010,0.37668347
TCD,2019,0.51349735
GNQ,2023,1.12861156
GAB,2022,1.88504732
TCD,2001,1.42270386
TCD,2012,0.65627456
MUS,2019,2.50442028
CPV,2005,2.30860901
GMB,2010,0.91823167
LBR,2017,1.38745701
CIV,2017,0.93267012
AGO,2002,1.15548134
ZAF,2023,5.48956871
LBR,2002,0.56401348
CMR,2003,0.8576715
BEN,2004,1.15381396
TCD,2017,0.52580875
ERI,2021,0.88709611
GNB,2003,0.42981493
MDG,2020,0.68988532
ERI,2008,1.64659166
SYC,2017,3.2699151
GHA,2003,0.94345516
BFA,2013,1.61236513
MLI,2002,1.10984015
COG,2017,0.90735477
LSO,2004,2.99280524
MAR,2012,1.85334969
MAR,2021,2.2556777
NER,2015,1.11163116
MUS,2014,2.42503381
ZAF,2018,4.61023474
CPV,2004,2.5304296
ZAF,2001,2.40290713
SOM,2013,0.13704211
NGA,2016,0.47496933
SEN,2008,1.3871423
LBY,2002,3.17035413
MAR,2017,1.98112547
LBY,2005,1.62736928
SYC,2000,3.78593802
SYC,2002,3.63683939
CAF,2017,0.72881997
COM,2017,0.67584765
SEN,2016,1.06801915
MLI,2011,0.6047653
MLI,2006,1.22405839
GIN,2017,0.60066199
MUS,2006,1.61826241
SWZ,2005,3.64060426
RWA,2013,2.17188406
CPV,2014,2.77216268
LBR,2014,0.82358247
LBY,2014,3.42913532
SDN,2009,2.6293633
CPV,2007,2.73044729
TUN,2016,3.40580177
CIV,2013,0.7278282
MDG,2007,1.90437353
RWA,2023,2.41123104
LBR,2012,1.55076897
UGA,2018,0.67459893
STP,2012,2.30571485
TCD,2005,1.10235167
SEN,2004,1.62704813
COD,2008,0.25156215
SEN,2000,1.25274444
TZA,2007,1.94105673
SEN,2017,1.01061249
ZMB,2012,1.54221773
KEN,2007,1.27245092
ZWE,2018,1.59526527
CPV,2020,4.64176846
ERI,2018,0.62541473
MWI,2006,0.9437108
DZA,2008,2.86780095
SDN,2015,0.82485694
DJI,2010,1.85621846
SDN,2017,1.06663251
SWZ,2009,4.46149063
TGO,2020,0.91246384
DJI,2017,1.1462568
UGA,2008,0.93871653
TGO,2018,1.03169048
TUN,2006,2.68162847
CIV,2021,1.59011114
MLI,2001,1.05405474
COD,2002,0.10429236
ERI,2019,0.74166143
COG,2021,1.72020531
SOM,2021,0.34554738
GAB,2012,1.48285842
COG,2020,1.73444974
ZMB,2020,3.59365153
GIN,2001,0.37107071
GMB,2022,1.54287362
ETH,2021,0.97926205
SLE,2006,0.54349309
CPV,2010,2.58053112
BEN,2008,0.74250972
BWA,2002,3.76324773
CIV,2005,0.52909023
BDI,2008,1.5591383
NER,2000,1.12999868
CMR,2023,0.66923392
CAF,2018,0.68853283
ZWE,2015,1.55136275
RWA,2015,2.10472178
ERI,2020,0.84150839
MOZ,2011,1.25546241
GNB,2017,0.49838862
LSO,2021,4.38429165
SWZ,2008,4.45391893
MRT,2000,0.46969447
GHA,2019,1.9720608
CAF,2020,1.22141719
TZA,2014,1.19945395
SLE,2008,0.45621169
GIN,2023,0.80672276
UGA,2004,1.36708832
SEN,2012,1.21922708
KEN,2013,1.66091359
DJI,2012,1.88866687
ETH,2001,2.01543713
TGO,2014,0.99828738
EGY,2017,1.65595341
MOZ,2005,1.4261055
SYC,2007,3.04300809
COG,2004,0.43517572
BFA,2001,0.97162038
CAF,2001,1.51679921
BDI,2017,2.01362443
EGY,2002,1.8990773
TZA,2004,1.96674848
MLI,2003,1.41243839
MUS,2023,2.46710205
GHA,2008,1.64284575
RWA,2011,2.19739747
MLI,2015,0.91927379
CIV,2014,0.77760309
CPV,2001,2.69890738
MUS,2003,1.6688329
KEN,2020,2.2100935
LSO,2007,4.63973618
LSO,2015,5.62011147
COD,2010,0.38362399
RWA,2000,0.64626944
NGA,2014,0.44593188
TUN,2015,3.34255123
ETH,2022,0.72080112
TCD,2011,0.60246891
CMR,2022,0.66833162
ZAF,2016,4.57297277
TZA,2006,2.37998843
ERI,2011,0.76524723
MLI,2013,0.81583834
BEN,2019,0.45625761
MWI,2020,1.56224585
MWI,2012,0.95642853
TCD,2009,0.70113808
ETH,2013,1.09967208
ZAF,2011,4.12050819
GNQ,2005,0.40104085
MUS,2018,2.48200822
MLI,2016,1.20876825
BEN,2021,0.33374113
TZA,2003,1.49158525
ETH,2014,0.71479559
GNQ,2000,0.52302271
UGA,2012,0.9248504
STP,2003,6.05494833
LBR,2023,1.30092859
MWI,2009,1.0557555
MAR,2009,1.72093856
CAF,2022,1.49499202
MLI,2007,0.99671644
GNQ,2011,0.59239239
BWA,2016,3.83726597
MDG,2000,1.84589028
DZA,2001,2.69560528
CPV,2000,2.75231051
MLI,2014,0.89173758
AGO,2003,1.28335834
ZWE,2011,2.11964583
BFA,2005,1.22285259
DJI,2015,1.70769882
CIV,2010,0.83997321
CPV,2002,2.71163344
AGO,2018,0.97981894
RWA,2016,1.5660044
BFA,2008,1.36111355
TGO,2023,0.6805678
GMB,2008,0.7288478
NAM,2019,5.26885462
AGO,2007,1.53876388
NAM,2018,5.16180658
MRT,2022,1.70580709
STP,2013,2.99635077
LBY,2012,2.91900086
NGA,2002,0.53133184
BEN,2016,0.71389222
TGO,2021,0.55793744
COG,2015,1.11883152
BFA,2002,1.05799043
GMB,2021,1.28643787
NAM,2006,5.04455662
GIN,2009,0.26025116
CAF,2010,0.57671779
COD,2017,0.39801776
GIN,2006,0.24835719
DZA,2023,2.30922818
DJI,2003,1.50298142
ZWE,2023,0.94662845
COM,2007,0.56597984
SLE,2005,0.59220541
ERI,2015,0.73755044
LBY,2018,3.48153329
MOZ,2021,2.28472924
BFA,2019,2.23602796
KEN,2011,1.60566163
EGY,2008,1.53611362
GMB,2014,1.09228694
GMB,2005,0.81679177
GHA,2005,1.756845
SLE,2021,1.14799988
MUS,2009,1.57988811
BFA,2023,2.45250058
MDG,2019,0.68268955
DZA,2002,2.59086323
ERI,2003,1.66898465
SLE,2002,0.68559587
BWA,2019,4.37294102
TGO,2001,0.32503283
SYC,2018,3.1646049
CMR,2012,0.64008772
CPV,2022,4.16780281
STP,2018,2.62429023
ERI,2017,1.00827622
LBY,2022,3.14845943
MRT,2016,1.19934916
MOZ,2019,1.8260498
KEN,2005,1.11996722
MAR,2003,0.99790573
NAM,2012,4.80753613
COD,2000,0.06221032
MDG,2006,1.89314044
GHA,2013,1.85814357
SEN,2020,1.72161877
BDI,2022,1.58512878
BDI,2016,2.23587942
KEN,2018,1.7670722
LSO,2014,5.8080492
MAR,2007,1.41620255
GNQ,2020,1.0338515
BDI,2011,3.47107577
COM,2004,0.79133189
UGA,2015,0.75713688
NGA,2003,0.92982918
GMB,2004,0.78081375
GIN,2021,0.68109477
MAR,2018,1.9875257
DJI,2005,1.39653015
DJI,2001,1.25085211
SOM,2016,0.10706647
DZA,2009,3.4677248
NAM,2005,5.24643993
STP,2006,0.54927838
GHA,2014,1.40883136
MOZ,2015,1.78662503
CIV,2015,0.80445331
GNB,2002,0.35467029
KEN,2022,2.00364423
BWA,2013,4.15482092
GNB,2023,0.9383629
STP,2014,2.79643965
GHA,2020,2.52818918
SWZ,2019,4.40824461
MOZ,2003,1.1753726
NER,2009,1.5377779
SEN,2023,1.1920532
GMB,2006,0.88458723
MLI,2005,1.39720833
DZA,2021,2.87333918
GIN,2013,0.48858824
GMB,2001,0.61059773
CIV,2009,0.83744568
GHA,2023,1.86317766
NAM,2002,5.92470026
MUS,2013,1.93168211
LBR,2008,0.91902161
ZAF,2007,3.30013156
STP,2022,2.31201935
GIN,2020,0.77726084
MWI,2003,1.17513871
KEN,2023,1.95431077
UGA,2021,1.14727044
ETH,2005,1.72818744
COD,2012,0.51978379
SDN,2014,1.43453598
UGA,2007,1.03115988
MWI,2007,0.73458099
TCD,2013,0.83544219
LBR,2005,0.54538667
TCD,2020,0.55167967
GAB,2008,1.06247222
MWI,2021,1.36146903
SYC,2014,3.18385339
MDG,2010,1.86784148
GNQ,2009,0.76920271
BFA,2015,1.45618761
ZAF,2014,4.3735652
BFA,2006,1.43097806
COD,2006,0.21125633
RWA,2006,1.48205781
LSO,2000,2.90852237
COD,2018,0.48873118
SLE,2012,0.6394307
STP,2023,2.13394833
SDN,2020,1.04006422
ERI,2000,2.05245161
DZA,2007,2.52639246
COG,2010,0.8283878
TCD,2022,0.92589098
GNQ,2017,0.78999829
MUS,2002,1.68696284
MRT,2004,0.70654863
BWA,2020,4.48994827
GAB,2017,1.75976336
TZA,2010,1.4499774
LBR,2007,0.73447984
SYC,2013,3.20524502
LBY,2019,3.95533991
STP,2008,1.22298861
LBY,2021,4.47216082
TGO,2016,0.97535449
NER,2010,1.31193817
SWZ,2004,3.02394485
ZAF,2013,4.14510202
CPV,2016,2.76934814
BDI,2023,1.34036565
SWZ,2002,2.4225831
ZWE,2017,1.550982
SDN,2000,1.21998167
TGO,2011,1.03214419
NER,2021,2.12211633
MAR,2019,2.02342105
LBR,2010,1.2732017
MAR,2011,1.80912101
SLE,2017,0.54366273
SDN,2019,1.03735721
TGO,2010,1.12349021
NGA,2018,0.49754828
EGY,2020,1.32617092
NER,2005,1.92018211
MAR,2010,1.74102044
COM,2006,0.6453765
RWA,2009,1.88107121
SYC,2012,4.02018118
ZAF,2008,3.38493657
AGO,2016,1.05520773
CIV,2003,0.5154925
LBY,2000,1.61668956
CAF,2006,1.22708309
COD,2020,0.63877279
UGA,2009,0.82681918
COM,2003,0.85293937
TZA,2018,1.62666011
ETH,2004,1.32566774
NER,2022,1.5349741
TCD,2018,0.46814004
CPV,2013,2.78713155
CPV,2009,2.54577112
MOZ,2013,1.49877322
ZMB,2011,1.5735333
GHA,2017,1.63058531
AGO,2020,1.46055436
SLE,2003,0.63837194
GNB,2014,0.59649962
MRT,2019,1.10124004
RWA,2002,0.75793403
BWA,2006,2.79110265
GAB,2016,2.01055074
GNQ,2018,0.81501949
SDN,2011,1.28281784
COD,2011,0.34667644
ZMB,2016,1.71430743
GNQ,2004,0.35340402
SYC,2023,3.1497128
BFA,2004,1.69977903
CIV,2022,1.49067545
ZMB,2001,1.92502928
GNQ,2013,0.61788166
SLE,2020,0.82859242
SYC,2020,4.47688675
TUN,2020,4.31212521
GIN,2012,0.51431388
COD,2016,0.53029794
ETH,2023,0.614245
BWA,2004,3.4343946
DZA,2012,4.02772284
SWZ,2003,2.91704059
COG,2022,0.80518568
ETH,2018,0.76642609
MRT,2003,0.7719968
TCD,2003,1.33923662
TGO,2000,0.29096901
MOZ,2017,1.73677838
MDG,2001,1.83291543
GAB,2001,1.26300132
TZA,2011,1.28681624
BEN,2007,0.95481884
GHA,2000,0.73089105
ZWE,2019,0.46115172
MWI,2011,1.15239477
CIV,2000,0.58689862
SSD,2023,0.50114346
LBY,2011,2.54379559
MLI,2023,1.34937346
MRT,2018,0.91096455
TGO,2003,0.37685171
SWZ,2023,3.20377994
NER,2007,1.50168717
GIN,2004,0.24164158
TUN,2009,2.97510505
EGY,2003,1.66768789
MAR,2014,2.09785223
MOZ,2010,1.24370587
TGO,2006,0.56445849
TZA,2017,1.55679071
LBY,2007,1.60953808
GMB,2016,1.2897681
STP,2020,2.96807909
UGA,2017,0.63865817
SEN,2003,1.54446924
CAF,2012,0.62262207
GMB,2015,0.99829203
SSD,2022,0.62561053
DZA,2022,1.71663105
ZWE,2014,2.73156238
BEN,2014,0.57532531
MDG,2018,1.49675477
BWA,2005,2.86616707
SWZ,2014,2.73972297
GIN,2016,0.66374409
UGA,2019,0.57344079
DJI,2019,1.28569102
ZMB,2015,2.0905416
ZMB,2021,2.82306838
MUS,2021,3.35773063
BWA,2012,4.09601831
SSD,2020,0.70622033
CPV,2017,2.55316591
BFA,2010,1.30630887
CAF,2000,1.7200942
UGA,2020,1.19107807
CMR,2001,0.7802825
DZA,2000,2.31351972
NGA,2017,0.53266305
GNB,2006,0.49984464
MRT,2012,0.89773965
TGO,2022,0.66535133
BDI,2005,2.06248069
NAM,2021,6.51885366
AGO,2022,1.30711842
BFA,2012,1.06450117
LBY,2006,1.50322449
COD,2007,0.21943448
MOZ,2012,1.23552883
DZA,2011,3.40776706
SEN,2022,1.08714914
BEN,2001,1.20063126
BWA,2017,5.01613283
GNQ,2019,0.8050639
GIN,2011,0.51036745
SEN,2013,1.17077053
TGO,2015,0.92438984
SOM,2022,0.31191349
SLE,2004,0.60742605
ETH,2011,0.3811754
SOM,2017,0.13631769
ERI,2006,0.81826532
DJI,2009,1.90362072
TGO,2012,1.16667867
ZAF,2000,2.68480206
GNQ,2008,0.48362917
MOZ,2016,1.7231313
KEN,2019,2.00870633
ERI,2010,1.00715244
LBY,2008,1.51853251
NGA,2004,1.202034
AGO,2015,1.08924341
BEN,2006,1.06306994
CMR,2016,0.36593068
GHA,2006,1.65231752
NER,2012,1.03993595
ERI,2022,0.90046018
MAR,2005,1.10253143
NER,2017,1.88514483
TUN,2002,2.65054178
BDI,2009,2.08079624
ZAF,2005,2.74503064
LBR,2015,1.20420825
MLI,2020,1.40269554
MDG,2011,1.67813444
TZA,2015,1.25726104
MOZ,2023,2.249192
BDI,2020,2.1569612
TUN,2013,3.8491714
MWI,2015,1.89914215
COG,2003,0.50115985
ERI,2016,0.7340641
TZA,2013,1.18517053
MRT,2009,0.87885523
SSD,2018,1.18756998
TUN,2023,4.3189435
COM,2019,0.83244753
MDG,2022,0.89582229
COM,2002,0.95670593
GNQ,2001,0.39180481
LSO,2023,5.84427834
RWA,2007,1.74627984
MWI,2014,1.56810546
DZA,2018,3.84471345
ETH,2006,1.12012815
DJI,2022,1.06819105
CIV,2006,0.5577988
KEN,2021,2.22920752
GAB,2021,1.65491903
ZAF,2021,5.49496222
MWI,2010,1.13196635
SYC,2008,2.40282655
MWI,2002,0.97493625
SDN,2022,0.82583225
GMB,2019,1.28750503
GHA,2015,1.5937829
SLE,2015,0.81068116
NGA,2023,0.54596561
CPV,2018,3.10238695
SYC,2021,3.72146273
CIV,2002,0.54329485
COG,2011,0.65133953
TZA,2008,2.25783944
SDN,2002,1.128654
TZA,2005,2.31116962
CIV,2001,0.50978333
BDI,2015,2.4195447
MLI,2004,1.58851421
UGA,2001,1.35010099
GHA,2002,0.65024012
EGY,2006,1.74427283
CPV,2021,4.58503008
GMB,2017,1.06097889
MAR,2001,1.00273478
BDI,2021,2.22447824
MDG,2008,1.41035628
NER,2014,1.27712584
MRT,2023,1.48361778
GIN,2003,0.42212996
AGO,2019,1.00303984
SDN,2018,1.03874981
COD,2013,0.46684277
MWI,2005,1.05274868
CAF,2013,0.98418158
SLE,2010,0.81356823
CPV,2008,2.23800421
TCD,2002,1.61589229
MUS,2022,2.52426147
NAM,2004,5.69722843
CAF,2009,0.73201287
BEN,2017,0.70637327
ERI,2023,0.84941107
GHA,2016,1.3003906
GIN,2014,0.61152339
GMB,2012,1.20622373
SEN,2018,1.11893904
SOM,2023,0.5303756
SDN,2010,1.64626622
RWA,2001,0.698044
KEN,2009,1.4598949
DZA,2006,2.18395877
ZMB,2005,1.24335968
DZA,2010,3.22398353
MOZ,2006,1.14244211
SDN,2006,1.77735722
GIN,2000,0.301292
RWA,2010,2.03921556
MOZ,2022,2.28882098
GIN,2019,0.92095226
NER,2016,1.10086405
NER,2004,1.18101633
DJI,2023,1.05232239
LBY,2016,4.16492653
GMB,2007,0.70619458
CPV,2012,2.79963088
CAF,2021,1.26395118
MLI,2018,1.15118647
MLI,2010,0.66893148
ZAF,2002,2.30570102
MOZ,2008,1.20704949
ZWE,2016,1.37225389
NGA,2012,0.54436672
NAM,2007,5.38635349
CPV,2023,3.42531776
TZA,2001,1.08908296
LSO,2012,5.62558651
GHA,2007,1.63629603
NAM,2023,5.54813719
TZA,2009,1.48484647
NGA,2001,0.8576929
COG,2013,0.93664998
TCD,2021,0.73647583
DJI,2021,0.76665086
GHA,2004,0.9509024
MAR,2020,2.46551728
GNB,2009,0.52002388
ERI,2007,1.21488249
MDG,2009,1.30581379
RWA,2019,1.76991165
EGY,2007,1.56855941
SEN,2009,1.40655613
MOZ,2020,2.3917768
GIN,2010,0.36297843
BWA,2023,4.72067308
CPV,2011,2.61180115
UGA,2000,1.26869214
BFA,2017,2.6879499
NER,2019,2.02236509
GNQ,2002,0.36000615
CMR,2000,0.64510846
RWA,2003,2.30380893
GNB,2016,0.48464295
ZMB,2019,2.25830793
CMR,2007,0.56892991
EGY,2004,1.57912993
DJI,2020,1.07290661
MRT,2020,1.00379241
TCD,2008,0.61977834
COM,2014,0.55491424
MAR,2004,1.01085818
NAM,2001,5.73190451
AGO,2010,1.46826649
COG,2014,0.94694966
GMB,2009,0.9055742
ETH,2000,1.79949319
ZMB,2004,1.31544065
KEN,2014,1.83768213
COD,2014,0.51571059
MWI,2018,1.68875861
GHA,2001,0.84126645
SYC,2001,3.75857329
BWA,2011,3.60456705
MLI,2008,0.71373433
GMB,2000,0.6015296
SDN,2004,1.57302713
ZMB,2018,2.08801126
MWI,2019,1.53329957
UGA,2003,1.47303784
SEN,2001,1.415766
ZWE,2021,0.87981081
MDG,2005,1.93450081
COG,2009,0.61770952
SYC,2006,3.44340944
MLI,2021,1.35538208
DJI,2002,1.28561246
MLI,2000,1.29321861
SLE,2001,0.65394258
COM,2012,0.79534382
CAF,2003,1.54274023
RWA,2014,2.19319296
GNB,2012,0.50444686
COG,2007,0.58651859
AGO,2017,1.12824702
LBY,2017,3.09533191
RWA,2017,1.56328964
STP,2021,3.36913323
KEN,2015,1.92388499
TGO,2013,0.96069103
ETH,2003,2.27634907
TUN,2019,3.56713367
LSO,2020,4.87197256
BFA,2018,2.12523532
GAB,2000,1.06383789
SWZ,2012,3.41336322
LSO,2003,3.14434719
LBR,2011,1.51829398
DZA,2014,4.21865416
BFA,2020,2.84514332
MUS,2001,1.57129419
GNQ,2006,0.45787242
SWZ,2013,3.32492328
BWA,2015,4.13518047
ZWE,2010,2.75333452
GNQ,2007,0.48071325
SLE,2014,1.02695739
SWZ,2016,2.84598303
SDN,2021,0.77320933
TCD,2004,1.47851741
STP,2010,2.11927414
MDG,2013,1.30425918
GAB,2009,1.54066849
MWI,2022,0.87697619
CMR,2004,0.70553547
NER,2003,1.07094669
GNB,2010,0.46807465
GHA,2011,2.35423017
BDI,2000,1.46507239
AGO,2021,1.51676536
MUS,2008,1.38968194
LBR,2000,0.64587975
SYC,2015,3.1209166
MLI,2009,0.66568589
GAB,2014,1.51668847
COD,2001,0.10641284
SEN,2005,1.59510648
DZA,2005,2.16108608
KEN,2000,0.99913371
SSD,2017,1.86679733
SDN,2008,1.73194993
CPV,2006,2.53359437
NGA,2021,0.54102808
BFA,2003,0.9801873
MLI,2022,1.36568475
BDI,2014,2.78679872
STP,2007,1.6642518
NER,2011,1.27229619
GAB,2004,1.35957062
CMR,2018,0.35133773
TZA,2019,1.6312809
COD,2015,0.62508768
GNB,2018,0.50527376
MWI,2013,1.48205006
ETH,2010,0.94396317
GNQ,2003,0.39797717
COM,2018,0.76553828
NAM,2008,4.89047384
CAF,2011,0.41518956
GMB,2018,1.04798186
ZMB,2002,1.89818621
TZA,2000,0.74586421
ZAF,2004,2.73156238
ETH,2015,0.96540898
DZA,2016,3.94321752
BWA,2001,3.50531387
MDG,2023,0.98797482
LBR,2009,1.1980319
MDG,2012,1.48979211
NAM,2010,4.88263464
ZWE,2013,2.01809144
NER,2006,2.05841017
COG,2023,1.12095106
COG,2001,0.96511757
COM,2021,0.94517165
MLI,2012,0.41352206
CMR,2014,0.58977377
LBR,2020,1.32303464
CMR,2008,0.55071974
BEN,2002,0.93714452
MUS,2000,1.52947044
GMB,2011,1.04374862
SLE,2000,0.56016588
ETH,2012,1.06663179
ZMB,2007,1.48783338
CAF,2015,0.45585203
COM,2005,0.69428998
ERI,2004,1.55933774
MWI,2008,1.3674773
EGY,2023,1.57523489
BWA,2014,3.99039125
EGY,2018,1.35182929
ZAF,2020,5.84510279
SYC,2016,3.25931096
ZMB,2010,1.55979979
RWA,2008,1.81383979
CAF,2014,0.71106249
SWZ,2001,2.38431859
TUN,2008,2.80299711
LBY,2023,6.25568771
DZA,2020,3.31185937
GNB,2015,0.53779858
CAF,2023,1.53037214
BEN,2010,0.7522946
SEN,2006,1.7594533
CAF,2019,0.81889474
RWA,2018,1.64325416
CMR,2011,0.5729565
ETH,2002,2.08121943
GHA,2012,1.97869766
GAB,2019,1.66963005
ERI,2014,0.51250237
SLE,2013,0.58837235
KEN,2016,2.03529072
UGA,2002,1.46629059
TCD,2014,0.94091558
GAB,2007,1.23346996
MOZ,2004,1.12229657
CMR,2021,0.48882192
ZMB,2006,1.32859325
TUN,2001,2.53689337
ZAF,2022,5.38311863
LBY,2004,2.22574258
MUS,2004,1.80295277
LBR,2006,0.47191602
MOZ,2002,1.17593813
STP,2011,2.29882646
TCD,2010,0.64793539
ETH,2009,0.90700704
DZA,2003,2.55061412
GNB,2000,0.5933851
NAM,2009,4.31238842
KEN,2004,1.07972252
UGA,2005,1.03255773
MAR,2013,1.82751834
EGY,2013,1.36696446
DZA,2019,3.27598047
CIV,2008,0.67955697
SLE,2023,0.78892416
BEN,2000,1.13417935
GHA,2022,2.03708911
COM,2022,0.8734315
TUN,2004,2.65803766
STP,2019,2.23238039
BEN,2009,0.86784607
MRT,2002,0.87326568
ZMB,2022,2.50694346
AGO,2009,2.23769045
LBY,2009,2.46476388
ZAF,2009,3.80475187
CPV,2019,3.24034405
NER,2020,2.31365919
TGO,2002,0.34117612
SYC,2005,3.62017798
ZMB,2003,1.45376873
EGY,2010,1.36768734
LBR,2003,0.4171488
CMR,2002,0.89175522
NAM,2013,5.20561123
ERI,2005,0.85298669
SWZ,2021,3.65004921
NER,2013,1.34044802
TGO,2004,0.44411397
LBY,2003,2.63191676
MOZ,2009,1.2755909
NAM,2016,5.76428509
MWI,2016,1.91101837
CAF,2008,0.84676838
DJI,2016,1.32919765
MRT,2001,0.54510015
MOZ,2001,1.311831
SOM,2018,0.13900605
SLE,2007,0.4417356
MOZ,2018,1.7863487
EGY,2011,1.47460115
MDG,2002,1.74709666
SDN,2023,0.59154689
MOZ,2000,1.08604574
ZAF,2017,4.56554031
GNQ,2016,0.86530524
GAB,2023,2.05877304
RWA,2022,2.43239522
DZA,2015,4.33925533
COG,2000,0.51469523
ZAF,2006,3.23011708
DJI,2013,1.8059175
MUS,2005,1.69515753
NGA,2005,1.14133215
GNB,2020,1.20048702
DJI,2006,1.72493029
COD,2009,0.30943882
TZA,2002,1.33213437
RWA,2021,2.63611889
GNB,2011,0.43690556
RWA,2004,1.92855704
SWZ,2010,4.22809029
BEN,2012,0.74686456
GAB,2011,1.58558345
DJI,2014,1.76028001
NER,2018,1.76657593
KEN,2008,1.35639918
SDN,2003,1.26332223
DJI,2018,1.33991563
BFA,2000,0.96129316
TUN,2005,2.61502051
CAF,2002,1.434237
DJI,2007,1.73417449
LBR,2018,1.68725502
CIV,2007,0.67966127
CMR,2005,0.65208685
LBR,2019,1.3562839
MRT,2013,1.08287692
MRT,2014,1.25234473
ERI,2012,0.79066068
ZMB,2000,1.47394264
MRT,2017,1.23123157
UGA,2011,0.90863341
ETH,2016,0.90002954
MAR,2023,3.42813945
UGA,2006,0.98067528
DZA,2004,2.3477478
GHA,2010,2.26015067
NAM,2000,5.6193819
BEN,2005,1.04785359
ERI,2013,0.776559
MLI,2017,1.17751467
SDN,2012,1.49337018
ZWE,2020,0.6526891
GHA,2021,2.09936643
GIN,2015,0.42931107
COG,2002,0.43198308
AGO,2001,1.80684185
GNB,2021,1.13860166
TUN,2010,3.12751889
MAR,2022,2.90570426
COG,2019,1.02925241
AGO,2008,1.91652381
GNQ,2015,0.7432819
NGA,2011,0.47937736
MUS,2011,1.74817169
DJI,2000,1.4098289
NAM,2015,5.39398766
SSD,2019,0.99254191
UGA,2010,1.09722447
MAR,2002,1.08123076
EGY,2022,1.68629062
MDG,2003,2.17278719
NAM,2017,5.34107399
NAM,2014,5.00115061
SYC,2011,3.01365519
ETH,2008,0.51424927
MRT,2015,1.41883922
BDI,2002,1.5355022
TCD,2016,0.64428413
EGY,2015,1.58139753
AGO,2004,1.4713583
DJI,2011,2.14218068
TGO,2007,0.59498978
COM,2020,1.29287672
MWI,2000,1.01542294
COD,2003,0.22955258
CMR,2017,0.14120807
EGY,2000,1.73206902
GMB,2002,0.54214686
TZA,2020,0.86159378
BWA,2018,4.14253378
BWA,2008,3.66806316
NGA,2006,0.90186709
TZA,2012,1.17573333
COD,2019,0.55490303
MRT,2006,0.67619681
TUN,2017,3.32102466
CIV,2012,0.74607307
BDI,2004,2.3681941
RWA,2020,2.13853812
MLI,2019,1.1192745
LBY,2020,5.58700848
MOZ,2007,1.17217517
MRT,2005,0.81955862
BDI,2003,1.35508084
TUN,2000,2.53482223
EGY,2016,1.56636381
SYC,2009,2.3870523
ZAF,2015,4.59632444
MDG,2017,2.24615121
SEN,2019,1.05768847
LSO,2016,5.59334755
LBY,2013,3.6518445
BFA,2022,2.62870407
LBY,2001,2.13841844
MDG,2021,0.74739987
SWZ,2022,3.24393272
GAB,2002,1.19960451
GAB,2020,1.89678836
EGY,2001,1.84800243
GAB,2006,1.2173816
TUN,2018,3.09321761
BEN,2023,0.4894892
BFA,2014,1.62685239
LBY,2015,4.02187729
BWA,2009,3.41018438
DJI,2004,1.43785477
RWA,2012,2.05491209
ZWE,2012,1.99879277
SLE,2011,0.70601135
GNB,2022,1.03818488
GIN,2005,0.26129073
AGO,2012,1.39434171
LSO,2001,3.60629058
COG,2005,0.43213499
AGO,2011,1.52542961
CAF,2004,1.4743973
GMB,2020,1.9513855
COG,2018,0.62025368
BEN,2015,0.59082586
SDN,2001,1.1215229
ERI,2002,2.11955547
COM,2016,0.57399994
MUS,2015,2.31317115
GNQ,2010,0.64514917
NGA,2022,0.56285441
CIV,2023,1.40123832
TUN,2014,3.7496531
CPV,2003,2.66076279
BDI,2010,1.9852922
TUN,2007,2.76273274
LSO,2010,3.9816153
CPV,2015,2.89664817
STP,2005,5.03137016
BWA,2000,3.2540555
GNB,2013,0.55160207
BDI,2012,2.66949105
GIN,2002,0.64011806
LSO,2005,2.25555015
CAF,2005,1.03554976
ZAF,2010,4.00033045
DZA,2013,3.91591859
COM,2023,0.84639359
GNQ,2022,0.86760986
STP,2016,3.06470799
MUS,2010,1.99484634
GMB,2013,1.08376527
GHA,2009,2.04712129
CIV,2011,0.57983553
LBR,2013,0.31744617
NER,2001,1.14577425
SOM,2015,0.09905031
TUN,2012,3.58298373
NGA,2009,0.57001245
TGO,2009,0.68256968
ZMB,2008,1.58524466
LSO,2022,6.55054998
BFA,2009,1.64177847
GAB,2005,1.05433261
ZWE,2022,1.01829815
SYC,2019,3.04219794
LSO,2018,5.5954361
COM,2011,0.9567222
MUS,2012,1.87548065
STP,2017,3.43653798
TGO,2019,0.89146012
EGY,2012,1.28014243
SOM,2019,0.15007043
EGY,2021,1.73679698
UGA,2022,0.98358905
SWZ,2011,3.61155891
COM,2001,0.5343321
ZMB,2013,1.30987322
STP,2015,2.0531044
LSO,2019,6.75437784
GIN,2018,0.61740124
KEN,2017,1.71156442
MAR,2015,1.98215687
ZMB,2014,1.89382219
LSO,2017,6.03923559
TUN,2021,4.1127286
CMR,2009,0.44800821
SYC,2022,2.99964738
GHA,2018,1.37083328
BEN,2013,0.76463026
NGA,2015,0.58907843
COG,2008,1.09928632
SWZ,2017,3.54254961
TUN,2011,3.45419288
TUN,2003,2.67794108
TCD,2015,0.72352397
COG,2006,0.55492193
BFA,2007,1.43212855
MAR,2000,0.93646741
GNB,2005,0.50890976
CIV,2018,0.89862597
CMR,2010,0.4063552
BWA,2010,3.60705996
TUN,2022,3.9555614
SDN,2013,1.15195048
COG,2016,1.11958003
GMB,2023,1.29954684
TCD,2023,1.26169586
GIN,2008,0.26959306
BFA,2016,2.38693118
UGA,2016,0.78636652
NGA,2020,0.50597858
CAF,2016,0.59953427
MUS,2016,2.44510746
CIV,2020,1.33183074
NER,2023,0.97196257
SWZ,2020,3.53693056
KEN,2002,1.10948944
MOZ,2014,1.71540534
NAM,2022,5.80618477
SDN,2007,2.0494504
NGA,2008,0.66059941
MAR,2006,1.30186176
SEN,2015,1.07820702
ZAF,2012,4.1403532
GAB,2015,1.56549394
MUS,2007,1.47311974
ETH,2007,1.33306754
SYC,2004,3.81282496
CAF,2007,1.27105796
KEN,2010,1.56062746
LSO,2006,3.04879928
MRT,2008,0.8877672
LBR,2016,1.39315951
SOM,2014,0.10548612
ETH,2019,0.73088509
MUS,2017,2.47479272
MDG,2014,1.74814212
LSO,2011,4.93363905
GNQ,2012,0.70269078
AGO,2013,1.5071826
COM,2000,0.89172548
SYC,2003,4.14589357
SEN,2002,1.33993769
BDI,2006,2.36401343
SLE,2022,0.8699919
COM,2008,0.43337327
NGA,2000,0.58559412
UGA,2014,0.95077145
SEN,2010,1.16160142
BEN,2011,0.65150005
SEN,2014,1.080037
COM,2013,0.65978307
NER,2002,1.20736778
NGA,2010,0.44847032
EGY,2014,1.41039252
NGA,2007,0.7786122
MAR,2016,2.00518847
AGO,2023,1.1340301
STP,2002,3.77630806
MWI,2001,0.83659285
COD,2004,0.2026829
KEN,2003,1.12453854
STP,2000,3.51259375
DZA,2017,3.84453487
TGO,2017,1.04958856
MWI,2004,0.85772187
COD,2005,0.20690806
UGA,2023,0.92339057
MRT,2010,0.73150158
KEN,2012,1.62624443
STP,2001,3.70773029
TCD,2007,0.81764281
BEN,2018,0.66673458
SLE,2019,0.77659142
MRT,2011,0.74974972
GNB,2019,0.45877996
SLE,2018,0.49137551
SWZ,2000,2.41081047
AGO,2006,1.28968012
SDN,2005,1.59963596
GNQ,2014,0.65114552
LBR,2004,0.51704127
COD,2022,0.72449565
ETH,2017,0.8612687
NAM,2003,6.06180239
SWZ,2006,3.45948696
COD,2023,0.68990564
BEN,2022,0.50720674
BDI,2007,2.46383238
BEN,2003,1.05233788
COM,2015,0.46612623
LSO,2008,4.36957979
TGO,2008,0.60018307
SLE,2009,0.63343221
AGO,2005,1.14204562
GAB,2013,1.82302928
MAR,2008,1.50152016
GNQ,2021,1.14400554
MDG,2016,2.37194586
LBR,2001,0.5318647
BDI,2018,2.0575192
GAB,2003,1.4352864
TZA,2016,1.61013722
CIV,2016,0.85302079
GNB,2004,0.57971573
LSO,2013,6.12028074
GAB,2018,1.61284041
BFA,2011,1.34620178
SEN,2007,1.31880546
NGA,2019,0.46980387
ZMB,2023,2.43413329
ZMB,2017,2.51039147
SEN,2021,1.20091772
AGO,2014,1.16797769
EGY,2019,1.29722774
SWZ,2018,3.39840841
LBR,2022,1.29002357
ZAF,2019,4.80006361
STP,2004,5.18779802
SSD,2021,0.92913347
ZMB,2009,1.66772234
NAM,2011,5.12084961
KEN,2001,1.05907285
TCD,2000,1.59994829
MRT,2007,0.76387841
CMR,2020,0.60675448
NAM,2020,6.51412964
GNB,2008,0.54897773
LBY,2010,2.29442048
GNB,2001,0.48134443
KEN,2006,1.17933488
ERI,2009,1.06634021
TZA,2023,0.96664101
BWA,2007,3.12948751
MWI,2017,1.71919668
GMB,2003,0.5868997
BWA,2003,3.60058308
GIN,2022,0.72876471
SDN,2016,1.28979421
RWA,2005,1.61428237
GIN,2007,0.24066733
LSO,2002,3.18394804
LBR,2021,1.11087501
STP,2009,1.5904156
ZAF,2003,2.79076648
CIV,2019,0.96328849
CMR,2019,0.40687224
SWZ,2007,3.7541039
TGO,2005,0.50362611
MUS,2020,2.93306947
COD,2021,0.64831114
BWA,2021,4.82830048
SYC,2010,3.1060183
MDG,2015,1.99010992
MWI,2023,0.83762544
BDI,2013,1.54086971
TZA,2021,0.94497848
TZA,2022,0.98185784
SOM,2020,0.2304647
LSO,2009,4.86539936
BWA,2022,4.30745316
COG,2012,0.81893653
GNB,2007,0.59780544
UGA,2013,0.97432142
SWZ,2015,2.94745016
BFA,2021,2.73058271
EGY,2009,1.53461063
BEN,2020,0.51122105
DJI,2008,1.83015931
NGA,2013,0.48927844
GAB,2010,1.57325745
AGO,2000,0.98097837
MDG,2004,2.17331147
ETH,2020,0.98278511
COM,2009,0.37907231
CMR,2013,0.4803811
ERI,2001,1.79195142
