iso3,year,hypertension
MDG,2003,39.8
AGO,1990,37.2
STP,1990,42.4
AGO,2015,37.4
BDI,2005,37.0
GNB,2010,39.7
BWA,2000,44.6
MDG,2012,41.2
BWA,2013,44.8
STP,1992,42.8
GMB,2007,40.7
NGA,1995,36.0
LBY,2016,46.0
GMB,2007,39.2
STP,1998,44.6
EGY,1990,32.2
BFA,2005,33.2
TZA,2001,37.0
COM,2002,33.9
NAM,1991,40.5
LBY,1993,42.5
CIV,1995,35.3
GMB,2003,38.5
STP,2014,47.8
TGO,2012,37.8
SEN,1995,38.9
ZWE,1991,33.4
BFA,2000,32.6
COD,2007,33.3
CPV,2003,44.1
TCD,2002,37.4
CIV,2016,37.6
GHA,1990,34.7
CIV,2013,38.4
CPV,2005,48.2
ZMB,2011,36.6
EGY,1990,37.5
GAB,1995,37.1
SEN,2003,40.5
SYC,2018,44.8
CAF,2014,41.8
NER,1990,40.2
ZWE,2014,43.1
BWA,2006,44.0
GMB,1995,36.3
CIV,1991,35.1
TCD,2012,39.3
UGA,2000,34.1
NGA,2012,38.3
UGA,2015,32.6
SSD,2019,32.3
GNB,2002,38.8
GNB,2019,36.0
SSD,2015,34.2
MRT,2002,38.4
CAF,2018,42.8
MRT,2004,39.3
DJI,2017,33.5
LBR,1996,39.0
DZA,2011,39.5
LSO,2014,32.8
TCD,2004,39.2
MUS,1992,32.1
TGO,2016,36.5
COM,2007,37.9
SYC,2015,48.1
GNB,1992,37.2
MAR,2016,36.7
CPV,1994,41.9
CIV,2008,39.1
MLI,2012,38.5
LBR,2017,39.8
LSO,2006,39.8
LBY,2012,44.2
ZWE,1993,33.7
EGY,1993,38.7
NAM,1990,40.1
ZAF,1993,36.8
EGY,2013,41.6
TGO,2005,37.4
SWZ,1998,44.3
LSO,2003,43.9
GAB,2012,37.5
SWZ,2019,47.3
SOM,1999,36.4
CAF,2005,42.1
UGA,2007,35.1
UGA,2004,35.0
GIN,1997,40.0
SEN,2003,39.6
LBY,1995,43.7
COM,2009,34.0
GNB,1993,37.3
SDN,2008,43.0
ETH,2012,28.3
MUS,2005,37.0
UGA,2016,34.5
SLE,2017,38.7
LSO,2016,32.5
MLI,2015,31.3
UGA,2017,31.7
ZAF,2017,45.1
SSD,2006,36.7
LBR,2010,42.0
GIN,2013,40.5
LBR,1997,39.2
MWI,2000,36.5
CMR,2011,36.3
DZA,2008,35.2
GHA,1992,35.0
SOM,2013,39.7
COD,2005,32.8
GAB,2010,38.2
TCD,2016,36.0
NER,2000,42.3
MWI,2015,30.8
STP,2004,46.2
CPV,2017,46.3
MRT,2001,38.8
NGA,2002,35.7
BFA,1992,32.3
NGA,2016,36.1
GAB,2003,36.7
GAB,2014,37.8
SWZ,1992,36.9
TZA,1995,37.1
SDN,2013,40.1
SWZ,2019,37.4
MLI,2008,32.5
LSO,1996,41.6
AGO,2008,38.5
NAM,1992,40.2
MUS,1996,34.9
CMR,1999,33.9
NER,2003,42.5
BEN,2007,35.3
SSD,1998,35.5
COD,2002,32.6
SWZ,1994,37.3
STP,1999,44.6
MAR,1999,39.0
LSO,2016,40.4
STP,2006,46.8
EGY,2018,40.9
ZMB,2011,35.0
GNQ,1996,37.7
COM,2002,36.6
MLI,2013,35.3
BFA,1998,32.6
SOM,2005,37.4
SLE,2016,41.6
NER,2010,43.7
SSD,1999,35.7
GMB,2005,37.6
GNB,1991,37.2
BEN,1996,34.3
CAF,2011,41.7
MOZ,2019,38.6
SLE,1993,40.2
MDG,2010,40.3
DJI,2019,35.8
SYC,2009,48.1
TUN,1993,31.2
TGO,2002,36.8
COG,2001,39.9
LBR,2012,39.9
DZA,2006,37.7
LSO,2017,46.8
KEN,2000,36.0
ZAF,2017,44.6
TGO,1994,35.8
EGY,2008,41.5
AGO,2006,38.5
CIV,2006,40.5
MLI,2006,32.5
NAM,2019,43.8
GIN,2007,43.6
TCD,2004,37.8
ETH,2002,26.5
CAF,2003,41.8
LBR,1999,39.6
TCD,2003,37.6
MLI,2016,34.9
UGA,2017,34.3
UGA,1996,33.6
GNB,2014,39.0
CAF,2004,40.6
BDI,2001,36.0
SSD,2005,37.0
MUS,1999,34.7
GAB,2004,37.4
MOZ,2012,40.5
ERI,1994,25.9
SDN,1995,38.4
NGA,1997,34.1
TZA,2005,36.1
GMB,2015,38.3
KEN,1996,35.3
MRT,2018,38.1
BEN,2015,33.1
DJI,2002,36.2
ZAF,2011,43.6
SYC,1999,43.5
CAF,1995,38.7
DJI,2004,36.8
LBR,1997,39.2
COG,1991,38.0
LBR,2006,40.7
CPV,2001,45.2
ZWE,2013,47.4
NGA,2000,35.4
MRT,2004,38.8
MDG,2011,40.1
COG,2001,39.7
TUN,2005,36.9
SSD,1992,34.8
GAB,1999,35.9
GHA,2009,38.2
DJI,1990,34.7
BDI,2014,34.7
UGA,1991,32.9
SEN,1999,40.2
ZWE,2018,46.6
SLE,1997,40.4
BEN,1995,34.1
COD,2019,32.7
SEN,2007,41.4
RWA,2007,33.0
SOM,2009,39.7
ERI,2006,24.7
SLE,2014,42.0
SWZ,1995,43.4
LBR,2007,41.3
MOZ,1993,36.2
GMB,2018,37.7
LSO,2002,32.3
TZA,2016,37.1
MWI,1992,35.2
LSO,2011,46.6
TCD,2009,39.7
SEN,2018,37.6
NGA,1996,35.1
TUN,2016,34.7
LBR,2008,41.3
GNB,2010,40.4
SLE,1990,39.1
NAM,2010,44.4
MAR,2017,35.8
DJI,1990,34.7
SLE,2003,42.0
NGA,2005,36.2
UGA,2011,35.2
TUN,2000,35.0
EGY,2004,41.6
BWA,2017,47.4
COD,2001,33.1
KEN,2011,36.8
RWA,1991,31.4
MRT,2011,38.5
MRT,2008,39.8
GHA,2009,39.7
GMB,2010,39.1
MLI,2007,32.6
ZMB,2014,33.3
GNQ,1996,36.6
MOZ,2010,37.9
SLE,2012,44.2
ZWE,2005,46.5
MOZ,2004,39.8
DZA,2006,40.2
ETH,2014,26.4
COG,2003,40.3
LBY,1999,42.7
ZAF,1997,38.6
BDI,1993,35.0
LBR,1997,39.2
NAM,1993,40.4
DJI,2013,36.3
AGO,2002,38.1
NER,2005,43.6
RWA,2000,32.2
SYC,2005,44.5
LBR,1992,38.5
BDI,2019,34.2
COM,1993,34.1
MRT,2013,37.9
ETH,1996,27.6
UGA,2000,34.4
GNQ,2014,39.7
BFA,1994,32.2
TGO,1994,35.8
MDG,1999,38.5
ZMB,1990,34.8
SEN,1997,38.4
MLI,2007,38.3
SSD,2008,37.6
ETH,2016,27.8
SLE,1996,40.2
GMB,2014,40.6
GIN,2004,42.9
MUS,2012,37.7
MRT,2019,35.9
ZMB,2004,37.1
COD,1997,31.7
TCD,2002,38.7
BWA,2015,40.6
BFA,2004,33.0
GMB,2013,36.6
SEN,2017,40.7
RWA,2001,32.3
TUN,2005,34.7
GAB,1994,37.1
BDI,1998,35.6
CPV,1998,42.7
AGO,2001,37.9
GHA,2013,34.6
GAB,1992,36.4
ZWE,2019,36.9
MDG,1998,38.8
ZAF,2013,43.8
ZAF,2006,43.8
TZA,2003,38.8
SWZ,1992,40.0
SDN,2011,43.6
TZA,2000,37.9
MLI,2012,32.0
CPV,2007,46.8
GNQ,1990,36.1
SOM,2014,37.6
TGO,2013,37.8
SSD,2009,36.5
CMR,1993,33.4
DJI,2006,36.8
ZAF,2013,46.6
SEN,2002,40.3
MRT,1996,37.8
GIN,2009,43.0
CIV,1996,35.3
SLE,1993,38.9
NER,1992,39.8
MUS,2001,36.9
GNQ,2005,38.5
SOM,2015,35.2
GAB,2014,37.1
NAM,1990,39.8
MAR,2012,35.8
GNQ,2008,38.6
LBY,2012,46.3
NAM,2017,45.3
COG,1997,38.8
STP,1999,44.3
NAM,2004,43.4
AGO,2008,39.2
NER,1996,40.5
RWA,2006,32.9
TGO,1992,35.6
AGO,1990,37.5
TZA,1994,35.9
COG,2008,41.4
SWZ,2012,48.6
GAB,2009,37.9
ZAF,1992,35.5
EGY,2007,34.0
ZAF,2003,43.1
TGO,2001,36.5
DJI,2016,36.6
CAF,1995,41.1
MUS,2007,37.4
DZA,1994,34.1
SDN,2004,41.5
NER,1994,40.1
ETH,1996,26.3
SWZ,2018,42.8
DJI,1998,35.6
BFA,2012,31.6
BDI,1990,34.7
SOM,1998,36.6
CPV,1999,44.6
EGY,2008,34.0
GNQ,2015,38.5
SLE,2000,40.2
LBY,2011,44.4
ZWE,2015,37.4
GNQ,2004,38.4
EGY,2018,38.2
NAM,1993,40.7
AGO,2000,37.9
ZWE,2019,42.3
TZA,2005,37.8
TUN,2015,35.6
ZAF,2009,46.9
SYC,2012,49.7
MLI,1990,34.1
TCD,1996,36.6
CMR,2009,35.8
ZWE,1994,43.1
EGY,2014,41.5
ZMB,1997,35.8
CPV,1999,46.5
GHA,2008,39.9
LSO,1992,40.9
GNQ,2019,38.1
RWA,1995,31.4
GNB,1998,37.8
LBR,2003,40.8
GMB,2000,38.9
CAF,1990,39.7
GHA,2017,36.9
ERI,1999,25.6
GMB,1994,37.0
STP,2001,45.0
MWI,1991,35.0
BDI,2006,37.2
NGA,2007,34.8
CMR,1996,33.2
MWI,2010,37.2
MAR,1991,37.9
MRT,2004,39.6
CPV,2014,47.2
SOM,1990,35.7
MOZ,2002,39.2
TGO,1992,35.6
BWA,1992,36.5
MDG,1995,38.2
GIN,1994,39.5
NAM,2005,45.4
CIV,1991,38.0
SEN,2016,40.9
BWA,2009,44.7
GNB,2005,39.5
ETH,1993,26.8
TGO,1999,36.2
SSD,2006,37.3
UGA,2002,34.0
TUN,2003,37.4
GNQ,2018,38.2
SDN,2002,40.7
CMR,1995,33.5
GMB,1998,38.4
SDN,2009,42.2
SYC,2002,47.8
LBR,2009,40.6
TUN,2018,34.3
MRT,2005,38.9
MLI,2005,32.5
STP,2002,45.3
LBY,1992,42.9
CIV,1992,36.8
GHA,2016,33.0
GNB,2012,38.2
CMR,2007,35.6
GNB,2016,36.9
COG,1993,39.3
SSD,1990,34.5
NGA,2018,33.2
GNQ,2019,36.6
MAR,2012,37.9
TCD,1995,37.5
NAM,2008,45.5
DJI,2014,34.8
MDG,1994,37.8
SEN,1995,38.2
TZA,1998,36.4
LSO,1999,42.4
STP,2018,45.3
MDG,2011,41.4
CAF,2002,40.9
ERI,1997,25.7
BDI,1997,35.4
BDI,2013,35.1
CIV,2000,37.8
CIV,1991,36.7
AGO,2019,38.7
BWA,1990,41.6
UGA,2013,34.3
BWA,2007,44.3
COD,2007,33.6
MLI,1994,36.1
DJI,2000,35.8
KEN,2015,33.7
GHA,2000,37.4
NGA,1993,36.0
TUN,1992,34.9
STP,1996,44.1
SEN,2000,39.0
MWI,1990,34.5
STP,2019,48.0
BWA,2009,40.6
CMR,2002,34.5
GNB,2014,40.1
SSD,2004,36.8
GIN,1991,38.9
SSD,2016,35.3
GMB,2008,39.2
SEN,2010,39.9
ZMB,2003,37.4
AGO,2003,38.2
COG,2019,38.0
TUN,2011,34.7
MWI,1996,35.9
GHA,2017,32.5
GMB,1993,36.9
DZA,2016,38.3
SSD,1990,34.7
SSD,1993,34.9
NER,1995,41.9
GHA,2012,35.2
DZA,2009,39.7
TZA,2000,35.4
SSD,1994,35.0
MAR,2017,35.2
BWA,2010,40.7
BWA,2013,48.1
BWA,2005,39.6
MOZ,2005,41.6
BWA,1998,40.9
ZMB,2002,36.6
ZAF,1999,38.6
LBR,2005,40.6
MRT,2000,38.5
TCD,2008,38.0
UGA,1990,33.2
BFA,2019,31.7
COD,2002,32.1
TGO,2017,37.5
MDG,2015,36.8
TZA,1991,36.6
ZWE,2002,41.1
ETH,2019,27.4
MRT,1997,37.6
BFA,2002,32.9
COD,1991,32.9
NER,1990,40.9
DJI,1990,34.8
MRT,2017,38.3
NER,2006,43.4
NGA,1991,35.1
MWI,1992,35.0
EGY,2012,38.1
MLI,2000,36.8
GAB,2010,38.1
DZA,1998,34.5
MUS,2007,38.7
ERI,2010,25.0
COD,2009,33.7
CIV,1997,39.0
SLE,1998,41.3
UGA,1999,33.4
NGA,2002,34.4
COG,1993,38.9
TUN,1994,31.3
DZA,2015,34.9
BWA,1991,39.3
LBY,2019,42.7
NER,1991,39.6
MRT,2015,37.2
CPV,1995,42.1
STP,2010,46.1
NER,1998,41.8
AGO,2017,36.9
DZA,2017,34.9
CPV,2007,48.4
TUN,1992,38.6
STP,2006,46.5
RWA,2016,29.8
STP,1997,44.0
SEN,2000,39.8
DJI,2014,37.1
SLE,2004,41.0
SEN,1992,39.2
GIN,2019,42.5
GNB,1997,37.8
SYC,2005,48.1
DJI,2007,37.2
GNB,2003,38.6
TUN,1997,38.3
GNB,2007,40.2
LSO,2010,40.6
STP,1999,44.8
GMB,1991,36.7
GNB,2019,39.7
SYC,1995,47.9
TZA,2015,33.1
ERI,2008,25.1
ZWE,1999,40.0
BFA,2015,31.5
BEN,2002,35.2
NAM,2011,44.3
BEN,1994,34.0
GNQ,2003,38.2
SYC,2001,47.7
SOM,2001,37.6
STP,2005,46.5
SSD,1999,35.6
NER,2002,43.6
LSO,2001,32.2
SYC,2009,50.9
TZA,2017,36.5
TGO,2013,37.0
CIV,2001,38.0
CPV,2011,48.0
TZA,2010,35.5
TUN,2006,36.7
KEN,1996,35.2
SOM,2000,36.5
MWI,2002,37.2
TCD,2008,39.7
COG,1998,39.4
EGY,1991,37.9
TUN,2003,32.3
GNB,2006,39.0
NER,2018,42.8
CIV,2011,37.7
TUN,1990,34.9
ETH,1993,27.6
ERI,1991,26.2
MRT,2007,40.2
ETH,2000,27.7
LBR,1995,38.9
MRT,2000,38.1
SLE,1999,41.6
KEN,2019,31.4
CMR,2016,36.6
GHA,1994,36.1
ZWE,1997,39.4
STP,1994,43.0
BEN,1992,34.0
SYC,2016,43.3
CIV,2007,39.1
TGO,2019,37.5
NER,2009,43.7
CMR,2014,36.5
TCD,2006,39.6
GAB,1998,37.2
GIN,2006,41.7
MRT,2012,39.4
GMB,1994,37.8
BFA,1999,32.5
CPV,2008,44.8
SDN,2017,43.6
KEN,2006,36.7
GNB,2012,39.4
BEN,2019,31.2
GIN,2013,43.4
DJI,2013,35.3
ETH,2001,27.7
COD,2017,32.9
GHA,2001,37.7
CMR,2005,35.1
LBY,2007,44.6
CMR,2015,35.3
LSO,2017,32.4
LBR,2016,41.6
LBR,1990,38.2
UGA,1999,34.2
COD,1994,31.9
GIN,1996,39.8
MOZ,1998,39.2
DZA,2007,37.6
SLE,1990,38.5
DZA,2003,35.0
CIV,2001,39.7
COD,2000,32.4
EGY,2016,41.2
CIV,2013,37.6
MRT,2005,39.5
SEN,2001,40.7
BDI,2011,35.9
CMR,1995,33.4
RWA,1997,32.2
SDN,1994,38.7
DJI,1994,34.9
SDN,2017,41.2
CIV,2017,37.6
BEN,2008,35.1
CIV,2007,37.4
NGA,2012,34.2
NER,2004,42.8
CAF,2002,40.0
BWA,2008,48.0
CIV,2005,40.4
COG,2007,41.0
KEN,1998,35.6
BDI,1999,35.7
TZA,2008,38.0
NER,2012,43.4
TZA,2016,34.9
LBR,2007,41.8
SOM,1993,35.5
NER,1998,40.9
STP,1991,42.6
AGO,2017,38.9
BFA,2016,31.2
MOZ,2014,42.7
GHA,1998,36.9
MWI,1998,36.3
GAB,2012,38.3
CMR,2018,34.9
UGA,2000,33.6
TUN,2007,36.4
COG,1997,39.3
KEN,2017,32.5
AGO,2006,39.0
NGA,2004,36.0
UGA,1991,33.5
SLE,2012,40.5
MUS,1999,36.1
CMR,2004,34.8
ZMB,1996,35.6
SWZ,2006,44.3
MDG,2007,41.4
AGO,2000,37.8
DJI,2003,36.5
COG,2013,40.8
ZAF,2009,45.2
DJI,2006,37.1
SDN,2005,41.3
ERI,1997,25.1
SLE,2005,43.6
SDN,1991,38.3
BFA,2011,32.8
NAM,2011,46.3
MWI,1996,35.5
SWZ,1995,40.6
CIV,2005,36.9
LBR,2004,41.1
BFA,1993,32.0
SEN,2011,42.9
BEN,2018,29.5
CMR,2011,35.7
SWZ,1991,39.8
CIV,1999,37.7
EGY,2006,41.6
COG,2002,40.0
MAR,2018,35.1
RWA,2006,32.9
CAF,2017,42.7
GNB,1993,37.4
MAR,2003,39.1
MLI,1997,31.8
UGA,1995,33.8
COG,2004,40.4
NGA,1990,35.9
SDN,2004,41.0
MWI,2000,36.8
EGY,2004,37.9
RWA,2016,31.7
BWA,2019,40.3
COG,1996,39.1
COD,2012,33.5
ZMB,2010,37.9
SLE,2006,43.9
CAF,1999,39.2
TCD,2012,37.2
BDI,2010,36.2
ZAF,1998,38.0
ZMB,2003,36.0
ZWE,1997,34.4
UGA,2001,34.2
ZAF,1995,35.4
LBY,2005,46.1
GMB,2003,37.4
MOZ,2019,41.9
CIV,1992,35.2
STP,2012,47.8
CPV,2018,42.0
SSD,2019,36.0
SDN,2003,41.1
COM,1997,35.5
CIV,2018,37.3
GIN,1999,40.4
ETH,2012,29.3
GHA,2000,36.2
CIV,2005,38.8
GNB,2001,38.3
BFA,1998,32.4
TUN,1999,38.2
BWA,2007,40.2
MWI,1993,34.9
SLE,2010,44.4
TCD,2001,37.3
ZWE,1995,43.2
GNB,1996,37.7
SDN,1999,39.6
AGO,1998,37.4
MDG,2001,39.3
BWA,1991,36.4
MLI,2011,32.2
ZMB,2012,34.5
BWA,1992,39.5
SSD,2009,37.1
GIN,2018,41.1
GNQ,2002,38.0
DJI,2005,36.7
GIN,2003,42.1
MUS,2013,34.9
CAF,2014,42.5
SLE,2010,41.0
KEN,2009,36.4
TUN,2010,34.6
LSO,2012,46.7
KEN,2006,37.3
ZMB,2003,36.9
SDN,2009,43.3
GHA,1995,36.3
COM,2017,30.9
BEN,2002,35.3
TCD,2000,37.1
TGO,2017,34.8
COM,1999,34.8
GIN,2002,41.0
MAR,1990,36.4
NER,2013,43.4
TZA,1994,34.6
ZAF,2018,44.4
SOM,2018,38.8
SLE,2019,38.0
NER,1990,39.5
ERI,2015,23.5
ETH,2007,28.2
GIN,1998,40.2
MUS,2016,33.5
BFA,2008,33.1
MWI,2018,30.3
ZMB,1993,35.2
BWA,1994,39.9
MAR,2019,35.0
CAF,1991,38.4
KEN,1993,34.9
TGO,2003,36.8
GNQ,2007,39.0
MDG,2012,38.3
SSD,2000,35.8
BEN,1991,33.9
MDG,1993,37.4
BEN,2019,33.0
MAR,2014,36.5
STP,2013,46.4
GNQ,1998,37.4
SWZ,2000,38.5
SYC,2004,51.6
BDI,2000,35.9
NGA,1992,34.1
SLE,1992,40.0
TCD,2017,35.7
MAR,2016,35.2
SWZ,2011,48.6
BDI,2001,35.9
TGO,2004,37.2
ZWE,2013,43.2
MWI,1997,35.7
CMR,2005,34.8
BDI,1997,35.4
CAF,1999,41.4
CAF,2016,40.3
MDG,2017,37.8
SEN,2010,41.5
MLI,2001,37.0
BFA,2008,32.8
SWZ,2001,42.5
BEN,1990,33.5
ZWE,1994,33.9
MRT,1992,36.9
DJI,2009,37.7
LSO,1993,37.1
ZAF,1994,37.2
GIN,2005,41.6
MWI,1998,36.0
DZA,2007,40.0
GNQ,2001,37.4
GNB,2011,39.6
SWZ,2015,43.7
STP,2011,46.8
CIV,2002,39.9
DJI,2004,36.7
SOM,2010,38.5
DZA,2019,35.0
GAB,2018,36.2
ZMB,2006,38.0
SEN,1996,39.6
GMB,2018,35.0
CMR,2018,38.3
EGY,2019,38.2
SWZ,2002,39.0
CMR,1991,33.2
GNB,1990,37.1
GAB,2002,37.6
KEN,2015,35.2
SSD,2017,34.9
GNB,1998,38.0
BFA,2009,32.6
LBY,1997,42.3
UGA,1990,33.4
NAM,1999,42.8
SDN,2014,41.8
MLI,2003,32.3
CPV,2014,45.7
SSD,2017,36.5
NAM,2002,42.7
SEN,2008,42.7
MDG,1992,37.4
SYC,1998,43.4
COM,1995,35.2
TUN,2002,37.7
MRT,1991,37.1
SSD,2003,36.4
GHA,2008,38.4
MAR,2006,36.4
GHA,1994,36.6
STP,1996,43.8
TGO,2007,37.8
EGY,1992,32.5
CIV,2017,37.6
BWA,2001,41.9
CAF,2015,40.6
AGO,2009,39.3
CPV,2003,45.9
KEN,1994,34.9
ZWE,2011,37.8
LBY,2017,40.3
GMB,2014,36.3
BEN,2005,35.5
GNB,1992,37.1
TUN,2004,32.4
TUN,2003,34.9
CIV,2009,39.1
GHA,2005,39.8
SEN,2001,40.0
GIN,1994,40.3
SOM,1996,36.3
CAF,1994,39.9
AGO,2005,38.8
BWA,1998,43.8
TCD,2013,39.1
AGO,2014,37.6
SWZ,2003,39.3
MAR,1998,37.5
UGA,2009,34.8
MDG,2014,37.3
BEN,2004,35.6
DJI,1999,35.7
CIV,1995,37.1
GMB,2017,37.9
GHA,1995,35.4
BFA,2007,32.9
ERI,1995,25.8
KEN,1990,34.3
ERI,2019,24.7
NAM,1992,40.5
TGO,2003,37.0
SSD,2014,36.0
KEN,2014,34.2
COG,2016,41.6
GAB,2016,36.7
ERI,2015,24.8
MUS,1992,33.4
STP,2013,44.9
AGO,2011,40.4
MOZ,1992,38.2
RWA,2003,32.8
MRT,2013,39.2
CPV,1995,45.5
GHA,1990,35.3
DZA,1997,40.4
BEN,2016,30.9
MAR,2007,38.6
TGO,1998,36.0
TZA,2009,39.7
GMB,1995,38.0
GNQ,2010,39.5
DJI,2011,36.0
TCD,2014,38.9
CPV,2012,44.0
STP,2002,45.5
SLE,2016,39.1
NAM,2003,43.1
EGY,1996,39.8
BDI,1991,34.8
MOZ,2014,36.5
COG,2014,41.7
COM,2019,36.2
ZMB,2002,37.1
ZAF,1995,36.6
COG,2013,39.6
GIN,2001,41.9
NER,2001,42.6
LBR,2010,41.2
BFA,2005,33.1
MUS,2002,37.3
GIN,2006,43.4
COG,2005,40.5
GNQ,2011,39.6
NER,2015,43.2
NGA,2016,33.5
TUN,2002,34.9
ETH,2006,27.6
BEN,2009,35.5
GIN,2004,41.4
TUN,2001,37.9
LBY,2015,46.1
GNQ,1990,36.9
BWA,1995,40.1
MWI,2016,33.7
MWI,1990,34.8
KEN,1999,35.6
MUS,1990,31.4
GNQ,2007,38.9
STP,2003,45.8
ZAF,1996,38.1
MLI,2009,38.5
BFA,1990,32.2
SEN,2002,39.4
NER,2002,42.8
GNB,1991,37.0
COD,1992,32.1
SYC,2017,45.2
TGO,1995,35.8
GAB,2017,37.5
SLE,2003,42.9
CAF,2010,42.1
SDN,2011,42.2
TUN,2004,34.8
DZA,2019,36.2
COD,2019,34.3
CIV,1995,38.6
BDI,2001,36.0
TZA,1990,34.1
RWA,2010,32.8
GIN,2015,41.9
CAF,1990,40.9
NAM,2014,45.9
SSD,1999,35.5
MLI,2017,30.9
BDI,2013,37.2
BDI,2013,36.3
AGO,2004,38.6
GAB,2007,37.9
UGA,2005,35.0
TGO,1990,35.5
MUS,2011,36.9
COM,2000,33.7
SOM,2010,37.1
TUN,2016,35.4
BEN,2017,30.2
SYC,2006,44.7
EGY,2005,37.9
GAB,2001,36.9
BFA,2018,30.7
SYC,2001,51.6
SDN,1991,38.1
NGA,2017,36.1
MLI,2011,35.6
UGA,2014,34.8
NER,2009,44.2
ETH,2015,26.0
GNB,2014,37.5
MWI,2005,37.6
SLE,2007,44.1
TGO,1997,36.0
BFA,2003,32.8
ZMB,2008,38.2
NGA,1994,34.0
UGA,2018,31.3
GMB,1994,36.2
MRT,2017,36.6
LBY,1990,40.8
CMR,1990,33.2
BEN,2001,35.2
CMR,1998,33.6
TCD,1990,37.8
SDN,2018,38.4
BDI,2002,36.2
ZMB,2000,35.4
SYC,1995,52.1
GNB,2005,39.8
GNQ,1997,37.8
GHA,1991,35.9
TUN,2015,33.7
ZMB,2016,35.4
GIN,2017,42.8
BEN,2009,35.4
LBY,1997,44.2
SOM,1997,36.1
BDI,2003,36.3
COM,1994,33.1
COG,2014,39.4
MDG,2014,40.6
KEN,1998,35.5
COD,2013,33.4
ZWE,2012,43.3
CAF,2016,42.6
LBY,2009,44.5
RWA,2009,32.5
ZAF,2016,43.8
MRT,1996,37.7
GMB,2002,37.2
TGO,2009,37.1
SEN,2015,43.0
SEN,2006,42.3
DZA,2011,37.3
RWA,2017,30.5
BWA,2011,40.7
ERI,2013,24.6
MAR,1992,35.1
BEN,2001,35.0
ZAF,2005,44.8
SOM,2017,34.3
STP,1994,43.3
TUN,2009,36.1
TZA,2014,36.0
ERI,2014,24.4
DJI,1993,35.0
TCD,2009,41.3
ZAF,2000,37.6
SWZ,2008,44.7
SSD,2011,37.6
NAM,2005,43.7
MLI,2006,38.1
ERI,2001,24.9
GHA,1996,37.2
NAM,1995,41.5
GNQ,2006,38.6
SYC,2016,45.7
MAR,2007,36.3
GNB,2008,40.3
BDI,1998,35.3
COD,1999,31.8
SDN,2002,40.3
CMR,1992,33.3
GNQ,1994,37.7
MRT,1994,37.5
TGO,2014,35.8
GMB,2005,40.3
TGO,1999,36.2
NER,2000,43.1
ZMB,2014,36.4
SEN,2008,41.5
COD,1999,33.0
SWZ,2009,44.7
TZA,1994,36.9
LBY,1995,43.0
DZA,2012,37.2
GIN,2001,40.8
EGY,1999,33.5
RWA,2007,32.9
TUN,2014,33.6
MDG,2002,40.0
LBR,2002,40.5
SYC,2015,46.1
CIV,2019,37.3
ZWE,2019,46.4
DJI,2012,36.6
RWA,2010,32.3
COG,2017,38.6
EGY,2017,35.1
COD,1996,31.8
MRT,1990,37.2
TZA,2017,32.0
SDN,2014,39.7
TUN,1996,38.4
BDI,1992,34.7
EGY,1996,33.1
KEN,1997,35.3
RWA,1990,31.9
DJI,2019,34.2
KEN,2007,37.7
MAR,2013,35.7
DZA,2005,37.8
LSO,2005,33.0
COM,2010,38.2
CAF,2010,41.9
ERI,1990,26.3
MAR,2007,37.5
SSD,2016,33.7
SYC,2011,44.6
KEN,1995,35.1
TGO,2006,37.2
STP,2004,46.1
SEN,2012,42.9
SYC,2007,44.8
CMR,2001,34.3
UGA,1996,33.1
KEN,1999,35.8
GNB,2000,38.4
CIV,1994,35.2
GNB,2008,39.8
MDG,2007,39.6
MLI,2003,37.5
GAB,2003,37.3
MOZ,2006,38.2
AGO,2005,39.2
SDN,2012,42.1
SSD,2015,36.9
BWA,2017,44.4
AGO,2013,39.2
DZA,1997,34.4
STP,2005,46.3
MLI,1999,34.4
GMB,1991,35.9
ZMB,2002,35.8
SEN,2006,41.3
COG,2009,40.5
NAM,1993,40.9
SYC,2013,44.2
ERI,2007,25.2
MAR,2011,35.9
TGO,2004,37.2
LBR,2004,40.8
RWA,2004,32.5
ETH,2012,27.2
NER,2019,42.6
TGO,1997,36.0
BDI,1995,34.9
SSD,1993,34.9
ZAF,1996,35.7
GAB,1990,36.4
MOZ,2008,38.2
CIV,2002,38.2
NAM,2019,42.6
SLE,2007,41.4
SYC,1990,43.9
KEN,1992,34.9
MUS,2009,37.4
MRT,2005,39.8
COM,1990,34.8
SWZ,2009,40.2
GHA,1996,36.5
MUS,2014,35.6
SYC,2014,43.9
RWA,1999,32.1
AGO,1991,37.5
SEN,2001,39.2
MUS,2016,35.7
GAB,2002,37.1
GMB,1991,37.5
COG,2002,40.1
KEN,2004,36.5
ZMB,2001,35.6
LBR,2008,42.0
ETH,1990,27.5
BEN,2005,35.7
NGA,2015,38.5
STP,2017,47.9
EGY,2007,37.9
SWZ,2002,46.0
DJI,2000,35.9
GMB,2002,38.3
COG,2001,40.0
DJI,2012,35.7
ZAF,2001,41.4
NGA,2010,34.5
AGO,1992,37.3
RWA,2015,31.9
ETH,1994,26.6
NER,2003,43.1
ERI,2001,25.5
COD,2004,33.3
MDG,2008,41.5
BWA,1994,36.8
GIN,2001,41.5
BWA,2012,48.2
MDG,2004,40.6
SLE,2015,41.8
AGO,2010,40.3
CAF,2015,42.6
CPV,1998,44.3
CPV,1994,45.2
COD,2008,33.7
KEN,2011,37.6
TZA,2000,36.8
GNB,2015,38.8
COD,2014,33.3
RWA,2012,32.5
NGA,1999,36.3
MOZ,2008,40.7
GNB,2000,38.1
GNQ,2012,38.1
STP,2015,47.9
DZA,2005,40.4
GNQ,1992,37.7
CIV,2009,37.6
GHA,2016,35.2
BEN,1999,34.9
GNB,2013,40.2
ERI,2012,24.4
LSO,2016,46.8
ZWE,1992,33.5
MWI,2009,36.1
COM,2015,37.3
LSO,1990,31.4
CPV,1992,41.5
ETH,2008,28.1
SWZ,1997,37.8
MOZ,1993,38.3
AGO,1991,37.2
NER,2016,42.3
MUS,2001,34.1
GNQ,2017,39.8
SWZ,1998,41.4
MUS,2014,36.8
NGA,1991,35.9
SYC,2006,48.2
MUS,2006,37.3
GIN,1990,39.3
MLI,2004,35.2
CAF,2017,41.5
DJI,1994,35.1
MDG,2019,34.7
TCD,2005,39.4
MAR,2001,39.1
ZWE,2000,40.4
AGO,1999,37.8
SDN,2019,43.5
MDG,2009,41.6
ZMB,1994,35.3
GNQ,2002,37.6
SSD,2006,37.1
STP,2014,44.4
NGA,1996,34.0
MRT,1998,38.1
MAR,2003,36.3
TZA,2009,37.9
CAF,1997,41.2
BWA,2002,38.6
GNQ,1991,37.6
MUS,1990,32.7
MAR,2019,35.3
CAF,2007,42.2
TCD,1991,37.9
GMB,2009,37.6
MDG,1996,37.9
NAM,2019,44.8
SWZ,2008,48.4
SDN,2012,43.7
ZWE,2003,41.5
STP,2003,45.9
NAM,2002,43.6
TCD,1994,36.4
NGA,1999,34.1
BFA,2017,29.7
GNQ,2009,39.0
COM,2008,34.2
TCD,2005,37.9
ZAF,2004,43.9
ERI,1998,25.0
NGA,2006,36.3
ZWE,2006,37.2
COG,1999,39.2
SYC,2019,45.8
COD,2009,33.8
GHA,1991,34.9
GNB,2001,38.6
BWA,1990,36.3
AGO,1994,37.4
STP,2016,45.8
MWI,2004,37.3
SLE,2009,42.9
GMB,2010,37.4
GIN,2005,42.6
GAB,2005,37.9
SWZ,2014,39.0
GNQ,1999,37.0
SOM,2015,39.4
SOM,2017,39.0
TCD,2006,41.0
COM,2013,37.7
NGA,2010,38.2
SDN,2001,40.3
LBY,2009,42.5
SYC,1994,52.2
CMR,2014,37.4
TCD,1993,36.3
GHA,1997,37.4
GNQ,1999,37.5
BFA,2006,33.2
COD,1992,32.8
LSO,2006,33.1
MDG,2004,40.1
CIV,1999,39.3
EGY,2007,41.5
AGO,2016,39.0
COD,2006,33.5
TUN,2000,31.9
TCD,2007,39.7
LBY,1998,44.5
KEN,2016,36.0
DJI,1998,35.6
BFA,1996,32.4
LBY,2008,46.3
CPV,1991,44.5
KEN,1999,35.8
UGA,2012,35.1
CPV,1997,46.0
ZWE,1993,38.6
NAM,2015,44.7
ZMB,2017,34.8
BDI,2007,37.4
CPV,1993,43.0
SDN,1999,39.2
LSO,2012,40.6
LSO,2018,32.2
TCD,2003,39.0
ZAF,2002,38.8
ERI,1994,25.4
MWI,2013,32.8
SWZ,2014,48.3
GMB,1999,38.6
MDG,2000,38.7
GHA,1991,35.5
TUN,2011,36.0
BEN,2003,35.5
DZA,2000,40.6
CPV,2011,46.6
SEN,2016,38.2
COD,1995,33.1
NGA,2015,36.1
NGA,1994,36.0
BEN,2006,35.6
NAM,1991,40.0
SLE,1995,40.6
MAR,1996,35.6
MRT,1991,37.2
NAM,2001,43.2
GNQ,2008,39.2
AGO,1993,36.9
SEN,1993,39.3
TUN,1999,35.0
CAF,1998,40.2
GMB,1993,36.1
SOM,2005,38.9
BEN,2008,35.6
SSD,2011,35.9
COD,1996,33.0
CIV,2001,36.0
MOZ,2013,36.9
DZA,2013,37.1
GAB,2019,37.4
LBY,2000,42.8
LSO,2004,44.4
NAM,2000,42.1
SDN,2002,39.9
UGA,2004,34.5
GIN,1991,39.4
COD,2013,34.0
ZWE,2017,42.6
MDG,1998,38.5
MWI,1999,36.5
CPV,1992,42.8
SWZ,2013,48.5
GAB,2010,37.8
TZA,2014,33.7
TGO,2001,36.6
MUS,2001,35.5
COD,2012,34.0
STP,2000,44.9
KEN,1996,35.3
NGA,2008,36.4
NER,1994,41.0
COD,2003,32.8
MWI,2014,31.8
EGY,1995,36.4
NGA,1990,34.1
COD,1993,32.0
TUN,2016,33.9
MRT,2015,40.1
EGY,1998,33.4
MRT,2003,39.1
DJI,2015,34.4
BDI,2008,36.6
MOZ,2018,42.1
ZMB,1997,35.5
MLI,2016,31.1
TZA,2009,35.8
SYC,2003,47.9
COD,1999,32.4
GMB,1990,37.4
GAB,2008,37.9
COD,2009,33.8
AGO,2009,38.5
SLE,1991,38.6
LSO,2000,32.0
SLE,2011,42.7
DJI,2010,37.1
MAR,1994,37.0
UGA,2007,35.1
ZAF,2011,46.9
GAB,1997,35.7
CPV,2009,48.4
NER,2008,43.7
SWZ,1990,39.6
LBY,1999,44.8
SLE,1990,39.7
NAM,2005,44.7
GNQ,1994,37.1
TZA,2013,38.6
BFA,1995,32.4
MRT,1990,36.7
SOM,2000,37.0
ZMB,1991,33.8
ZMB,2013,36.8
UGA,2011,34.8
NGA,2001,35.5
NAM,1994,41.0
GHA,1990,35.7
TUN,2015,34.7
BFA,1992,32.2
COG,2016,38.8
GIN,2014,42.1
LBY,2018,39.9
ETH,1992,27.6
BFA,2003,32.9
MLI,2014,35.2
GNB,1997,37.8
MOZ,1999,39.5
CMR,1992,33.3
BDI,1999,35.5
LSO,2009,33.4
ETH,1997,26.2
GNQ,2012,39.6
COD,1994,32.6
SLE,2006,41.3
KEN,2014,36.7
SDN,2006,42.3
ERI,1998,24.3
SEN,1998,40.0
DZA,2018,34.9
MUS,2017,32.9
CIV,1996,37.2
SSD,1991,34.7
ZWE,1998,43.9
KEN,1997,35.4
ETH,2003,27.9
ZAF,2010,43.4
GIN,2017,39.0
MDG,1990,36.9
GIN,1996,40.6
UGA,2016,33.4
BFA,2016,30.1
SLE,2009,44.4
LBY,2006,46.2
STP,1997,43.7
COG,2019,39.8
CAF,1991,39.7
SSD,2007,36.7
SWZ,2011,39.8
NGA,2017,38.8
MRT,1998,38.0
ETH,2010,28.9
KEN,2001,36.2
MDG,2013,37.8
CAF,2004,42.0
AGO,1992,36.9
SEN,2018,40.6
SWZ,2019,42.5
SSD,2007,37.2
MAR,1990,37.7
COG,2008,40.5
MAR,1997,35.7
SEN,2012,39.4
TCD,1992,37.2
CMR,2006,35.4
GIN,2008,43.8
GAB,2013,37.9
TCD,2010,39.6
SLE,1992,39.5
MUS,1991,33.0
SLE,2009,41.2
MAR,2013,36.7
EGY,2009,37.9
ERI,1993,25.0
TUN,2018,35.0
MDG,1993,37.6
MRT,2007,39.7
DZA,2019,37.4
NAM,2012,44.2
EGY,2001,41.3
GHA,2007,36.9
CIV,2018,37.4
DZA,2006,35.2
ZAF,1991,35.1
DJI,2007,36.8
GAB,2016,37.6
TUN,1993,34.9
GAB,2016,38.5
ZWE,2005,42.4
UGA,2013,35.0
CPV,1998,46.3
ERI,2012,24.7
ZMB,1997,34.9
SEN,1992,38.5
SOM,1997,36.4
COD,2005,33.4
BWA,2011,48.3
TGO,1990,35.6
CIV,2019,36.9
BEN,2016,33.8
MOZ,2015,36.0
COM,2002,35.4
GIN,2019,38.3
NAM,1996,41.5
NGA,2004,34.6
ERI,1992,26.1
TGO,2018,37.5
TGO,1991,35.6
AGO,2011,38.2
MAR,2009,36.1
MAR,2010,38.2
TCD,1992,36.2
KEN,1991,34.6
SDN,2013,43.7
BWA,1999,41.2
BFA,2014,31.7
MOZ,1997,38.0
ETH,2017,25.3
KEN,2019,33.2
DJI,2008,37.2
NER,1997,42.4
SDN,1994,38.2
GNB,2017,36.6
NGA,2003,35.8
MRT,2009,39.8
CAF,2006,41.7
BFA,1996,32.0
ETH,2006,27.9
TGO,1993,35.7
SOM,2003,38.2
MLI,2002,32.2
STP,2007,46.9
SEN,2011,39.7
SYC,2005,51.5
SOM,1990,36.1
MOZ,2008,42.5
LBR,2002,40.3
MWI,2005,37.7
LBY,2009,46.3
GAB,2002,36.5
SSD,2008,36.6
MUS,1997,33.9
CPV,2013,43.7
TZA,2019,33.2
BWA,2003,42.8
GAB,1993,35.5
ZWE,2003,36.2
COM,1992,32.9
GIN,2004,42.3
NER,1993,41.5
DZA,1998,40.5
MUS,2009,38.6
COG,2008,41.1
SDN,1990,37.9
MOZ,2005,40.1
CPV,1999,43.0
CMR,2007,35.6
CAF,1992,41.0
MWI,2005,37.3
COM,1996,33.3
ZWE,1993,42.9
MDG,1994,38.0
LBR,2014,41.8
SLE,2001,40.4
MRT,1995,37.6
GIN,2014,43.3
SSD,2010,37.7
ZAF,2012,46.8
TZA,2017,34.4
SEN,2017,43.0
GNB,2018,38.2
GNQ,2006,38.7
LBY,2019,45.9
NER,2010,43.8
CMR,2019,36.8
CPV,2008,48.5
BWA,2018,44.2
COM,2010,36.0
LBR,1994,38.8
EGY,2012,41.6
GAB,1991,36.4
SOM,1995,35.8
SEN,1992,37.8
TGO,2007,37.5
DJI,2015,35.6
MLI,1994,34.1
BEN,2005,35.4
BFA,1996,32.3
ZMB,2007,38.1
KEN,1992,34.6
GMB,2008,40.8
MRT,1997,37.9
CPV,2005,46.4
LBY,1998,42.5
GIN,2015,43.1
NGA,2018,38.9
MOZ,2002,40.5
CIV,2012,38.6
MAR,2000,39.1
GIN,2000,41.6
BEN,2012,34.4
NGA,1997,36.1
LBR,2011,41.1
GMB,2011,40.8
GIN,1999,41.3
BFA,2017,31.0
SOM,1995,36.2
LSO,2018,40.2
KEN,2017,34.2
TUN,2011,33.2
BWA,2004,43.2
LBY,1994,41.7
NGA,2019,33.0
SOM,2007,37.5
MOZ,2019,34.3
GMB,2000,37.8
GMB,2011,39.0
MUS,1995,33.2
TCD,1995,36.5
ZMB,2010,35.4
LBY,2005,44.6
DZA,2016,34.9
DZA,2014,37.0
SLE,2019,43.4
COD,2004,32.9
BDI,2003,36.5
SDN,2007,41.9
CPV,1992,44.8
MUS,2018,32.4
GAB,1994,35.6
BDI,1990,34.6
GNQ,1999,37.9
MOZ,1991,38.1
LBR,2004,40.4
ZMB,1996,35.3
SLE,2013,40.2
CPV,1994,43.2
ZAF,2003,39.5
CPV,2016,42.7
LSO,2000,42.7
GMB,2010,40.9
SSD,1997,35.3
UGA,2002,34.4
AGO,1998,37.6
LSO,2013,33.0
COG,1992,39.3
MLI,2000,34.6
GAB,2001,37.4
GMB,2000,36.9
SDN,2010,42.2
CMR,2012,36.3
LBR,1993,38.6
CIV,2007,40.6
TCD,2008,41.3
MRT,1990,37.0
SEN,2004,39.8
MOZ,2015,42.6
CAF,2006,41.2
MOZ,1990,38.0
SLE,2014,44.0
SWZ,1993,42.9
CPV,2004,44.3
ZMB,1993,34.8
MDG,2009,39.4
MWI,2010,36.5
SOM,1996,36.6
TUN,2013,35.8
TCD,1997,36.7
ETH,2003,27.3
SSD,1990,34.6
ERI,2018,22.7
BDI,1992,34.9
SDN,1998,39.4
GMB,2019,40.2
GNQ,1990,37.6
GNQ,1993,37.7
AGO,2016,37.1
STP,2017,45.5
MLI,2014,38.5
ZWE,2002,45.3
ERI,2003,25.0
UGA,1995,33.5
SDN,2006,41.6
CAF,2019,39.5
SLE,1995,39.3
GIN,1993,39.3
MOZ,1993,37.4
GMB,1999,36.7
GAB,1992,37.1
RWA,1998,32.3
NGA,2007,37.9
ZWE,2016,37.2
MWI,2002,37.0
LBY,2005,43.0
TZA,2016,32.6
BDI,2006,36.7
RWA,1998,32.0
COM,1999,33.6
LSO,2004,32.8
NGA,2007,36.4
COG,2000,39.4
EGY,2002,33.9
MLI,2011,38.6
BEN,2004,35.4
MWI,1997,36.1
LSO,2006,45.3
COD,2018,32.8
BWA,1995,42.8
GNB,2005,38.9
GAB,2011,38.1
GAB,2011,38.3
ZWE,2016,42.8
LBR,1999,39.6
LBY,1993,43.2
LSO,2019,32.1
AGO,2019,40.8
BEN,2017,32.1
LBY,2015,41.1
MRT,2006,40.0
ERI,2005,25.1
TCD,2019,40.7
ETH,2008,28.2
MAR,2002,37.8
LBR,1991,38.3
COD,1991,32.2
NER,1999,41.2
COD,1995,31.8
MLI,2019,38.3
MRT,2002,39.0
MLI,1996,34.2
MLI,2018,38.3
RWA,2008,32.9
DJI,2003,36.4
TZA,2011,39.3
MLI,2002,37.2
MUS,1994,34.2
MAR,1998,35.8
NAM,1997,41.2
SWZ,2017,43.1
GHA,2007,40.0
UGA,2011,34.2
KEN,2018,33.7
TCD,2013,41.2
COG,2010,40.3
ETH,1991,27.6
GHA,2008,36.7
CMR,1990,33.5
TGO,2015,36.6
LSO,1991,37.2
GAB,1994,36.4
ERI,1991,25.8
ZWE,2014,37.5
MAR,2018,35.5
COG,1999,39.6
NER,1994,41.7
SYC,1995,43.4
CPV,2016,46.6
ZAF,1991,34.2
NAM,2015,43.5
BWA,2010,48.3
BFA,2013,31.2
MOZ,2013,40.3
RWA,2013,32.3
RWA,2005,32.9
CPV,2015,46.9
LBR,2019,41.3
BEN,1994,34.1
RWA,2010,32.6
ZAF,1997,37.5
GIN,2002,41.8
LBR,2007,40.7
BFA,2010,32.3
MRT,2016,40.0
NAM,1992,40.7
NGA,1990,35.1
SEN,1991,37.6
SLE,2016,43.8
BWA,1997,37.3
LSO,2017,40.3
GAB,2006,37.5
TGO,2011,37.9
BEN,2015,31.6
BFA,1995,32.3
CMR,2008,35.9
GHA,2007,38.6
LSO,1995,41.4
TZA,1992,36.7
BFA,1999,32.6
CAF,2016,41.6
DZA,1995,34.2
ZAF,1990,33.9
BWA,2000,38.0
NAM,2017,44.3
MDG,2000,39.3
TCD,2002,39.9
SOM,1991,35.8
LBY,2001,45.3
GNQ,1991,36.1
ZMB,2006,36.2
SSD,1994,34.9
COG,2012,41.7
NER,2014,42.9
COG,2003,40.2
ETH,2008,28.3
AGO,2012,39.3
SYC,2008,51.2
SOM,1990,35.2
SDN,2006,40.8
ERI,2012,24.9
LSO,1995,37.0
LSO,2008,33.3
COM,2012,37.9
GMB,2007,37.7
GIN,1990,39.6
BFA,1990,32.0
SDN,1992,37.9
SEN,1998,38.6
DZA,2010,37.4
SWZ,1990,36.6
UGA,1997,33.2
GNQ,2013,37.9
SYC,2000,51.6
SYC,1996,47.8
EGY,1994,36.1
MLI,2010,38.6
DJI,2014,36.0
TUN,1995,38.5
CPV,2002,43.8
SYC,2009,44.8
BEN,2013,34.6
TZA,2018,35.9
COG,2007,41.3
ERI,1993,25.5
SDN,2011,40.6
TZA,2004,39.0
MDG,2010,39.1
RWA,2016,30.8
SDN,2007,40.9
KEN,2002,36.2
LSO,2002,38.4
MUS,2019,32.0
MWI,2008,37.3
EGY,1995,39.4
LBR,1998,39.3
GAB,2017,38.6
MOZ,2013,42.8
AGO,2005,38.4
BEN,2012,33.4
COG,2015,41.7
RWA,2017,29.3
MDG,1999,38.8
KEN,2013,37.1
ZWE,1996,34.2
BDI,2017,36.2
UGA,2012,33.9
AGO,1992,37.5
TCD,2018,40.7
AGO,2018,40.8
COM,2015,31.8
AGO,1997,37.6
LSO,2003,32.5
COD,2014,34.8
MRT,2001,38.3
KEN,2018,32.0
BEN,1999,34.6
SEN,2017,37.9
ERI,2013,24.1
SYC,2000,43.6
MRT,2011,40.4
GAB,2008,38.0
GNQ,2011,38.3
GMB,2001,39.1
BWA,1996,40.3
MAR,2001,36.2
CMR,2004,35.0
GMB,1990,36.6
ZMB,2006,37.4
SOM,2016,37.0
ERI,2017,23.0
COD,1994,33.1
GNQ,2005,38.6
ERI,2009,25.1
STP,1991,42.4
GNB,2019,38.0
LSO,2015,46.8
DJI,2010,37.7
BEN,1991,34.0
DJI,2018,33.1
TZA,2013,34.2
UGA,1995,33.0
ZAF,2011,45.5
ERI,2003,25.6
MUS,1996,33.6
MAR,2006,37.6
GHA,2004,38.4
COM,2016,31.3
LBR,1990,38.2
NGA,2003,37.1
MWI,2001,37.0
ERI,2009,24.9
MRT,2000,38.4
CAF,2012,42.3
SLE,1996,39.4
BWA,2016,44.5
GIN,1994,39.9
NAM,1996,41.0
COM,1992,34.0
GIN,1996,40.3
DZA,1992,36.9
SYC,2006,51.5
AGO,2000,37.8
SWZ,1999,38.3
LSO,1992,31.4
CPV,2019,44.1
MWI,2016,29.7
ETH,2011,28.3
DZA,2002,35.0
MWI,1995,35.3
TZA,2015,35.5
BWA,2001,38.3
SEN,1991,39.1
SOM,2012,36.5
ERI,2018,24.7
GAB,2004,37.8
ZWE,1999,34.9
SEN,2007,40.1
TZA,1996,36.2
GAB,2018,37.4
UGA,2007,35.2
SEN,1990,37.5
CMR,1992,33.4
LBR,2015,40.3
SEN,2003,41.4
CPV,2013,46.0
ZMB,2017,33.4
GAB,1991,37.1
NAM,2013,46.1
GNQ,2016,37.2
SOM,2001,37.2
NGA,2015,33.6
SDN,2016,43.7
MAR,2011,37.0
COG,1994,39.0
ETH,2009,28.3
MLI,2013,31.7
TCD,2017,38.3
NAM,2008,46.2
MAR,1999,35.9
DJI,1997,35.4
SWZ,2012,39.6
GHA,1998,37.7
BDI,1997,35.2
CIV,1997,35.4
MDG,1997,38.3
MWI,1990,34.7
AGO,2004,38.9
UGA,2014,34.0
ETH,2017,27.7
RWA,2014,32.1
ZMB,1999,35.9
BEN,2009,34.8
DZA,2012,35.1
BFA,2013,32.0
LBR,2019,37.4
STP,2017,42.9
GHA,1999,38.1
ETH,2000,26.2
LBR,2016,40.0
MUS,2014,34.4
GIN,1992,39.9
COG,2010,41.1
SYC,1991,48.3
MDG,2003,39.3
UGA,2008,35.3
RWA,2008,32.8
NAM,2007,45.3
GHA,2006,38.6
MWI,2013,34.5
EGY,2011,38.0
TCD,1993,37.3
CPV,2006,48.3
BDI,2015,34.3
ERI,2006,25.1
BFA,2001,32.5
GIN,2014,40.2
CPV,1993,41.7
MWI,2007,37.5
CAF,2000,39.5
NGA,2014,38.4
COM,2015,34.6
NER,1997,41.6
GAB,1997,36.5
GNB,2016,38.6
LBY,2004,45.9
ZWE,1998,34.7
MUS,1995,34.5
SLE,2000,41.9
CAF,2008,41.7
SYC,2018,46.4
MWI,2019,31.6
COG,2005,40.7
LBY,2015,43.6
LBY,2018,43.0
CIV,2004,40.3
GNB,2006,39.7
CMR,2006,35.3
GNQ,2015,37.4
NER,2017,41.3
MUS,2005,38.3
ZAF,2010,47.0
AGO,2009,40.1
GHA,2019,36.1
TGO,2016,35.1
STP,2015,46.0
COD,2018,35.5
SSD,2011,36.8
TZA,2006,38.0
CMR,2013,35.5
MAR,1997,38.7
TZA,1993,35.8
STP,2018,48.0
BDI,2004,36.7
SSD,2010,37.0
UGA,2005,34.8
NAM,2015,45.7
SOM,2014,39.5
LBY,2006,42.9
GHA,1995,36.9
CAF,1993,38.5
SLE,1994,39.8
SEN,2005,39.9
LBR,2001,39.9
DJI,1999,35.7
NAM,2014,43.8
GHA,2019,33.9
EGY,1998,37.1
TUN,2001,34.9
BWA,2002,42.3
GNB,2018,39.7
CPV,2007,44.8
TCD,2013,36.9
TGO,1995,35.8
SSD,1997,35.2
TCD,2012,41.2
COM,1995,34.3
LBY,2003,44.5
LSO,2015,40.5
COM,1996,34.4
ERI,1994,24.8
MAR,2002,36.3
NAM,2018,44.0
MAR,2017,36.3
ZMB,2012,36.2
AGO,2001,38.0
AGO,2018,38.8
BFA,2002,32.7
SDN,2001,39.6
SOM,1996,35.9
ZAF,1998,39.2
SOM,1993,36.3
SEN,2006,40.1
SEN,1994,38.8
NGA,2012,36.3
GNQ,1993,36.3
CAF,1992,39.8
ZMB,2018,32.9
UGA,2015,33.7
MAR,2008,38.5
RWA,2002,32.7
MAR,1995,37.1
GAB,2006,37.8
MWI,2006,37.2
CPV,2017,42.4
SYC,2014,46.6
ETH,1993,27.2
COG,1998,39.0
TCD,2001,39.6
BFA,1992,32.0
COM,2011,33.4
ERI,2006,25.5
SEN,1996,38.3
GIN,1998,41.1
GMB,2008,37.7
TGO,2009,37.5
MLI,2018,34.7
CIV,2003,36.5
COD,2008,33.6
TUN,1995,34.9
LSO,1997,41.8
ETH,2001,26.3
BWA,2007,47.7
ZWE,2003,45.7
TCD,2016,38.5
CMR,2010,35.8
ZWE,2001,44.9
CAF,2007,41.5
BFA,2007,33.2
GAB,1995,35.6
TZA,1996,37.2
UGA,2006,35.1
MAR,1995,38.5
TCD,2015,38.7
MOZ,2017,35.2
SWZ,2011,44.5
CIV,1993,36.9
BWA,2019,44.1
NAM,2016,45.5
ETH,1992,27.3
ERI,1992,25.2
ZMB,2009,35.8
LSO,2005,39.5
RWA,2018,28.9
CPV,1993,45.0
TGO,2016,37.6
SLE,2001,41.4
RWA,1993,31.7
COD,1996,32.4
MOZ,1994,37.6
MUS,2006,38.6
MOZ,1990,37.1
ERI,2004,25.1
TCD,1999,37.0
TGO,1991,35.5
GNQ,1995,37.7
CIV,2011,38.8
SLE,1992,38.8
SYC,1991,52.5
MOZ,2006,40.4
GAB,1992,35.5
COM,2017,33.9
ZMB,1994,34.4
MDG,2004,39.4
NGA,2011,34.4
GAB,2015,38.5
SOM,2012,38.1
LSO,1990,37.2
TCD,2010,37.7
MRT,2016,36.9
GIN,2016,41.6
GHA,2015,35.7
NER,2014,43.3
BDI,2007,36.7
MOZ,1998,36.8
MRT,1993,37.3
EGY,1997,36.8
MUS,2002,35.9
SWZ,1997,44.0
LBR,2018,39.6
SDN,2019,38.0
CIV,2010,37.7
DJI,2013,37.3
MLI,2004,32.4
BEN,1996,34.3
COM,1990,33.9
ETH,1997,26.9
SLE,2018,38.4
TUN,1991,38.7
COG,2006,40.5
NER,2004,44.0
ZAF,2003,41.5
SEN,1990,38.4
BFA,2009,33.0
CIV,1999,35.6
STP,2012,46.6
CIV,1998,37.5
TZA,1990,36.5
MUS,2008,36.1
MAR,2014,37.4
CMR,2009,36.0
BWA,2008,40.5
SSD,2014,34.6
LBR,2010,40.4
SWZ,2005,47.4
COD,2007,33.5
SWZ,1990,42.3
SEN,2016,43.0
BFA,2015,30.5
SYC,2004,48.0
SLE,2002,40.6
NGA,1998,36.2
BDI,2005,36.9
BDI,2017,34.9
SLE,1995,40.0
RWA,2011,31.9
COG,1996,38.6
SLE,1991,39.3
MLI,1992,34.1
GNQ,2000,37.7
SEN,2019,40.5
TZA,2018,33.8
GNQ,2003,38.3
BFA,1991,32.2
MUS,2013,36.1
SYC,2011,47.7
AGO,1995,37.1
GIN,1995,39.6
DJI,2007,37.5
MAR,2006,38.8
MRT,2006,39.6
KEN,2008,36.6
BEN,2003,35.3
GHA,2004,39.7
BDI,2017,33.4
TZA,2005,39.3
CIV,2015,38.0
GNB,1990,36.9
CPV,2012,47.8
SSD,2004,36.7
COD,2017,34.2
SYC,1992,52.4
CAF,2010,42.1
ZAF,2005,41.0
ZAF,1990,34.8
STP,2000,45.1
DZA,2008,39.9
DJI,2018,36.1
ZMB,1991,34.9
ERI,2018,23.8
COM,2006,34.3
DZA,2010,39.6
ZWE,1990,42.4
BFA,2006,33.2
NER,2019,40.4
DJI,2005,36.9
SDN,2007,42.7
NER,2003,43.8
ETH,2011,27.5
SLE,2017,41.3
TZA,2007,38.0
ZAF,2009,43.2
GIN,2010,43.8
SEN,1995,39.5
CAF,2003,40.3
DZA,2015,38.6
GIN,2000,41.2
NGA,2014,33.8
GHA,2003,36.7
BDI,1996,35.3
ZWE,1994,38.8
GHA,2009,36.5
TZA,2012,37.0
CIV,2010,40.2
AGO,1993,37.5
GNB,1990,37.1
MAR,2016,36.0
SDN,2008,41.0
GNQ,1993,37.0
TUN,1991,31.1
ETH,2004,27.5
CMR,2000,34.1
SDN,2012,40.4
ETH,1998,26.1
UGA,1997,33.6
NAM,2014,45.0
ERI,1990,26.0
CPV,2006,46.7
SEN,1993,37.9
GAB,1999,37.3
GAB,2011,37.7
ZWE,1998,39.7
ETH,2016,25.6
STP,2016,43.4
GAB,1990,35.5
GMB,2006,39.1
ZWE,2017,46.8
CMR,2011,36.7
MUS,2015,36.3
SWZ,1998,38.0
GNB,1995,37.4
SYC,2001,43.8
CPV,2013,47.5
ERI,1990,25.6
SWZ,2010,40.0
GNQ,2005,38.5
STP,1994,43.6
BWA,2004,46.5
ZAF,2002,42.2
LSO,1994,41.2
ETH,2017,29.9
CIV,2018,37.6
GHA,2014,38.0
SOM,1991,36.2
TCD,1994,38.2
GIN,1995,40.1
CIV,2014,38.2
SWZ,2015,48.1
ERI,2016,24.1
SYC,1997,43.4
SEN,1999,38.8
UGA,2001,34.5
COG,2006,40.9
DJI,2009,36.6
LBY,2017,43.2
SOM,2013,36.1
MOZ,2016,39.5
COD,2015,33.2
MDG,2011,38.7
TCD,1990,37.0
COG,2009,41.6
CIV,2017,37.7
BWA,1999,37.7
BWA,2018,40.4
BWA,1995,37.0
GNQ,1992,37.0
MAR,2010,37.1
TZA,1995,36.0
GAB,2018,38.7
NAM,1991,40.3
MDG,2006,39.6
COD,2016,34.1
MUS,2008,37.5
CMR,1994,33.2
NAM,2004,45.0
EGY,2004,34.0
SOM,2000,37.3
SSD,2005,36.6
ERI,2019,22.5
GMB,1995,37.1
BDI,2007,37.1
SWZ,2015,38.7
MRT,2006,39.0
LBR,1992,38.5
RWA,1990,31.7
MDG,1994,37.6
ETH,1994,27.6
ZAF,2001,39.9
NGA,2013,36.2
KEN,2007,37.3
MUS,1999,33.2
CPV,2001,43.5
MOZ,1996,36.6
CIV,2019,37.6
MUS,2000,35.1
MRT,1997,37.9
ZWE,2017,37.1
CAF,2001,39.7
LBR,2003,40.5
GIN,1999,41.0
CPV,2015,43.0
LBY,2007,42.8
GMB,1999,37.6
MDG,2016,36.3
TCD,1996,37.6
BWA,2015,44.6
ZAF,2019,43.8
ETH,1991,27.2
COD,1997,33.0
MWI,2002,37.2
ERI,2003,24.4
MDG,2006,41.2
CPV,2000,46.8
MUS,2004,38.0
MRT,1999,37.9
SEN,2015,38.5
DJI,2011,37.6
AGO,1997,37.3
STP,2009,47.6
LBY,2002,45.5
NER,2007,44.3
ERI,1996,24.6
GNQ,2008,39.0
MDG,2013,40.9
ERI,2017,24.7
GNQ,1992,36.2
ZAF,2012,43.7
ZAF,2014,43.8
COG,2018,41.5
BEN,2011,35.1
MOZ,1999,38.4
ZAF,2002,40.7
KEN,1991,34.8
CMR,1996,33.6
NER,2001,41.8
SWZ,2010,44.6
GAB,2017,36.4
SSD,2007,37.5
NGA,1992,35.1
NAM,1995,40.8
BFA,1997,32.5
UGA,1992,33.3
COD,2002,33.1
TUN,2009,33.0
UGA,1994,33.0
CPV,1990,41.1
SEN,1996,39.0
UGA,2003,34.8
RWA,1990,31.4
ETH,2014,28.0
CPV,2016,45.1
MWI,2003,37.3
MOZ,2011,37.6
MUS,2015,34.0
KEN,2000,35.8
MLI,2018,30.7
MDG,2006,40.5
GNB,2013,39.2
ERI,2016,23.3
CPV,2002,45.5
DZA,1990,33.7
CAF,2014,40.9
LSO,1994,31.5
EGY,2008,37.8
NGA,2019,39.0
LBR,1998,39.4
TZA,1992,35.7
ETH,1997,27.6
TZA,2010,39.6
MWI,1991,34.8
LBY,1990,41.8
SYC,1996,52.0
MDG,1991,37.5
SWZ,2018,37.7
COD,2011,34.3
TUN,2000,38.0
CAF,2011,42.2
LBY,1994,43.4
GIN,2003,41.2
RWA,1996,31.4
DJI,2011,36.9
BEN,1997,34.4
MRT,2013,40.2
CPV,1996,45.7
ZAF,1992,36.4
GNQ,2000,38.0
COM,2016,37.0
UGA,2008,35.0
MAR,2012,36.8
STP,2006,46.7
SOM,2019,38.6
GNB,1992,37.3
TGO,2018,34.5
COG,1996,39.5
DZA,1992,33.9
LBR,2005,41.0
KEN,2017,35.5
MLI,1995,34.1
BDI,1993,34.7
EGY,2016,34.9
MAR,2000,37.7
MWI,2006,37.8
SOM,2013,37.9
COM,2008,38.1
MRT,1991,36.8
DZA,1993,37.0
RWA,1999,32.4
RWA,1994,31.7
LSO,1997,37.2
KEN,2010,37.1
SYC,1993,48.1
GAB,1996,37.2
LBR,2008,40.7
MLI,1992,31.7
SOM,2009,37.3
BFA,2008,33.2
GHA,2010,36.1
CMR,2014,35.4
SLE,2005,41.2
CMR,2010,36.2
LBY,2010,46.3
LBR,1994,38.7
ZWE,1996,39.2
LSO,2005,44.8
MDG,2005,40.3
TGO,2003,37.0
NAM,2013,45.2
DZA,2016,36.6
BFA,1990,32.2
BFA,2002,32.9
SOM,2003,37.1
EGY,2010,41.6
CMR,1998,33.8
STP,2012,45.3
LBY,2004,44.6
SDN,1990,37.6
MLI,1999,31.9
LSO,2001,38.1
SLE,2011,44.3
SLE,1997,39.6
SSD,2004,36.5
SDN,2003,40.2
COD,1993,33.2
TGO,2014,37.7
ETH,2006,28.2
GMB,2014,38.5
AGO,1997,37.5
GHA,2002,37.9
BEN,2000,34.8
ZAF,2015,43.8
BFA,2011,32.5
GIN,1997,40.9
DJI,1995,35.2
ZWE,2001,40.7
COM,1992,34.9
SOM,2010,39.8
CMR,2004,34.5
GHA,1996,35.5
GIN,2015,39.8
COG,2019,41.5
COD,2012,34.4
BDI,2012,36.5
LBR,1995,38.9
LBY,1992,41.3
MLI,2008,35.7
TUN,1991,34.9
TUN,1993,38.6
SOM,2009,38.6
GHA,1999,37.2
CPV,2006,44.7
ETH,2005,27.3
ERI,1999,25.0
COD,1998,31.7
LSO,1998,31.7
AGO,1996,37.5
MOZ,1996,38.8
GMB,1997,38.2
ETH,1994,27.1
MRT,2016,38.6
MWI,2019,26.8
CAF,2006,42.1
MWI,2009,37.0
DZA,1993,34.0
GHA,2012,38.8
GNQ,1998,36.8
CIV,1993,38.3
COM,1998,35.7
SSD,2000,35.7
ERI,1997,24.4
SDN,1993,38.1
SWZ,2005,44.0
SEN,1994,39.4
MOZ,1994,38.5
LBY,1991,42.0
COG,1998,39.6
SOM,2006,37.5
MWI,2015,34.4
SSD,2002,36.2
SLE,2015,39.5
DZA,2003,37.8
RWA,2008,32.9
GHA,2018,31.9
RWA,1994,32.1
RWA,2014,30.6
STP,1995,43.5
CIV,2002,36.2
GHA,2003,38.2
MRT,1995,37.3
CIV,1997,37.4
MLI,2016,38.4
NAM,2006,45.0
TZA,1999,37.7
ERI,1992,25.7
STP,1998,44.3
CAF,2013,42.4
TCD,2006,38.0
NAM,2013,44.0
GAB,1993,37.1
TZA,1991,35.6
SOM,2018,33.9
LBR,2014,39.2
EGY,2006,34.0
SDN,1995,38.8
CAF,2013,41.9
CPV,1997,42.5
LBR,2001,40.0
CMR,2003,34.2
ZAF,2018,43.8
LSO,2015,32.7
EGY,1999,40.8
TUN,2012,35.9
MDG,2003,40.3
KEN,2013,36.1
GHA,2018,36.5
STP,2007,47.1
MUS,1994,31.3
ZMB,2001,36.4
COG,2018,40.0
LSO,1999,37.6
GIN,2000,40.6
GIN,2017,41.4
STP,2015,43.9
MUS,1990,30.0
SLE,1997,41.0
COG,1994,38.4
UGA,1994,33.7
COG,2000,39.7
CAF,1996,38.8
TUN,1990,38.7
UGA,2003,34.3
MAR,2004,37.8
RWA,1993,31.3
COM,1995,33.2
LSO,1998,42.1
CIV,2015,37.6
ZMB,2000,36.5
COM,2009,36.2
LBR,2013,39.5
DJI,2001,36.1
BWA,2012,44.8
COG,2017,41.6
EGY,1991,32.3
GIN,1993,40.1
KEN,1993,35.0
BFA,2016,32.0
BDI,2019,35.6
AGO,2013,37.8
BDI,2000,35.8
GMB,2006,40.5
UGA,2019,32.5
CMR,2002,34.2
CMR,2010,36.4
ZWE,2018,42.4
NGA,1997,35.2
SWZ,2006,47.8
CAF,1992,38.5
SEN,1990,39.1
RWA,2009,32.8
SDN,1993,38.3
SSD,2003,36.5
TGO,2008,37.6
CIV,1990,36.6
MAR,2008,37.4
BDI,1995,35.2
MOZ,2014,40.1
SWZ,2008,40.2
COM,2003,36.9
TGO,1996,35.9
GMB,1992,37.6
TGO,2011,36.6
SEN,2011,41.5
NAM,2007,46.0
MDG,1991,37.1
COG,2005,40.8
GNQ,2001,37.8
MWI,2018,27.8
GAB,1991,35.5
COD,2011,33.6
ERI,1998,25.6
SWZ,2016,38.3
EGY,2017,38.2
MLI,2008,38.5
GHA,2006,37.0
EGY,1992,38.3
EGY,2000,33.7
BEN,1990,33.9
BFA,2019,30.5
GHA,1992,36.1
LBR,2015,38.8
TGO,1992,35.7
GNB,1994,37.5
DJI,2006,37.3
SOM,1992,35.9
DZA,2004,35.1
ERI,2011,24.9
BDI,2016,36.5
NGA,2001,34.3
SYC,1999,51.6
ZMB,2005,37.9
DJI,2016,35.3
GHA,1994,35.3
GNQ,2003,37.9
TCD,2011,37.5
BDI,2009,37.1
DJI,1993,35.0
COM,2008,36.2
BFA,2018,31.8
TCD,2005,40.7
CPV,2010,48.2
COG,1990,37.9
NAM,2000,42.8
CPV,1991,42.5
MUS,2000,33.6
SLE,2008,42.9
BDI,2014,36.9
CMR,2001,34.0
MUS,1991,31.8
ETH,2018,30.0
TCD,2019,37.9
DJI,2003,36.5
CMR,2013,37.1
LBY,1998,43.6
MRT,2008,39.0
ERI,2002,25.0
AGO,1994,37.0
BFA,2014,30.9
GIN,2007,42.9
BDI,2019,32.5
MRT,2019,39.7
COD,2015,34.1
ERI,1995,24.7
TUN,2013,33.5
ZWE,2001,35.6
SEN,2014,38.8
TCD,2010,41.3
MUS,2006,35.9
CIV,1994,37.0
GMB,2004,38.7
BDI,2011,37.5
CAF,2008,42.2
KEN,1993,34.7
NER,2002,42.1
ZAF,2014,45.2
GHA,1998,35.9
RWA,1998,31.5
BWA,2010,44.8
TCD,2018,35.4
EGY,1999,37.3
NAM,2009,46.4
CAF,1996,41.2
TCD,2015,41.0
RWA,2011,32.4
MDG,2019,38.9
TUN,2009,34.6
DJI,1992,34.9
GMB,2018,40.3
SWZ,2016,47.9
MWI,2007,37.8
MRT,2012,38.2
RWA,1992,32.0
COM,1994,35.1
ZAF,2007,42.3
BWA,2003,38.9
BFA,2010,33.0
GHA,2014,36.1
TUN,2004,37.2
CMR,2016,35.2
TUN,2005,32.5
TGO,2019,34.3
LBY,2002,44.4
ERI,2005,24.6
TCD,2018,38.1
MAR,1993,38.2
COM,1998,34.6
COG,2007,40.6
NER,2007,43.9
SLE,1998,40.6
COG,2018,38.3
COM,2014,34.9
LBR,2012,41.9
COM,2018,36.5
ERI,2017,23.9
LBY,2007,46.3
SDN,2019,40.8
STP,1993,43.1
MRT,1993,37.4
LSO,1995,31.5
NER,1997,40.7
STP,2001,45.2
GNQ,2009,39.3
SOM,2002,37.4
TCD,2001,38.5
COG,1993,38.3
GIN,2013,42.3
SSD,1995,35.2
SDN,2010,40.8
TCD,1996,38.5
MWI,2000,36.9
SDN,1997,39.2
BDI,1990,34.7
COG,1995,39.4
SSD,1996,35.1
EGY,2010,37.9
SSD,2012,35.5
LBR,2013,40.7
SDN,1996,39.0
TUN,2017,34.7
MLI,1991,34.1
ETH,2002,27.8
EGY,2016,38.1
GAB,1993,36.4
ZWE,2015,47.1
CMR,1991,33.4
NAM,1997,42.0
COG,2012,40.9
STP,2010,47.7
LBY,2016,40.6
MDG,1997,38.1
TUN,2013,34.7
TCD,1990,36.1
ZAF,2010,45.4
MUS,2010,37.2
EGY,1993,32.7
BFA,2004,33.1
DJI,2002,36.3
SLE,2018,41.1
ZMB,2019,33.8
SLE,1991,39.8
NAM,2012,46.2
EGY,2009,34.0
BEN,1996,34.5
MUS,1997,35.3
SYC,1998,47.7
ZAF,2000,40.6
BEN,1995,34.2
GNB,1999,38.2
MOZ,1995,36.4
GIN,1993,39.8
CIV,1998,39.2
ZMB,2015,34.6
ZMB,2005,37.3
SSD,2014,37.1
ZMB,2004,37.6
NER,1999,42.8
GIN,2005,43.2
SSD,2002,36.3
ETH,1998,27.6
GMB,1993,37.7
ZAF,1991,36.0
CIV,2010,39.0
NGA,2008,38.0
TCD,1999,39.1
GMB,1992,36.8
TGO,1996,35.9
MRT,1996,37.5
STP,1991,42.9
ETH,2005,28.1
GHA,2010,37.9
BWA,2011,44.8
DJI,2001,36.0
GNB,1997,37.6
COM,1993,35.0
SLE,2012,42.5
MWI,1995,35.6
ZMB,2007,36.2
MUS,1998,34.3
EGY,2018,35.3
ZAF,2018,44.7
MAR,2015,37.1
TZA,2012,34.7
CPV,2010,44.5
MUS,2005,35.6
BFA,1993,32.2
TUN,1992,31.1
DZA,2018,37.7
MOZ,2000,39.8
LSO,2001,43.1
ERI,1993,26.0
TZA,2003,35.8
TGO,2015,35.5
LBY,1995,41.9
SSD,2000,35.8
MLI,2014,31.5
BDI,2010,37.6
ZAF,1995,37.6
MWI,2004,37.5
ZAF,1990,35.6
TZA,2019,35.4
MUS,2018,34.7
TGO,1996,35.8
GAB,1990,37.1
GIN,2007,41.8
TZA,2018,31.4
ETH,1998,26.8
GNQ,2012,38.9
COG,1995,39.1
COD,2016,33.0
BEN,2006,35.7
EGY,2000,41.1
UGA,1997,34.0
MDG,2000,39.0
DJI,2008,37.6
NGA,2011,36.3
MUS,2012,36.5
COM,2007,36.2
CMR,2018,36.7
TUN,1996,31.4
TCD,1998,37.9
ETH,2004,28.0
TGO,2006,37.5
SEN,1997,39.8
EGY,2003,34.0
MLI,2013,38.5
SOM,2019,36.1
BDI,2015,35.6
MAR,2019,35.6
CAF,2000,40.5
COM,2000,36.1
SWZ,1996,43.7
MUS,1992,30.6
GMB,2017,35.3
SOM,2011,36.8
CAF,1997,38.9
TZA,1993,36.8
GHA,2001,38.7
BFA,2000,32.4
LBR,2014,40.5
CMR,2008,35.7
MAR,2010,36.0
ZAF,1994,36.2
NER,1991,40.4
BEN,2019,28.9
SYC,1999,47.7
KEN,2012,37.3
GNQ,2016,38.4
ZWE,1995,34.0
AGO,1995,37.6
CAF,2003,41.1
CPV,2015,45.4
SOM,1998,36.9
BFA,2012,32.2
ERI,2005,25.6
GIN,2011,43.7
NGA,2004,37.3
LBY,2016,43.4
ZAF,1993,34.8
RWA,1992,31.3
AGO,1999,37.6
TGO,2005,37.3
NAM,2018,45.0
NGA,1993,35.1
SWZ,2001,38.8
TGO,2007,37.2
SEN,2005,42.0
SEN,2005,41.1
UGA,2018,34.1
UGA,2014,33.0
LBY,1992,42.3
MRT,2014,39.0
ZMB,2011,37.6
DZA,2012,39.3
SWZ,2017,38.0
RWA,2019,28.5
SSD,2019,34.2
NER,2008,44.0
COG,1990,38.6
GNB,1994,37.5
GAB,2005,37.2
SYC,1997,47.7
TCD,1994,37.4
MWI,2001,37.0
NAM,2001,42.4
ZAF,2012,45.4
SLE,2002,42.6
MDG,2016,38.2
DJI,2012,37.5
TUN,1998,38.3
TGO,2010,36.9
NAM,2012,45.3
ETH,2003,26.7
BDI,2004,36.7
DJI,1993,34.9
NGA,2006,37.7
EGY,2003,41.6
MOZ,2004,41.2
NGA,2005,37.5
ETH,1990,27.6
GAB,2008,38.0
GNB,1995,37.6
COG,2013,41.7
NER,2015,42.6
ZAF,2007,46.1
SYC,2008,44.9
LSO,1996,31.6
ZWE,1992,42.7
TZA,2008,36.0
MOZ,1996,37.8
TCD,2011,41.3
ZMB,2019,30.3
MWI,2001,36.8
COG,2000,39.9
SSD,1996,35.2
EGY,1994,39.1
NGA,1994,35.1
GNQ,2010,39.0
COD,2001,32.0
MWI,1994,35.1
TZA,2010,37.7
GAB,2019,36.0
CIV,2014,37.6
MUS,2010,38.4
GAB,2001,36.3
LBR,2009,41.3
CAF,1995,39.9
MOZ,2000,37.2
LBY,2019,39.4
TZA,1997,37.3
MDG,2002,39.6
COM,2006,37.7
EGY,2014,34.5
ZMB,1996,34.7
ZAF,2004,40.2
DZA,1995,37.2
GNB,2008,39.0
SDN,2018,41.0
ETH,1996,26.9
GNQ,1991,36.9
LSO,1994,37.1
ZMB,1995,34.5
NER,2005,44.2
ZWE,2005,36.9
MWI,2008,36.6
CAF,2002,41.7
TZA,2007,36.1
SLE,1999,40.9
TUN,2002,32.1
LBY,2013,46.2
SSD,2010,36.2
COG,1992,38.1
TCD,2014,36.6
MDG,2009,40.5
GHA,2000,38.4
BFA,2019,29.1
COG,1990,39.2
UGA,1999,33.9
GMB,2012,36.9
SOM,2019,33.4
LBR,2017,38.1
MWI,1997,36.3
GAB,1995,36.4
ZMB,1998,35.0
EGY,2013,34.4
MAR,2008,36.2
COD,2008,33.6
CIV,2012,39.5
ERI,1995,25.3
BFA,1991,32.0
CAF,2009,42.1
UGA,2006,35.0
BEN,1993,34.1
BFA,2005,33.0
ERI,2008,24.9
GMB,2016,35.7
GMB,2012,40.8
KEN,1998,35.6
CMR,2013,36.4
BDI,1992,34.9
MLI,2000,32.0
CAF,2009,42.1
NGA,2011,38.2
NER,1993,40.8
NAM,1995,41.2
CIV,1998,35.5
TZA,1993,34.5
UGA,2003,34.6
ZMB,1999,36.3
TUN,2012,33.4
SEN,2019,42.9
NGA,2009,34.7
GAB,1999,36.7
LBR,1991,38.4
ZWE,2010,43.4
MAR,1991,34.9
SYC,1996,43.4
TUN,1994,34.9
ZMB,1995,35.1
SDN,1997,39.0
RWA,1991,31.7
SDN,2005,40.6
SSD,2001,36.0
MRT,1999,38.3
DJI,2000,35.9
ZMB,2016,32.1
SEN,2004,41.7
BFA,2011,32.0
BEN,2012,34.9
DZA,2014,35.0
GHA,2015,33.5
SYC,2011,50.2
ZMB,2019,32.3
BEN,2015,34.1
BWA,2005,46.9
SEN,1991,38.4
CPV,2018,46.0
BEN,1997,34.4
SWZ,1993,40.2
GNB,2015,40.0
RWA,1995,32.1
SOM,1999,37.1
SEN,2019,37.3
ZMB,2008,36.0
MOZ,1992,36.0
CPV,2004,46.2
MDG,2012,39.8
SYC,2008,48.2
DJI,2008,36.7
MLI,1999,36.6
KEN,2002,36.5
LSO,2013,40.6
CAF,1991,40.9
TCD,2004,40.5
COG,1992,38.8
TGO,1997,35.9
CMR,2017,35.0
GNQ,1995,36.5
MAR,1994,38.3
ZWE,2010,47.6
AGO,2003,38.6
SOM,2008,37.5
GAB,2007,37.7
CPV,2005,44.5
CPV,2009,46.9
KEN,2008,37.3
ETH,1995,27.0
BEN,2018,31.6
GHA,2011,35.7
NGA,2001,36.7
COD,1992,33.3
CAF,2012,41.5
NAM,1994,41.2
MUS,1998,32.8
AGO,2011,39.3
EGY,2001,37.6
TCD,2019,35.1
ETH,2005,27.7
SDN,1998,39.0
ZAF,2016,44.8
GAB,2019,38.7
ZWE,2012,47.5
TUN,2019,34.7
MAR,2005,37.7
MUS,1991,30.3
TGO,2008,37.9
MRT,2010,39.7
GIN,2011,41.2
SEN,1997,39.2
SLE,2015,43.9
COM,1990,32.7
LBY,1997,43.4
GIN,2006,42.8
COM,1993,33.0
COD,1997,32.4
COM,2013,35.3
BFA,2009,33.1
MDG,2007,40.6
SSD,1998,35.5
DZA,1996,37.3
NER,2014,42.5
MLI,1991,36.1
ZWE,2011,47.6
MOZ,1997,36.7
COM,2014,37.5
COM,2004,35.8
ZMB,2016,34.0
MUS,2019,33.1
MDG,1991,37.3
BFA,1999,32.3
MDG,2008,40.6
NER,1992,40.6
SOM,2011,39.8
GMB,2006,37.7
BDI,2015,36.7
KEN,2006,37.6
SLE,2017,43.7
LBY,2001,42.9
DZA,2018,36.3
TUN,2018,34.7
BDI,1998,35.5
CAF,2018,41.4
ERI,1991,25.4
CPV,2017,44.7
MUS,2009,36.1
TZA,2006,39.5
MWI,1993,35.2
GNB,2018,36.3
NAM,1998,42.1
DJI,1992,34.8
STP,2018,42.4
SWZ,1993,37.1
MDG,2019,36.9
COM,1997,33.4
MWI,2011,36.8
TZA,1999,35.2
UGA,2009,35.2
GHA,2012,37.1
SSD,2016,36.7
MLI,1994,31.7
MOZ,1998,38.2
TZA,1992,34.4
COD,2019,35.7
BWA,1998,37.5
LBY,2002,43.0
LBR,1993,38.6
TCD,2003,40.2
GNQ,2018,39.8
MAR,2011,38.1
GNQ,2017,38.3
MRT,1992,37.3
COG,2016,40.3
ETH,2015,29.7
DZA,2003,40.6
SEN,1993,38.7
SWZ,2002,42.9
CAF,2009,41.9
LBR,1993,38.6
GMB,2009,39.2
MUS,2011,35.6
BWA,1993,36.7
TGO,2000,36.4
ETH,2009,28.0
CPV,2002,47.4
MDG,2017,35.8
BFA,2000,32.7
STP,2019,41.9
UGA,2004,34.8
MOZ,2012,37.3
ERI,1996,25.2
MDG,1990,37.1
BDI,1995,35.2
DJI,2004,36.6
MRT,1995,37.6
GNQ,2017,37.0
MLI,1997,36.3
BFA,1994,32.0
BWA,1990,39.1
MUS,1995,31.7
GMB,2001,38.0
MDG,2002,39.1
STP,2003,45.7
COM,2010,33.8
COG,1994,39.4
TGO,2018,36.1
MLI,1993,31.7
RWA,2012,31.5
TCD,1993,38.1
MLI,1997,34.2
MAR,1998,38.9
ZMB,1990,33.7
NGA,1998,34.1
GIN,2010,42.9
COG,2010,41.7
BWA,2006,39.9
NGA,2006,34.7
ETH,2004,26.9
UGA,1991,33.2
MAR,1997,37.4
MWI,1999,36.7
UGA,2018,32.8
SWZ,2010,48.6
SWZ,2000,45.1
MDG,2015,38.6
CMR,2009,36.2
NAM,2017,43.1
GNB,2009,38.9
GMB,2013,38.7
SWZ,2006,40.0
COM,2001,36.4
SSD,2015,35.6
COM,1991,34.9
NGA,2008,34.7
NER,1995,41.2
RWA,2001,32.6
TCD,1997,37.8
RWA,2000,31.8
DZA,1994,40.1
SSD,2002,36.2
SOM,2007,39.4
LBY,2006,44.6
ETH,2001,27.0
MLI,1995,36.2
TGO,2015,37.6
DZA,1993,39.9
SSD,2009,37.7
CMR,1991,33.4
ZAF,2000,39.2
BEN,2010,34.4
MDG,2013,39.4
GHA,2002,36.6
GNB,2015,37.2
GNB,1996,37.7
CMR,1993,33.3
BDI,2004,36.5
MWI,2012,35.2
RWA,2014,31.5
LBY,1996,44.0
SSD,2018,36.2
STP,2011,45.7
GAB,1996,36.5
STP,2019,45.1
MRT,1999,38.2
NER,2013,42.9
GHA,2003,39.4
BEN,1998,34.5
MRT,2002,38.8
SWZ,2003,46.5
ZAF,2001,38.2
LBY,2014,41.4
ZWE,2000,44.5
BWA,1991,41.8
SOM,2015,37.3
DJI,2017,36.4
MRT,2015,38.8
TGO,1994,35.7
SWZ,2004,39.6
CIV,1992,38.1
LBY,2000,45.0
TUN,2014,34.7
MOZ,2015,39.8
TGO,2010,37.9
COD,2013,34.6
LBY,2003,43.0
COD,2006,33.3
RWA,2005,32.6
SEN,1994,38.0
LBR,1999,39.5
GIN,2003,42.6
SWZ,2013,44.2
UGA,2017,33.1
CAF,2000,41.5
ZMB,1998,36.0
NGA,2014,36.2
MUS,2019,34.2
ZMB,2012,37.2
ZWE,2007,47.1
RWA,2003,32.6
TZA,2007,39.7
TUN,1996,34.9
BDI,2011,36.8
SEN,1999,39.5
ETH,1990,27.7
LBY,1990,42.3
RWA,2013,31.8
KEN,2004,36.9
TGO,2017,36.3
SDN,1994,38.5
TUN,1995,31.3
ZMB,2015,32.7
EGY,2002,37.8
DJI,2002,36.3
COM,2006,36.1
MUS,2011,38.1
LSO,1990,40.7
BEN,1999,34.7
CPV,2004,47.9
SSD,2008,37.2
EGY,1997,33.3
MAR,2015,35.4
CMR,2017,36.6
NER,2018,40.8
MRT,2010,38.7
GMB,2001,37.0
LBY,2013,41.7
SDN,1992,38.2
TGO,2010,37.5
NER,2011,43.6
ETH,2013,28.2
DZA,2013,39.1
CMR,2000,33.8
MOZ,2010,42.8
LBR,2013,41.8
MOZ,2006,42.0
MOZ,1995,38.6
BWA,2005,43.6
SWZ,1991,36.8
CMR,1998,33.2
MUS,2015,35.1
CAF,1993,41.0
CMR,1999,33.7
MLI,1990,36.1
ETH,2007,28.0
ZWE,2004,36.6
ZWE,1992,38.4
LSO,2000,37.8
ZAF,1992,34.5
NAM,1997,41.8
MRT,2010,40.4
MLI,2006,35.5
CPV,1995,43.5
AGO,2013,40.5
ZAF,1993,35.8
SEN,2009,41.6
TUN,2007,32.7
CIV,2016,38.1
SSD,1992,34.8
NGA,2005,34.7
MUS,1993,32.5
SWZ,2017,47.7
MDG,2015,40.3
BFA,1995,32.0
BEN,2001,34.9
GHA,2002,39.1
SYC,1994,48.0
DZA,2004,37.8
CAF,2007,41.9
COM,2003,34.1
LSO,2018,46.8
GNQ,2001,38.1
LBR,2011,42.0
RWA,1995,31.8
RWA,2005,32.9
KEN,2001,36.0
GNB,2003,39.1
SOM,1998,36.2
COD,1990,33.0
ERI,2011,24.9
DZA,2011,35.1
SDN,2010,43.5
LBR,2017,41.5
MOZ,2016,35.6
UGA,2010,35.0
GAB,2013,37.3
LSO,2009,46.3
BFA,2001,32.8
GMB,2013,40.7
MWI,1994,35.6
DZA,2008,37.5
GHA,2005,38.5
RWA,2004,32.8
KEN,1994,35.0
RWA,2019,30.9
MAR,2004,39.0
GIN,1998,40.7
ZMB,1991,34.4
TCD,2017,40.8
CPV,2019,41.7
GNB,1995,37.6
NER,2017,42.9
DJI,1991,34.8
SLE,1996,40.8
SDN,2016,41.4
CIV,1990,37.8
LBR,1992,38.5
UGA,2016,32.1
ETH,1992,27.0
LBR,2003,40.3
BDI,2012,35.6
TCD,1997,38.7
TUN,2010,36.1
NER,2017,42.1
TUN,1994,38.5
CMR,2001,33.7
NGA,1998,35.2
ETH,1999,26.1
SLE,1994,40.4
LSO,2009,40.5
SLE,2002,41.7
BWA,2019,47.0
MLI,1995,31.7
GNQ,2006,38.8
CIV,1996,38.8
ZWE,2002,35.9
TZA,2015,37.6
DJI,1996,35.1
LSO,2014,46.8
KEN,2003,36.7
COM,2014,32.2
MDG,2018,39.3
SOM,2011,38.3
COG,2006,41.0
GHA,2004,36.9
ZMB,2004,36.1
BEN,2000,35.0
CMR,1994,33.4
STP,2007,46.5
NAM,1996,41.7
BEN,1990,33.9
GHA,2017,34.7
GAB,2000,37.4
SSD,2001,36.0
MAR,1994,35.3
LBY,1994,42.8
ETH,2009,28.6
GIN,2008,41.7
DZA,2000,34.8
NGA,2010,36.4
GNB,1993,37.2
ZMB,2005,36.2
MWI,2017,31.2
TUN,2008,36.3
TUN,1997,31.5
NER,2001,43.3
ETH,2010,28.3
MUS,2010,35.9
UGA,2009,35.3
SDN,2005,41.9
CMR,2005,35.2
MUS,2017,35.2
COM,2001,33.8
SSD,2017,33.2
BWA,1996,43.1
DJI,2009,37.2
ERI,2013,24.9
KEN,1995,35.2
TGO,2012,36.4
COD,2010,33.7
MUS,2013,37.3
ZWE,2006,46.8
MOZ,2007,40.6
MAR,1996,37.3
SEN,2014,42.9
CPV,2009,44.7
MOZ,1995,37.7
NAM,2003,44.0
MWI,2015,32.9
GAB,2000,36.8
SDN,2000,39.7
KEN,2008,37.8
EGY,1992,35.5
SOM,1992,36.2
TGO,2002,36.7
SLE,2004,43.3
ERI,2001,24.3
ETH,2018,27.5
MWI,2011,35.9
SYC,2007,48.2
TZA,1997,35.0
LSO,1991,40.8
LSO,2012,33.1
GNB,2013,37.9
ETH,2014,29.6
RWA,1996,31.8
BWA,2013,40.7
AGO,1991,36.8
SYC,2017,47.0
NAM,2011,45.5
KEN,2010,37.7
SWZ,2001,45.5
MWI,2013,35.7
BEN,2000,34.9
LSO,1993,41.1
BDI,1993,35.0
CAF,1996,40.0
MRT,1992,37.2
MWI,2010,35.4
CMR,2012,36.9
DJI,1991,34.9
UGA,2008,35.2
CIV,2014,38.8
UGA,1998,33.3
TZA,2008,39.7
COM,1997,34.5
SYC,1994,43.5
LSO,2004,39.1
EGY,1993,35.8
DZA,2001,40.7
KEN,1990,34.7
STP,2004,46.1
LBY,1993,41.5
CMR,2000,33.5
DJI,1992,34.9
BFA,2006,33.0
MLI,2005,37.9
ZMB,2008,37.4
COG,2014,40.6
SEN,2018,42.9
TUN,2006,32.6
TGO,1998,36.1
NGA,1993,34.1
TCD,1999,38.1
ZAF,1997,36.1
ZMB,2000,36.2
COG,1997,39.6
BWA,2017,40.5
SDN,2016,39.1
BWA,2014,44.7
ZWE,2007,43.0
MWI,2008,37.7
SOM,2014,35.6
ZWE,1996,43.4
DZA,1999,40.6
KEN,2016,33.1
AGO,2008,39.9
BEN,1993,34.1
NER,2016,43.0
COD,2003,32.3
CAF,2012,42.0
DZA,2001,34.9
COM,2005,36.0
SOM,1999,36.8
SWZ,1997,41.1
BWA,2016,47.6
SLE,2003,40.8
CIV,2003,40.1
CMR,1999,33.3
MWI,1996,36.1
SDN,2015,39.4
CPV,2000,43.2
MDG,1998,38.3
AGO,1993,37.3
DZA,1992,39.8
GNQ,2016,39.8
ZMB,1992,34.6
SLE,1994,39.1
COG,2002,40.1
CAF,1990,38.4
NGA,2003,34.5
COM,1999,35.9
BEN,2007,35.7
NAM,1999,42.4
MWI,1993,35.4
MOZ,2009,40.8
RWA,2002,32.5
CMR,2003,34.7
COG,2017,40.1
SEN,2002,41.0
BDI,2018,33.0
MAR,2001,37.8
SDN,2015,41.6
GAB,1997,37.2
MUS,1997,32.4
SLE,2018,43.5
COM,2004,37.2
COM,2005,34.3
ERI,2002,24.3
COD,1995,32.5
RWA,2001,31.9
NGA,1999,35.3
RWA,2018,31.2
COM,2000,35.0
COD,1990,32.4
SSD,1993,34.8
BEN,2018,33.3
SEN,2009,42.8
SOM,2003,37.7
ZWE,1995,39.0
MWI,2012,33.7
CAF,1994,41.1
CPV,1990,44.3
ZAF,1994,35.1
TGO,2004,37.0
LBY,2001,44.2
STP,2002,45.6
ETH,2010,27.8
GMB,2015,40.5
SYC,2016,47.5
NAM,2006,45.7
EGY,2015,34.7
NAM,2007,44.2
TCD,1995,38.4
DJI,1999,35.6
DJI,1994,35.1
LSO,2003,38.8
SEN,2008,40.1
COG,2011,41.0
EGY,1998,40.5
SWZ,1992,42.7
GNB,2004,38.8
GIN,1990,38.8
MDG,1993,37.8
CIV,2000,39.5
RWA,1997,31.4
GNQ,1995,37.1
MAR,2005,36.4
KEN,2005,36.6
RWA,2015,30.2
ZAF,2013,45.3
GMB,2002,39.4
RWA,2015,31.1
LBY,2011,46.3
NER,2012,43.5
SLE,2013,42.3
ETH,2000,26.9
GMB,1998,36.6
BFA,1998,32.2
BFA,2018,29.4
NAM,2010,46.4
DZA,2017,38.0
BFA,1991,32.3
SOM,2006,38.3
BWA,2006,47.4
GMB,2011,37.2
COM,2007,34.3
MUS,2018,33.6
COM,2003,35.6
AGO,2016,40.7
SSD,2018,32.8
GIN,2019,40.9
GAB,2009,38.0
ZMB,2018,34.3
TZA,2004,37.7
MWI,2003,37.4
CAF,1993,39.8
CMR,1996,33.4
MRT,2003,38.6
SOM,1994,36.1
TZA,2006,36.1
GHA,2011,39.1
MRT,2012,40.3
EGY,2015,38.1
TCD,1991,37.1
EGY,2005,34.0
DZA,2013,35.0
UGA,1992,33.5
TUN,1998,34.9
TZA,2012,39.0
STP,1990,42.7
ZMB,2018,30.9
ZWE,2006,42.7
MDG,2017,39.6
SDN,2009,40.9
TUN,1990,31.0
MWI,2017,28.7
MLI,2015,38.4
SDN,2004,40.4
BFA,2015,32.1
LBR,2006,41.6
TCD,2015,36.3
AGO,1999,37.7
GAB,2005,37.6
CAF,1997,40.1
KEN,2007,36.7
TGO,2014,36.8
STP,1990,42.3
COD,2006,33.0
MRT,1993,37.1
TUN,2012,34.7
SDN,2015,43.7
GHA,1993,35.9
SEN,2004,40.8
UGA,2010,35.3
RWA,2000,32.5
ERI,2010,24.9
GMB,1998,37.5
GNQ,2014,38.7
COD,1993,32.7
MRT,2018,39.8
GNQ,1994,36.4
MWI,1998,36.5
ZAF,1998,36.5
COG,1991,38.7
BDI,1994,35.1
COM,1991,33.9
MDG,2018,35.2
MUS,1993,33.8
MUS,2016,34.6
GHA,1997,35.7
MWI,2018,32.3
LSO,1996,37.1
ZWE,2011,43.4
UGA,1998,34.1
BWA,2015,47.8
ZWE,2007,37.5
AGO,1990,36.7
GHA,2015,37.6
GHA,2013,36.6
MOZ,2010,40.7
MDG,2005,39.6
SOM,1994,36.4
STP,2008,47.0
STP,1998,44.0
SYC,1991,43.8
BDI,2002,36.2
DZA,2000,37.7
SDN,2000,39.4
CIV,2003,38.4
GHA,2005,37.0
CMR,1997,33.2
DJI,1997,35.5
BEN,2010,35.3
CAF,2018,39.7
SEN,1998,39.3
GMB,2016,38.1
MRT,2001,38.6
DZA,2004,40.5
LSO,1997,31.6
TCD,2000,38.3
MWI,1994,35.4
MDG,1999,39.0
CIV,2011,39.9
GMB,1996,37.2
MLI,2003,35.1
BWA,2014,48.0
MWI,2011,34.6
TGO,2009,37.9
LBR,1996,39.0
DZA,1991,39.7
ZWE,2008,37.7
LBR,2018,41.4
AGO,2015,40.6
EGY,2011,34.2
EGY,2006,37.9
ERI,2015,24.3
GMB,2003,39.7
STP,1995,43.2
ZMB,2001,36.8
LBY,1991,41.1
CPV,2014,43.4
SOM,2005,38.1
GMB,2005,38.9
MRT,2017,39.9
DZA,1995,40.2
MOZ,2004,37.9
DZA,1991,36.8
SOM,2016,39.2
MLI,2004,37.7
GMB,2004,37.5
MLI,2010,32.3
GIN,2016,39.4
CPV,2008,46.9
LSO,2011,40.6
SWZ,2005,39.8
SWZ,2013,39.3
TGO,2006,37.6
ZWE,2013,37.6
MUS,1996,32.0
MUS,1998,35.7
TGO,2011,37.3
ETH,2019,30.1
MUS,2012,35.3
KEN,2019,34.7
MOZ,2017,42.3
TUN,2008,34.6
COD,2017,35.3
BEN,2008,35.6
SOM,1992,35.4
SWZ,1996,37.6
AGO,2007,39.7
NAM,2003,44.5
SLE,2007,42.8
TUN,2001,32.0
EGY,2019,35.6
TCD,1992,38.0
CAF,2004,41.3
BEN,1992,34.0
RWA,2011,32.7
SOM,1997,36.7
GAB,2006,37.9
BDI,2008,37.2
BDI,2000,35.7
KEN,2010,36.1
SLE,2006,42.7
SSD,1996,35.3
SDN,2003,40.7
BWA,2016,40.5
BEN,2014,34.4
TCD,2014,41.1
LBY,2010,44.5
MLI,1993,36.1
SOM,2008,39.6
TUN,1998,31.6
MAR,2000,36.1
CPV,2011,44.3
LBR,2000,39.7
CIV,2015,38.4
DJI,2017,34.9
LBY,2008,44.6
COD,2011,34.0
SYC,2018,42.6
GNB,2007,39.8
GIN,1997,40.5
MAR,2004,36.4
COM,2004,34.2
LSO,2008,40.3
SSD,2018,34.6
MRT,2008,40.3
TGO,2001,36.6
GAB,2007,38.0
TZA,1998,37.5
BWA,1992,42.0
ZAF,1999,39.9
CIV,2009,40.4
SOM,1991,35.3
ZAF,2014,46.3
COM,1991,32.8
ETH,2016,29.8
NAM,2016,44.5
KEN,1992,34.8
CPV,1990,42.3
GNQ,2004,38.2
EGY,2010,34.1
GIN,2018,42.6
BEN,2011,34.0
MLI,2019,34.6
SYC,1993,43.6
CPV,2012,46.3
BDI,2009,37.6
KEN,1995,35.0
SSD,2013,35.1
MOZ,2011,42.9
STP,1997,44.3
MLI,2015,35.1
BDI,2016,35.3
BEN,1992,33.7
SOM,2012,39.8
GAB,2014,38.5
NER,2008,44.3
COG,2012,39.9
LBY,2012,42.0
TGO,1991,35.6
COD,2010,34.1
BWA,2000,41.5
ZWE,2010,37.8
MAR,2009,38.4
COM,2011,38.1
SWZ,2014,43.9
AGO,2007,39.1
CMR,2012,35.6
BDI,1994,34.8
ETH,2019,24.5
GNQ,2018,36.8
COG,1999,39.7
ZWE,2004,46.1
CAF,2019,42.8
DZA,2005,35.2
LBR,1990,38.2
ZMB,2015,35.9
DZA,1991,33.8
CAF,1994,38.6
CIV,2000,35.8
STP,1996,43.5
LSO,2010,33.3
KEN,2009,37.8
NGA,2018,36.1
STP,1993,43.4
DJI,2015,36.9
BFA,2017,31.9
GNB,2001,38.7
ETH,2002,27.1
COD,2014,34.1
SYC,2013,49.2
CAF,2015,41.7
BDI,2005,36.6
RWA,2012,32.1
MAR,1995,35.5
CPV,2019,45.7
GIN,2012,40.9
GIN,2009,41.6
LBR,2001,40.2
TGO,1995,35.7
MOZ,2016,42.4
MWI,2009,37.5
EGY,2013,38.1
DJI,1996,35.4
MLI,2012,35.4
AGO,2017,40.7
ERI,2000,25.6
MOZ,1997,39.0
ETH,2015,27.9
GAB,2004,37.0
NER,2007,43.6
SLE,2013,44.1
ERI,2002,25.5
SEN,2013,42.9
BFA,2014,32.3
COG,2009,41.1
KEN,1990,34.5
LSO,2019,40.1
GNQ,2013,38.8
BDI,2002,36.2
MLI,1996,31.7
GMB,1996,36.4
LBR,2019,39.4
ZMB,1992,34.0
GIN,2008,43.0
BWA,1993,42.3
SEN,2013,39.1
KEN,2002,36.6
CAF,2001,41.6
COM,2019,30.0
ZWE,1997,43.6
MUS,1993,31.0
MAR,1991,36.5
MOZ,1991,37.2
MOZ,1999,37.0
KEN,2018,35.1
NER,2009,43.9
ZWE,2000,35.2
STP,2016,47.9
SYC,2000,47.7
SLE,2011,40.8
LBR,2009,42.0
GIN,2011,42.8
ZMB,2013,35.7
MRT,2019,37.9
MUS,2008,38.7
ERI,2007,25.5
KEN,2004,37.1
GIN,2010,41.4
SDN,1992,38.4
DZA,2009,37.4
GNQ,2019,39.9
BFA,2007,33.2
EGY,1990,35.0
GNQ,1997,37.3
CIV,2006,39.0
SWZ,1991,42.5
ZMB,2014,35.1
MOZ,2003,39.5
DJI,2005,37.1
SDN,1997,38.8
MOZ,2000,38.6
COG,2004,40.5
UGA,2005,35.0
KEN,2005,37.4
MOZ,2009,38.1
MLI,1996,36.3
SDN,1993,38.5
BEN,2010,35.1
GAB,2015,36.9
TUN,2019,34.5
MDG,2014,39.0
LSO,2007,45.6
SOM,2006,39.1
ZAF,2007,44.4
BDI,2003,36.5
MDG,2010,41.5
MOZ,1992,37.3
SDN,2014,43.7
UGA,1998,33.8
EGY,1996,36.6
BDI,2012,37.3
LSO,2002,43.5
GMB,1997,37.3
SWZ,2007,40.2
NAM,1998,41.5
STP,1993,42.8
KEN,2009,37.3
LSO,1992,37.1
MOZ,2001,37.4
MRT,2009,38.9
MOZ,2001,38.9
SOM,1995,36.5
COM,2001,35.2
AGO,1998,37.7
SDN,1999,39.4
COG,2011,40.1
ZAF,2017,43.8
BFA,1993,32.3
GAB,2012,38.0
UGA,1990,32.9
MAR,2009,37.3
TUN,2017,35.2
ETH,2018,24.9
LSO,2013,46.8
GNB,1991,37.1
GNB,2016,39.9
ZAF,2006,41.6
MDG,1997,38.6
LBR,2016,38.5
SLE,2004,42.3
GNQ,1997,36.7
GAB,2000,36.1
KEN,2012,36.5
TGO,2000,36.3
AGO,1995,37.4
CAF,2001,40.7
COM,1998,33.4
AGO,2010,38.4
NAM,2008,44.4
EGY,1995,33.0
SYC,2013,47.0
LBR,2005,41.4
GNB,2009,40.4
MLI,1993,34.1
CIV,2008,37.5
CMR,1995,33.2
MOZ,2003,40.9
SYC,2017,42.9
RWA,1996,32.2
BFA,1997,32.1
RWA,1991,31.9
TGO,2000,36.4
GIN,2018,38.7
ERI,2014,24.9
MAR,2018,36.0
TGO,2019,36.0
SSD,1991,34.7
MDG,1990,37.4
COD,1991,33.4
LSO,2007,40.1
GNQ,2013,39.7
TGO,2002,36.8
SWZ,1996,40.9
ZWE,2012,37.7
UGA,2012,34.6
BDI,2010,37.0
DZA,2017,36.5
NAM,1994,40.6
KEN,2016,34.7
SOM,2017,36.7
TUN,1999,31.7
MUS,1994,32.8
SEN,2010,42.9
SLE,2000,41.1
GNQ,2014,37.7
GHA,2013,38.4
MWI,2004,37.5
ZMB,1994,34.9
GIN,1992,39.6
COG,2011,41.7
ZWE,1991,42.6
EGY,2003,37.9
COD,2000,33.0
GAB,2015,37.7
ERI,2011,24.7
SSD,2005,36.9
GAB,2003,37.7
ZAF,2019,44.1
SOM,2004,37.9
SDN,2000,40.0
GMB,1992,36.0
AGO,2002,38.2
DZA,2010,35.1
DJI,1996,35.3
STP,2001,45.4
MRT,2014,37.6
SYC,2019,44.3
COD,2001,32.5
MLI,2001,34.7
LBY,2003,45.7
AGO,2014,39.1
ZWE,2009,47.5
EGY,2012,34.3
MDG,2001,38.9
TZA,2004,36.0
ERI,2000,24.3
GIN,2012,43.6
NER,2006,44.3
BFA,2010,32.8
CMR,1997,33.5
MUS,2004,35.3
MOZ,2017,39.2
CPV,2001,47.1
BWA,1996,37.1
ZMB,2017,31.5
GNB,2007,39.0
LBR,2006,41.2
SWZ,2012,44.4
MLI,2007,35.6
CAF,1998,41.3
TGO,2008,37.2
SDN,2001,40.0
MRT,2007,39.1
KEN,2001,36.3
ERI,2008,25.3
STP,2013,47.8
MLI,2017,34.8
TGO,2012,37.2
GNB,2010,38.7
LBR,2015,41.7
CPV,1991,41.3
SYC,1997,51.8
COM,2005,37.5
STP,2011,47.7
ETH,1995,26.5
GAB,1998,36.6
COD,2018,34.2
ETH,2011,29.1
RWA,1997,31.9
CAF,2008,42.0
CMR,1997,33.7
MOZ,2005,38.1
BDI,1996,35.3
BEN,1998,34.7
DJI,2001,36.1
BEN,2007,35.7
BDI,1994,35.1
SYC,2010,44.8
ZWE,1990,38.1
GHA,2010,39.5
MLI,2002,34.9
CMR,1994,33.4
ZWE,1999,44.2
CAF,2017,40.0
COD,2005,33.1
MRT,1994,37.5
COG,2015,39.1
GIN,1995,40.5
DZA,2007,35.2
BDI,2018,35.9
NAM,2016,43.3
GNB,2002,39.0
NAM,2009,45.5
NER,1992,41.3
ERI,1999,24.3
BWA,2004,39.3
LBY,2000,44.0
CIV,1994,38.5
BWA,1999,44.1
GMB,1996,38.1
LSO,2007,33.3
BFA,2001,32.8
NGA,2000,36.5
NGA,2000,34.2
MDG,2016,40.0
CPV,2000,44.9
UGA,2001,33.8
SOM,2004,37.3
GHA,2018,34.3
COG,2003,40.2
SYC,1992,43.7
SOM,2018,36.4
MUS,2002,34.5
BEN,1994,34.2
TUN,2014,35.7
MWI,2006,37.6
COM,2011,35.8
LBR,1995,38.9
MAR,1993,36.8
RWA,1994,31.4
NER,2018,41.8
TZA,2013,36.5
MDG,2005,41.0
LBY,1991,42.6
SYC,2015,43.6
TGO,1993,35.7
DZA,1999,34.6
TZA,2002,37.2
BDI,2008,37.5
NGA,1992,35.9
NER,2012,43.3
SDN,2008,42.0
ZAF,2008,44.9
COD,2003,33.2
LBY,2011,42.2
TZA,2002,35.7
EGY,2014,38.1
CIV,2004,36.7
GHA,2011,37.5
BWA,2009,48.2
STP,2005,46.5
ZWE,2009,37.8
DJI,1991,34.8
MLI,2019,30.5
GNB,2017,38.4
LBY,2014,43.8
ZWE,2008,43.2
UGA,1993,33.6
CMR,2008,35.8
EGY,2009,41.5
NGA,1991,34.1
BWA,2008,44.6
BDI,2014,35.9
GNB,2011,38.5
BDI,1991,34.8
TUN,2008,32.8
MAR,2014,35.5
NAM,2006,44.0
COD,2010,33.9
BEN,2002,35.1
AGO,2006,39.4
EGY,2011,41.6
MWI,2019,29.5
SSD,2003,36.5
LBY,1996,43.2
DJI,1995,35.0
NER,2004,43.4
AGO,2010,39.3
TUN,2006,34.7
AGO,2004,38.3
TCD,2007,41.1
NER,2011,43.7
LBR,2011,40.2
RWA,1993,32.0
STP,2010,46.9
SOM,2007,38.5
BDI,2016,33.8
ERI,2014,23.8
BWA,1994,42.5
CPV,2010,46.8
SSD,1995,35.0
ZWE,2009,43.4
LBY,2010,42.4
ZMB,1992,35.0
GNB,1999,38.2
GNB,2000,38.4
SOM,2002,37.9
COM,2009,38.2
BDI,1996,35.0
TZA,2002,38.5
GIN,1992,39.1
BEN,1991,33.6
COG,1991,39.2
CPV,1996,42.3
EGY,2000,37.5
KEN,2005,37.1
BEN,2006,35.4
DZA,2002,37.8
LBR,1994,38.7
KEN,2014,35.7
MDG,1996,38.3
MWI,1995,35.9
COM,2019,33.2
DZA,1990,36.7
SYC,2002,51.6
EGY,2001,33.8
COG,2004,40.5
SLE,2005,42.5
DZA,1990,39.6
ZMB,1999,35.2
COD,2000,31.8
TZA,2014,38.1
BWA,2018,47.2
RWA,2003,32.3
LBR,1996,39.0
TZA,1991,34.2
SEN,2009,40.0
GNQ,2011,39.0
ZAF,2016,45.5
SYC,2007,51.4
ZWE,2015,42.9
GMB,1997,36.5
NAM,2009,44.4
MOZ,2011,40.6
BDI,2018,34.6
SSD,1994,35.0
SWZ,2007,44.5
GNB,1998,38.0
UGA,2019,30.9
SWZ,1995,37.4
NER,1991,41.1
ETH,2013,26.8
SDN,1996,38.8
NER,1993,39.9
AGO,1996,37.6
SWZ,2009,48.5
DZA,2009,35.1
SOM,2016,34.7
MLI,1991,31.7
DJI,2010,36.3
TZA,2001,35.5
MUS,2003,37.7
AGO,2003,38.4
MLI,2005,35.4
SLE,2010,42.8
MDG,2018,37.3
KEN,2013,34.8
ZWE,2008,47.4
GIN,2016,43.0
BEN,1995,34.3
GMB,2009,40.9
SYC,2010,47.9
RWA,1999,31.6
AGO,1994,37.5
COD,2004,32.5
LBY,1999,43.8
LSO,1991,31.4
KEN,2003,36.4
CAF,1999,40.4
ERI,2004,24.5
CMR,2019,34.8
SDN,1996,38.6
EGY,1991,35.3
GIN,2009,43.8
SSD,1998,35.3
CIV,2013,39.2
NER,1996,41.4
ETH,1999,27.6
DJI,2019,32.7
NER,2006,43.8
CMR,2016,37.9
NER,2016,41.7
CIV,1993,35.2
SSD,2013,37.3
AGO,1996,37.2
ZAF,1999,37.0
CAF,1998,39.1
COM,2012,35.6
LSO,2011,33.2
TUN,2019,34.8
MAR,1990,34.8
NGA,1995,35.1
ZAF,2015,45.0
NER,1996,42.1
LBY,2013,44.0
LSO,2008,46.0
CMR,1993,33.4
GNB,1994,37.3
GAB,1998,35.8
BEN,2013,33.9
MWI,2012,36.3
CAF,2011,42.1
NGA,1996,36.1
BDI,1999,35.7
SLE,1993,39.6
ZAF,2004,42.3
GNQ,1998,37.8
MDG,2008,39.6
SWZ,2018,47.5
UGA,2010,34.6
SLE,2008,41.3
COG,2015,40.5
LBY,2017,46.0
BWA,1997,40.6
SYC,1993,52.3
DZA,1994,37.1
BFA,2004,33.0
DZA,1996,34.3
TZA,1990,35.5
MOZ,2001,40.1
UGA,1996,33.9
CAF,2019,41.3
CAF,2005,41.5
GNQ,2009,38.6
TZA,2003,37.4
UGA,2002,34.7
TUN,2017,34.1
BEN,2013,32.8
DZA,1999,37.6
SDN,1995,38.7
GMB,2012,38.8
CAF,2013,41.2
SWZ,1999,41.8
TZA,1995,34.7
LBR,2000,39.8
MAR,1996,38.6
CMR,2015,36.5
CMR,2002,33.9
CMR,2007,35.5
MUS,2000,36.5
UGA,2015,34.7
SOM,2002,36.9
MUS,2004,36.7
LBY,2004,43.0
SDN,2013,42.0
DJI,2016,34.0
CMR,2003,34.5
RWA,2006,32.8
LBR,2002,40.1
LSO,1998,37.4
COM,2018,33.5
ZWE,2004,42.0
CPV,1997,44.0
GNB,2004,39.5
LBR,2018,37.8
GAB,2009,38.1
NGA,2019,36.1
GAB,2013,38.4
MAR,1992,36.7
SWZ,2007,48.1
GNB,1999,37.9
GNQ,2015,39.8
MDG,1992,37.7
MLI,2010,35.6
NER,2019,41.5
MOZ,1991,35.9
SLE,2014,39.8
TUN,2010,33.1
EGY,2015,41.4
UGA,2019,33.9
EGY,2002,41.5
CPV,2018,44.4
COM,2018,30.4
BFA,2013,32.4
MAR,2003,37.8
MAR,1992,38.0
ZMB,1995,35.5
LSO,1993,31.5
DZA,2002,40.7
KEN,2003,36.8
COM,1994,34.2
TUN,2007,34.6
SDN,1998,39.2
GNQ,2010,38.5
SEN,2012,41.4
ZWE,1991,38.2
MLI,2017,38.4
RWA,2004,32.9
CPV,2003,47.7
SSD,2001,36.0
GIN,2012,42.6
SDN,1990,38.2
MLI,1998,31.8
MOZ,2018,34.7
SOM,2008,38.6
GNQ,2004,38.4
COM,2016,34.2
COM,1996,35.3
MWI,2007,36.9
MWI,2016,32.0
KEN,1994,35.0
NER,2005,43.1
ERI,1996,25.8
CMR,1990,33.4
LBR,2000,39.9
MWI,2014,35.1
BWA,2003,46.0
ZAF,2006,45.5
EGY,2019,40.7
BEN,1998,34.6
NGA,2009,38.1
NER,1999,42.0
GIN,2002,42.2
TZA,1997,36.3
EGY,2005,41.6
MWI,2017,33.0
NAM,1999,41.8
COM,2017,36.7
GMB,1990,35.8
RWA,2007,32.9
KEN,1997,35.4
GNB,2017,39.8
EGY,2017,41.1
NER,1998,42.6
SWZ,2003,43.3
MRT,2014,40.1
MLI,2009,32.5
MUS,2017,34.1
ZMB,2009,37.2
SWZ,1999,44.7
RWA,2002,32.1
BEN,2003,35.3
SEN,2007,42.5
CMR,2006,35.2
MOZ,2007,38.3
ERI,2007,24.8
SWZ,2000,42.1
BDI,1991,34.6
LBR,1998,39.4
BWA,2001,45.0
STP,2008,46.5
TCD,2009,37.9
MDG,2001,39.7
ZMB,2013,33.9
NAM,2018,42.8
SYC,2012,44.4
TZA,2011,37.4
STP,2000,44.6
GHA,2014,34.1
MRT,1998,37.7
MOZ,2002,37.6
NGA,2016,38.6
BWA,1993,39.7
AGO,2012,38.1
ZWE,1990,33.2
CIV,1990,35.1
SYC,1990,48.4
LSO,2010,46.5
GHA,1997,36.7
KEN,2000,36.0
MRT,2003,39.3
AGO,2007,38.5
COD,2016,35.2
SSD,2013,36.3
MWI,1991,34.6
SDN,1991,37.7
SOM,2001,36.7
ETH,1995,27.6
SSD,2012,37.5
BWA,1997,43.4
GNB,2012,40.3
CIV,2004,38.6
ZMB,2007,37.4
MWI,2003,37.3
MOZ,2007,42.3
BFA,1994,32.4
TZA,1998,35.1
COD,1998,33.0
GNQ,2000,37.2
GHA,1999,36.0
DZA,1997,37.4
MLI,1998,34.3
GHA,2019,31.4
CMR,2019,38.6
GHA,2016,37.2
AGO,2018,36.7
BDI,2009,36.5
MLI,1998,36.5
ZMB,2009,38.1
NAM,1998,42.4
MOZ,1994,36.3
CPV,1996,43.7
NAM,2000,43.2
CAF,2005,40.9
ERI,2016,24.8
SLE,2019,40.8
TGO,1998,36.1
MUS,2003,34.9
BWA,2002,45.5
EGY,1997,40.1
GNB,2003,39.3
TZA,2011,35.1
DJI,2018,34.6
DJI,1998,35.4
ETH,2007,28.1
LBY,2008,42.6
GMB,2019,34.7
ZMB,1990,34.3
SYC,2004,44.4
CIV,2016,37.8
GNB,2002,38.4
MOZ,2009,42.7
MAR,2005,38.9
AGO,2002,38.3
SYC,2002,44.0
NER,2015,42.1
BWA,2014,40.7
BEN,2004,35.4
TGO,1990,35.5
MDG,1995,37.8
ZWE,2016,47.0
SSD,1991,34.7
STP,2009,47.0
CMR,2015,37.6
TZA,1996,34.8
SOM,1994,35.7
UGA,1993,33.3
ZWE,2014,47.3
BFA,1997,32.4
MLI,2009,35.7
GNB,2009,39.8
TGO,1993,35.6
BFA,2003,33.0
GHA,2001,36.4
NGA,1995,34.0
ZAF,2005,43.0
MOZ,2012,42.9
GAB,1996,35.6
SEN,2000,40.5
ZMB,1998,35.7
KEN,2015,36.4
MOZ,2018,38.9
SWZ,1994,43.2
BDI,2006,37.0
NAM,1990,40.2
RWA,2019,29.8
NER,2010,44.0
GHA,1992,35.7
MAR,2015,36.2
MDG,1996,38.1
ETH,1991,27.4
AGO,2012,40.5
SWZ,2016,43.4
SYC,2010,50.6
MWI,1999,36.2
TCD,1991,36.1
SLE,1999,40.0
BEN,2016,32.6
AGO,2015,39.1
COG,1995,38.5
UGA,1993,32.9
NGA,2002,36.9
SYC,2014,48.7
CMR,2017,38.1
COM,2012,33.1
MWI,1992,34.8
TGO,2005,37.1
ZAF,2015,45.9
SDN,2018,43.5
GNQ,2007,38.6
STP,2009,46.3
LBR,1991,38.3
SSD,1995,35.1
LBY,1996,42.1
SEN,2013,41.3
STP,1995,43.8
ERI,2009,25.2
DZA,2001,37.8
GHA,2006,39.9
TGO,2013,36.1
CIV,2006,37.2
NGA,2017,33.3
ZAF,1996,37.0
MUS,2003,36.3
MRT,2009,40.4
ZAF,2008,46.6
GMB,2019,37.6
NER,2000,41.5
NGA,2013,38.3
ERI,2019,23.7
RWA,2018,30.2
UGA,2006,35.1
GIN,1991,39.8
KEN,1991,34.4
SYC,1998,51.7
SYC,1990,52.6
TZA,2019,30.9
SEN,2015,41.0
GNQ,1996,37.2
ETH,1999,26.9
NER,1995,40.3
TCD,2016,40.9
STP,2014,46.2
MAR,1999,37.6
SLE,2001,42.2
SLE,2008,44.3
LSO,2014,40.5
ZAF,2019,44.3
SOM,2004,38.5
UGA,1992,32.9
AGO,2014,40.6
MDG,1995,38.0
MWI,2014,33.7
MRT,1994,37.2
TZA,1999,36.6
BWA,2012,40.7
BEN,2014,32.2
TCD,1998,36.8
SSD,1992,34.7
STP,2008,47.4
GHA,1993,35.1
ERI,2000,24.9
GMB,2015,36.0
DZA,1996,40.3
SYC,2019,42.3
NAM,2010,45.5
DJI,1997,35.2
MAR,2002,39.1
ETH,2013,29.4
ERI,2010,24.9
LBY,2014,46.1
GNQ,2002,38.2
SDN,2017,38.7
COD,1990,33.5
GNB,2004,39.3
RWA,2009,32.9
AGO,2019,36.5
GMB,2004,40.0
GNB,2006,40.0
SEN,2014,41.1
BFA,2012,32.6
ZWE,2018,37.0
MUS,2007,36.0
GMB,2017,40.4
BEN,1993,33.9
LBY,2018,46.0
ZAF,2008,42.8
MLI,1990,31.7
SYC,1992,48.2
NAM,2002,44.1
AGO,2001,38.1
CIV,2012,37.7
LSO,2019,46.8
TCD,2011,39.5
SLE,1998,39.8
RWA,2017,31.4
BEN,2017,33.6
NAM,2004,44.4
MLI,1992,36.1
TCD,2007,38.0
TCD,1998,38.8
NER,2011,43.6
TZA,2001,38.2
MAR,2013,37.7
MDG,1992,37.2
BEN,1997,34.6
UGA,2013,33.5
COD,2015,35.0
BEN,2011,34.7
NER,2013,43.1
STP,1992,42.6
SOM,1993,36.0
UGA,1994,33.4
ZMB,2010,37.0
MLI,2001,32.0
NAM,2001,43.6
SSD,1997,35.4
DJI,1995,35.2
SYC,2012,47.3
ZMB,1993,34.2
KEN,2012,35.3
ERI,2004,25.6
LBR,2012,40.9
COD,1998,32.4
SWZ,1994,40.4
GNB,2011,40.3
DZA,2014,38.9
MAR,1993,35.2
COM,2013,32.7
NGA,2013,34.0
KEN,2011,35.7
GNB,1996,37.5
SWZ,2004,46.9
NGA,2009,36.4
DZA,1998,37.5
MOZ,1990,35.8
GMB,2016,40.4
SSD,2012,36.6
TGO,1999,36.2
SYC,2003,51.6
GHA,1993,36.4
RWA,1992,31.7
EGY,1994,32.8
MOZ,2003,37.8
TCD,2000,39.3
BEN,2014,33.5
SYC,2003,44.2
DZA,2015,36.8
CIV,2008,40.5
TUN,1997,34.9
RWA,2013,31.1
STP,1992,43.1
SWZ,2004,43.7
LSO,1999,31.9
MRT,2011,39.5
MRT,2018,36.2
